channel,channel_id,subscribers,video_id,title,published,views,ratio,duration,duration_sec,is_short,source_tab,threshold,passed,url,thumbnail_url
僕たちの洗車旅。,UCBHG2P_CcPLCQkFQROGxjLA,23000,HFtDuu5fq5s,【洗車拒否】20代女子の放置プリウスを勝手に洗車したらヤバい事になった,2026-05-30,699245,30.4020,32:31,1951,0,video,2.0,1,https://www.youtube.com/watch?v=HFtDuu5fq5s,https://i.ytimg.com/vi/HFtDuu5fq5s/hqdefault.jpg
センスアールのRYUYA,UCXCy0fYOsvGFDSOHXJX4JUw,27500,I_e7NkZZrwc,【プロ直伝】9割が知らないコメリ水垢剤「赤と青」の本当の使い分け！間違えると逆効果になります,2026-07-13,616864,22.4314,9:36,576,0,video,2.0,1,https://www.youtube.com/watch?v=I_e7NkZZrwc,https://i.ytimg.com/vi/I_e7NkZZrwc/hqdefault.jpg
センスアールのRYUYA,UCXCy0fYOsvGFDSOHXJX4JUw,27500,68jpS-PJK08,【コメリ新作】削らず“埋めて消す”傷消しポリマーが想像以上…プロが実演レビュー,2026-06-18,574902,20.9055,16:54,1014,0,video,2.0,1,https://www.youtube.com/watch?v=68jpS-PJK08,https://i.ytimg.com/vi/68jpS-PJK08/hqdefault.jpg
WAX-WASH,UClwYG24hyQ2fUcCMyXNxRpg,160000,8crLJgzhdmY,洗車屋がやっている拭き上げの順番,2025-12-27,1933202,12.0825,,,1,short,1.0,1,https://www.youtube.com/watch?v=8crLJgzhdmY,https://i.ytimg.com/vi/8crLJgzhdmY/hqdefault.jpg
センスアールのRYUYA,UCXCy0fYOsvGFDSOHXJX4JUw,27500,-PBodPFRM0Q,【本音レビュー】キーパーコーティングって実際どうなの？プロが正直に語ります。,2025-09-27,304647,11.0781,18:00,1080,0,video,2.0,1,https://www.youtube.com/watch?v=-PBodPFRM0Q,https://i.ytimg.com/vi/-PBodPFRM0Q/hqdefault.jpg
センスアールのRYUYA,UCXCy0fYOsvGFDSOHXJX4JUw,27500,rB8h_2SoxgQ,【初心者必見】そのホイールの洗い方、間違ってます！プロ直伝の手順とは,2026-04-07,272276,9.9009,20:58,1258,0,video,2.0,1,https://www.youtube.com/watch?v=rB8h_2SoxgQ,https://i.ytimg.com/vi/rB8h_2SoxgQ/hqdefault.jpg
僕たちの洗車旅。,UCBHG2P_CcPLCQkFQROGxjLA,23000,BA_bOJfyDek,細部洗浄、誰でも簡単にできる方法　#洗車 #洗車用品 #ながら洗車 #僕たちの洗車旅 #細部洗浄 #ブラシ,2025-10-23,211633,9.2014,,,1,short,2.0,1,https://www.youtube.com/watch?v=BA_bOJfyDek,https://i.ytimg.com/vi/BA_bOJfyDek/hqdefault.jpg
WAX-WASH,UClwYG24hyQ2fUcCMyXNxRpg,160000,YS2i4A-DPjM,安全な洗車の順番とは？,2025-11-10,1410289,8.8143,,,1,short,1.0,1,https://www.youtube.com/watch?v=YS2i4A-DPjM,https://i.ytimg.com/vi/YS2i4A-DPjM/hqdefault.jpg
センスアールのRYUYA,UCXCy0fYOsvGFDSOHXJX4JUw,27500,usw_rUIK7jc,【洗車のプロが解説】ディーラーと専門店のコーティングの違い。Keeperって実際どうなの？,2025-09-24,235380,8.5593,16:27,987,0,video,2.0,1,https://www.youtube.com/watch?v=usw_rUIK7jc,https://i.ytimg.com/vi/usw_rUIK7jc/hqdefault.jpg
センスアールのRYUYA,UCXCy0fYOsvGFDSOHXJX4JUw,27500,LMPcW2qF9E0,【プロ直伝】9割が間違ってる！コメリ樹脂コートの正しい使い方で黒ツヤ完全復活,2026-06-11,234358,8.5221,18:07,1087,0,video,2.0,1,https://www.youtube.com/watch?v=LMPcW2qF9E0,https://i.ytimg.com/vi/LMPcW2qF9E0/hqdefault.jpg
WAX-WASH,UClwYG24hyQ2fUcCMyXNxRpg,160000,YjHQLyfGTLg,洗車用品「2つ」で車の汚れ９割落とせる。,2026-02-18,1330707,8.3169,,,1,short,1.0,1,https://www.youtube.com/watch?v=YjHQLyfGTLg,https://i.ytimg.com/vi/YjHQLyfGTLg/hqdefault.jpg
僕たちの洗車旅。,UCBHG2P_CcPLCQkFQROGxjLA,23000,cF_ZmI-Zt9w,塩カルを簡単に落とす方法 #洗車 #洗車用品 #ながら洗車 #塩カル #融雪剤 #冬の洗車 #サビ,2025-11-28,186222,8.0966,,,1,short,2.0,1,https://www.youtube.com/watch?v=cF_ZmI-Zt9w,https://i.ytimg.com/vi/cF_ZmI-Zt9w/hqdefault.jpg
WAX-WASH,UClwYG24hyQ2fUcCMyXNxRpg,160000,2djil5fL41k,キイロビンを使った安全な油膜の落とし方,2026-06-15,1231378,7.6961,,,1,short,1.0,1,https://www.youtube.com/watch?v=2djil5fL41k,https://i.ytimg.com/vi/2djil5fL41k/hqdefault.jpg
センスアールのRYUYA,UCXCy0fYOsvGFDSOHXJX4JUw,27500,GmzdVBoDAQM,【売切れ続出】コメリの498円“純水ガラスクリーナー”は本当に凄い？プロが忖度なしレビュー,2026-09-21,210122,7.6408,11:18,678,0,video,2.0,1,https://www.youtube.com/watch?v=GmzdVBoDAQM,https://i.ytimg.com/vi/GmzdVBoDAQM/hqdefault.jpg
センスアールのRYUYA,UCXCy0fYOsvGFDSOHXJX4JUw,27500,-x1VxVsBq1A,【キーパー施工体験】研磨なしでも本当にキレイになる？プロショップで実際に試してみた結果がやばかった...,2025-11-21,198444,7.2161,14:08,848,0,video,2.0,1,https://www.youtube.com/watch?v=-x1VxVsBq1A,https://i.ytimg.com/vi/-x1VxVsBq1A/hqdefault.jpg
ピットワン,UCW3rbAgw8x0brFr29v50FJg,257000,ob8Ti_8_M_c,これは神ワザ？事故？GTR collision?#交通事故 #神ワザ#カスタム #gtr,2025-11-22,1789993,6.9650,,,1,short,1.0,1,https://www.youtube.com/watch?v=ob8Ti_8_M_c,https://i.ytimg.com/vi/ob8Ti_8_M_c/hqdefault.jpg
センスアールのRYUYA,UCXCy0fYOsvGFDSOHXJX4JUw,27500,0NFlrgjCL2k,【プロ直伝】9割が間違ってる！DCMヘッドライトクリーナーの正しい使い方で黄ばみが秒殺,2026-09-05,187676,6.8246,12:22,742,0,video,2.0,1,https://www.youtube.com/watch?v=0NFlrgjCL2k,https://i.ytimg.com/vi/0NFlrgjCL2k/hqdefault.jpg
WAX-WASH,UClwYG24hyQ2fUcCMyXNxRpg,160000,gTrhzaxGbx8,毎週洗車しているのに車がくすんでいる人の共通点とは？,2026-06-03,1018040,6.3628,,,1,short,1.0,1,https://www.youtube.com/watch?v=gTrhzaxGbx8,https://i.ytimg.com/vi/gTrhzaxGbx8/hqdefault.jpg
僕たちの洗車旅。,UCBHG2P_CcPLCQkFQROGxjLA,23000,hXICw95qUEo,グラスターゾルオートの本当の使い方 #洗車 #洗車用品 #グラスターゾルオート #艶出し #車 #車好き,2025-11-07,143501,6.2392,,,1,short,2.0,1,https://www.youtube.com/watch?v=hXICw95qUEo,https://i.ytimg.com/vi/hXICw95qUEo/hqdefault.jpg
僕たちの洗車旅。,UCBHG2P_CcPLCQkFQROGxjLA,23000,cgpUQPPWsfo,【洗車する人全員見て】板金塗装屋が明かす 車を守るために絶対知っておくべき事実,2026-01-24,136465,5.9333,40:59,2459,0,video,2.0,1,https://www.youtube.com/watch?v=cgpUQPPWsfo,https://i.ytimg.com/vi/cgpUQPPWsfo/hqdefault.jpg
センスアールのRYUYA,UCXCy0fYOsvGFDSOHXJX4JUw,27500,N8Gw60Mxciw,今すぐやめて】コーティング施工車が洗車機で選ぶと危険なメニュー｜新車RAV4で検証,2026-06-14,156902,5.7055,11:58,718,0,video,2.0,1,https://www.youtube.com/watch?v=N8Gw60Mxciw,https://i.ytimg.com/vi/N8Gw60Mxciw/hqdefault.jpg
ワイズ社長のワイズチャンネル,UCr65_J7H0Lu_zJHOCuHswww,125000,Dr-2NDrqlJk,【これどう思いますか？】保険屋と喧嘩しました,2026-03-03,665546,5.3244,13:56,836,0,video,1.0,1,https://www.youtube.com/watch?v=Dr-2NDrqlJk,https://i.ytimg.com/vi/Dr-2NDrqlJk/hqdefault.jpg
センスアールのRYUYA,UCXCy0fYOsvGFDSOHXJX4JUw,27500,dy_RjpeT07Q,【実演】研磨しないのに…なぜ傷が消える？プロだけがやってる裏技,2026-02-06,139474,5.0718,17:28,1048,0,video,2.0,1,https://www.youtube.com/watch?v=dy_RjpeT07Q,https://i.ytimg.com/vi/dy_RjpeT07Q/hqdefault.jpg
センスアールのRYUYA,UCXCy0fYOsvGFDSOHXJX4JUw,27500,1ylikDML0_w,【速報】コメリの2026年最新展示会に潜入！アップデートされるアイテムや新商品など洗車のプロが厳選レビュー,2026-09-07,138977,5.0537,39:01,2341,0,video,2.0,1,https://www.youtube.com/watch?v=1ylikDML0_w,https://i.ytimg.com/vi/1ylikDML0_w/hqdefault.jpg
僕たちの洗車旅。,UCBHG2P_CcPLCQkFQROGxjLA,23000,FnSkA94vawo,洗車タオルの洗い方！自宅で簡単に✨ #洗車 #洗車用品 #ながら洗車 #車 #車好き #マイクロファイバー #洗車クロス,2025-12-09,112916,4.9094,,,1,short,2.0,1,https://www.youtube.com/watch?v=FnSkA94vawo,https://i.ytimg.com/vi/FnSkA94vawo/hqdefault.jpg
ワイズ社長のワイズチャンネル,UCr65_J7H0Lu_zJHOCuHswww,125000,aucwZb-lynY,返金対応したのに返ってきた車は販売した現状ではなかった【アタオカ返金トラブルパート２】,2026-09-12,606894,4.8552,9:26,566,0,video,1.0,1,https://www.youtube.com/watch?v=aucwZb-lynY,https://i.ytimg.com/vi/aucwZb-lynY/hqdefault.jpg
ワイズ社長のワイズチャンネル,UCr65_J7H0Lu_zJHOCuHswww,125000,mihNXTcaFBE,【YouTube史上ナンバー１】前オーナーが数日で売却を決意した、とんでもない車を買い取っってしまいました。,2025-12-02,581561,4.6525,13:01,781,0,video,1.0,1,https://www.youtube.com/watch?v=mihNXTcaFBE,https://i.ytimg.com/vi/mihNXTcaFBE/hqdefault.jpg
僕たちの洗車旅。,UCBHG2P_CcPLCQkFQROGxjLA,23000,Y-3O-j4gUqw,【99％の人が知らない】グラスターゾルオートの本当の使い方【激安万能クリーナー】,2025-10-25,103958,4.5199,26:16,1576,0,video,2.0,1,https://www.youtube.com/watch?v=Y-3O-j4gUqw,https://i.ytimg.com/vi/Y-3O-j4gUqw/hqdefault.jpg
僕たちの洗車旅。,UCBHG2P_CcPLCQkFQROGxjLA,23000,TeT9ojrLoZ0,このポイントで鉄粉除去がうまくいく！#洗車 #洗車用品 #ながら洗車 #鉄粉除去 #アイアンデリート,2025-11-16,100877,4.3860,,,1,short,2.0,1,https://www.youtube.com/watch?v=TeT9ojrLoZ0,https://i.ytimg.com/vi/TeT9ojrLoZ0/hqdefault.jpg
ワイズ社長のワイズチャンネル,UCr65_J7H0Lu_zJHOCuHswww,125000,EbKnotTIORo,１０万ｋｍ超の車を買う奴はアホの貧乏人,2025-10-22,522795,4.1824,14:08,848,0,video,1.0,1,https://www.youtube.com/watch?v=EbKnotTIORo,https://i.ytimg.com/vi/EbKnotTIORo/hqdefault.jpg
センスアールのRYUYA,UCXCy0fYOsvGFDSOHXJX4JUw,27500,KMj-tMapqXY,【初心者必見】90分→30分！時短とキズ防止が両立する洗車術,2025-12-19,113327,4.1210,29:33,1773,0,video,2.0,1,https://www.youtube.com/watch?v=KMj-tMapqXY,https://i.ytimg.com/vi/KMj-tMapqXY/hqdefault.jpg
僕たちの洗車旅。,UCBHG2P_CcPLCQkFQROGxjLA,23000,CWxI7Kt4RJQ,ホイールの洗浄はこれでOK！面倒くさがりでも大丈夫！#洗車 #洗車用品 #ながら洗車 #ホイール #タイヤ #タイヤ洗浄,2025-12-08,94769,4.1204,,,1,short,2.0,1,https://www.youtube.com/watch?v=CWxI7Kt4RJQ,https://i.ytimg.com/vi/CWxI7Kt4RJQ/hqdefault.jpg
僕たちの洗車旅。,UCBHG2P_CcPLCQkFQROGxjLA,23000,Qq0oxjN37OA,ガラスコーティングした方がいい理由はこれ！#洗車 #洗車用品 #ながら洗車 #ガラスコーティング #diy,2025-10-11,94658,4.1156,,,1,short,2.0,1,https://www.youtube.com/watch?v=Qq0oxjN37OA,https://i.ytimg.com/vi/Qq0oxjN37OA/hqdefault.jpg
センスアールのRYUYA,UCXCy0fYOsvGFDSOHXJX4JUw,27500,0C1x0sMnRGU,【初心者向け】水垢の正体と“最短で落とす順番”｜もう迷わない,2026-02-18,111373,4.0499,15:48,948,0,video,2.0,1,https://www.youtube.com/watch?v=0C1x0sMnRGU,https://i.ytimg.com/vi/0C1x0sMnRGU/hqdefault.jpg
ワイズ社長のワイズチャンネル,UCr65_J7H0Lu_zJHOCuHswww,125000,lYdGpU7RTkw,【勘違いするな】またバディカ。。。,2026-04-09,484876,3.8790,10:43,643,0,video,1.0,1,https://www.youtube.com/watch?v=lYdGpU7RTkw,https://i.ytimg.com/vi/lYdGpU7RTkw/hqdefault.jpg
センスアールのRYUYA,UCXCy0fYOsvGFDSOHXJX4JUw,27500,f-XYYxMBaWY,【コメリ越え？】DCMがコスパ最強!!水アカクリーナー最強はどっち？洗車のプロがガチ比較 ,2026-08-30,106311,3.8659,11:09,669,0,video,2.0,1,https://www.youtube.com/watch?v=f-XYYxMBaWY,https://i.ytimg.com/vi/f-XYYxMBaWY/hqdefault.jpg
ワイズ社長のワイズチャンネル,UCr65_J7H0Lu_zJHOCuHswww,125000,McSk1yIomFI,水没車・冠水車の事を全て話します,2026-08-18,473735,3.7899,20:59,1259,0,video,1.0,1,https://www.youtube.com/watch?v=McSk1yIomFI,https://i.ytimg.com/vi/McSk1yIomFI/hqdefault.jpg
僕たちの洗車旅。,UCBHG2P_CcPLCQkFQROGxjLA,23000,x3zH3faNNDg,ガラコの性能を200%引き出す方法　#洗車 #洗車用品 #窓ガラス撥水 #ガラコ #graco #車好き #DIY,2025-09-27,86692,3.7692,,,1,short,2.0,1,https://www.youtube.com/watch?v=x3zH3faNNDg,https://i.ytimg.com/vi/x3zH3faNNDg/hqdefault.jpg
ワイズ社長のワイズチャンネル,UCr65_J7H0Lu_zJHOCuHswww,125000,omw3_zFWxkA,【不思議】冠水した１５０００台が行方不明になりました。オートオークションなどで見てみましたがほぼ出品されていません。,2026-09-07,457958,3.6637,8:57,537,0,video,1.0,1,https://www.youtube.com/watch?v=omw3_zFWxkA,https://i.ytimg.com/vi/omw3_zFWxkA/hqdefault.jpg
ワイズ社長のワイズチャンネル,UCr65_J7H0Lu_zJHOCuHswww,125000,fBb_zd6CEC4,【グーニーズワン夜逃げ】スズキの副代理店でジムニーショップだった車屋がとうさんした理由を解説します,2026-04-04,453944,3.6316,14:05,845,0,video,1.0,1,https://www.youtube.com/watch?v=fBb_zd6CEC4,https://i.ytimg.com/vi/fBb_zd6CEC4/hqdefault.jpg
WAX-WASH,UClwYG24hyQ2fUcCMyXNxRpg,160000,fIXjeqPlgdo,洗車しても報われない人の共通点3つをプロ解説,2026-02-15,570655,3.5666,15:34,934,0,video,1.0,1,https://www.youtube.com/watch?v=fIXjeqPlgdo,https://i.ytimg.com/vi/fIXjeqPlgdo/hqdefault.jpg
ワイズ社長のワイズチャンネル,UCr65_J7H0Lu_zJHOCuHswww,125000,Wq9bDP4sDRw,日本最大のUSS東京オークションが水没したので誰が車の責任を負うのかを説明します,2026-09-22,438178,3.5054,21:21,1281,0,video,1.0,1,https://www.youtube.com/watch?v=Wq9bDP4sDRw,https://i.ytimg.com/vi/Wq9bDP4sDRw/hqdefault.jpg
ワイズ社長のワイズチャンネル,UCr65_J7H0Lu_zJHOCuHswww,125000,xF0RZxyj-Xo,納車してすぐ返金対応を求める客に返金して切りました,2026-09-10,433706,3.4696,11:36,696,0,video,1.0,1,https://www.youtube.com/watch?v=xF0RZxyj-Xo,https://i.ytimg.com/vi/xF0RZxyj-Xo/hqdefault.jpg
僕たちの洗車旅。,UCBHG2P_CcPLCQkFQROGxjLA,23000,O-Sb552-e7o,BASEでの失敗要因はこれでした…💦上手く施工するコツ‼️#洗車 #ながら洗車 #BASE #水シミ #小傷 #車 #車好き,2026-04-17,78645,3.4193,,,1,short,2.0,1,https://www.youtube.com/watch?v=O-Sb552-e7o,https://i.ytimg.com/vi/O-Sb552-e7o/hqdefault.jpg
WAX-WASH,UClwYG24hyQ2fUcCMyXNxRpg,160000,uUgjy9gBDEA,水弾きが消えたレクサスIS｜犯人はコーティングじゃない【洗車】,2026-06-27,546735,3.4171,21:29,1289,0,video,1.0,1,https://www.youtube.com/watch?v=uUgjy9gBDEA,https://i.ytimg.com/vi/uUgjy9gBDEA/hqdefault.jpg
ワイズ社長のワイズチャンネル,UCr65_J7H0Lu_zJHOCuHswww,125000,IdRXDBxLews,【削除覚悟】実は今、車屋界隈で大騒ぎになってることがあり、そのことについて誰も言いませんが暴露します。皆様にとって2026は損しかないです,2026-01-01,426985,3.4159,12:46,766,0,video,1.0,1,https://www.youtube.com/watch?v=IdRXDBxLews,https://i.ytimg.com/vi/IdRXDBxLews/hqdefault.jpg
センスアールのRYUYA,UCXCy0fYOsvGFDSOHXJX4JUw,27500,1rFJhD5oLq4,【要注意】そのポリッシャーの使い方、完全に間違ってます｜初心者が必ずハマる落とし穴とは？,2026-05-12,93321,3.3935,25:32,1532,0,video,2.0,1,https://www.youtube.com/watch?v=1rFJhD5oLq4,https://i.ytimg.com/vi/1rFJhD5oLq4/hqdefault.jpg
センスアールのRYUYA,UCXCy0fYOsvGFDSOHXJX4JUw,27500,3bT6t-toBXY,【もう時代遅れ】洗車のプロが今は買わない洗車用品10選…昔は正解だったのに今使うと車がダメになります 1,2026-08-10,91831,3.3393,15:40,940,0,video,2.0,1,https://www.youtube.com/watch?v=3bT6t-toBXY,https://i.ytimg.com/vi/3bT6t-toBXY/hqdefault.jpg
センスアールのRYUYA,UCXCy0fYOsvGFDSOHXJX4JUw,27500,iktecEPeSTc,【中古車買ったらこれやれ】くすんだ黒いヴォクシーを甦らせる。プロが教える納車後の徹底洗車,2026-07-10,88918,3.2334,29:10,1750,0,video,2.0,1,https://www.youtube.com/watch?v=iktecEPeSTc,https://i.ytimg.com/vi/iktecEPeSTc/hqdefault.jpg
ワイズ社長のワイズチャンネル,UCr65_J7H0Lu_zJHOCuHswww,125000,SHYv_GXqW3U,【赤字確定】最近の車にほぼ付いているコレが潰れたら数十万円の故障になります,2026-02-21,393710,3.1497,13:33,813,0,video,1.0,1,https://www.youtube.com/watch?v=SHYv_GXqW3U,https://i.ytimg.com/vi/SHYv_GXqW3U/hqdefault.jpg
センスアールのRYUYA,UCXCy0fYOsvGFDSOHXJX4JUw,27500,OEkn3VLQBsY,【プロ直伝】9割が間違ってる！黒い車の正しい洗車法…キズを増やさない唯一の方法,2026-08-02,86153,3.1328,17:37,1057,0,video,2.0,1,https://www.youtube.com/watch?v=OEkn3VLQBsY,https://i.ytimg.com/vi/OEkn3VLQBsY/hqdefault.jpg
WAX-WASH,UClwYG24hyQ2fUcCMyXNxRpg,160000,nf_lVPnUm3A,車の見た目を悪くする９割の原因はこれ。,2026-02-19,499014,3.1188,,,1,short,1.0,1,https://www.youtube.com/watch?v=nf_lVPnUm3A,https://i.ytimg.com/vi/nf_lVPnUm3A/hqdefault.jpg
僕たちの洗車旅。,UCBHG2P_CcPLCQkFQROGxjLA,23000,BIObRph8em8,車のステップの超簡単な洗い方！#洗車 #洗車用品 #ながら洗車 #車 #車好き #ステップ,2025-10-10,71723,3.1184,,,1,short,2.0,1,https://www.youtube.com/watch?v=BIObRph8em8,https://i.ytimg.com/vi/BIObRph8em8/hqdefault.jpg
ワイズ社長のワイズチャンネル,UCr65_J7H0Lu_zJHOCuHswww,125000,dhAskVNEe8Y,某激安専門店から業販仕入れした車、絶対に訳ありやろ,2025-11-12,357902,2.8632,12:19,739,0,video,1.0,1,https://www.youtube.com/watch?v=dhAskVNEe8Y,https://i.ytimg.com/vi/dhAskVNEe8Y/hqdefault.jpg
ピットワン,UCW3rbAgw8x0brFr29v50FJg,257000,ZPgHkKexv6M,軽自動車を中古で買うな！？安いのにはワケがある？買ったら後悔する中古車とは？？,2025-10-18,726358,2.8263,25:22,1522,0,video,1.0,1,https://www.youtube.com/watch?v=ZPgHkKexv6M,https://i.ytimg.com/vi/ZPgHkKexv6M/hqdefault.jpg
センスアールのRYUYA,UCXCy0fYOsvGFDSOHXJX4JUw,27500,_uqrzUjjdC4,【比較検証】車の内窓拭きで一番ムラが出ないのはどれ？｜洗車のプロが全部試す,2026-07-29,77458,2.8167,12:58,778,0,video,2.0,1,https://www.youtube.com/watch?v=_uqrzUjjdC4,https://i.ytimg.com/vi/_uqrzUjjdC4/hqdefault.jpg
WAX-WASH,UClwYG24hyQ2fUcCMyXNxRpg,160000,_EJY2Oo09Ko,紫外線で車が”くすむ”理由と対処方法,2026-02-12,446445,2.7903,,,1,short,1.0,1,https://www.youtube.com/watch?v=_EJY2Oo09Ko,https://i.ytimg.com/vi/_EJY2Oo09Ko/hqdefault.jpg
センスアールのRYUYA,UCXCy0fYOsvGFDSOHXJX4JUw,27500,YWRwOcaOK78,【洗車のプロが検証】リンレイ硬化型コーティングが最強？脅威の撥水と耐久性で常識を覆しました...,2025-11-08,76657,2.7875,20:54,1254,0,video,2.0,1,https://www.youtube.com/watch?v=YWRwOcaOK78,https://i.ytimg.com/vi/YWRwOcaOK78/hqdefault.jpg
WAX-WASH,UClwYG24hyQ2fUcCMyXNxRpg,160000,GrNjyOPGZn0,黒筋汚れを安全に落とす手順とは？,2026-07-04,445137,2.7821,,,1,short,1.0,1,https://www.youtube.com/watch?v=GrNjyOPGZn0,https://i.ytimg.com/vi/GrNjyOPGZn0/hqdefault.jpg
ワイズ社長のワイズチャンネル,UCr65_J7H0Lu_zJHOCuHswww,125000,gtwwiKwaaeU,【完全終了】３年経過でアルファードハイパーリセール終了,2026-09-04,342966,2.7437,13:07,787,0,video,1.0,1,https://www.youtube.com/watch?v=gtwwiKwaaeU,https://i.ytimg.com/vi/gtwwiKwaaeU/hqdefault.jpg
センスアールのRYUYA,UCXCy0fYOsvGFDSOHXJX4JUw,27500,o7bo7o2JMKw,【徹底比較】最強のスケール除去剤はどれ？人気5種類を洗車のプロが本気検証！,2026-06-30,75370,2.7407,20:02,1202,0,video,2.0,1,https://www.youtube.com/watch?v=o7bo7o2JMKw,https://i.ytimg.com/vi/o7bo7o2JMKw/hqdefault.jpg
僕たちの洗車旅。,UCBHG2P_CcPLCQkFQROGxjLA,23000,2RkEa0bdq-M,こんな組み合わせありなの⁉️BASE×〇〇で磨き傷ゼロへ #洗車 #ながら洗車 #base #車 #カーケア #車好き,2026-04-24,62917,2.7355,,,1,short,2.0,1,https://www.youtube.com/watch?v=2RkEa0bdq-M,https://i.ytimg.com/vi/2RkEa0bdq-M/hqdefault.jpg
チャンネル隊長,UCEgvzVCeW2MnHV-M62CxBDQ,217000,8ZnnYOWHd3s,【車整備】車エアコンの効きが悪い人必見！たった1本で冷房効率を劇的に上げる方法【ワコーズ パワーエアコンプラス】,2026-07-14,582559,2.6846,8:16,496,0,video,1.0,1,https://www.youtube.com/watch?v=8ZnnYOWHd3s,https://i.ytimg.com/vi/8ZnnYOWHd3s/hqdefault.jpg
僕たちの洗車旅。,UCBHG2P_CcPLCQkFQROGxjLA,23000,gxY6keM9wZE,野外洗車での鉄粉除去のコツ！#洗車 #ながら洗車 #鉄粉除去 #車 #車好き,2026-06-03,60481,2.6296,,,1,short,2.0,1,https://www.youtube.com/watch?v=gxY6keM9wZE,https://i.ytimg.com/vi/gxY6keM9wZE/hqdefault.jpg
ワイズ社長のワイズチャンネル,UCr65_J7H0Lu_zJHOCuHswww,125000,cJTDH80h454,俺の思い全部話すから、バディカ中野、聞け。ガッキーもな。,2026-01-09,326412,2.6113,22:35,1355,0,video,1.0,1,https://www.youtube.com/watch?v=cJTDH80h454,https://i.ytimg.com/vi/cJTDH80h454/hqdefault.jpg
センスアールのRYUYA,UCXCy0fYOsvGFDSOHXJX4JUw,27500,wC5d2-opptE,【プロ直伝】9割が知らないコメリ水垢剤「赤と青」の本当の使い分け！間違えると逆効果になりますショート2,2026-07-15,71717,2.6079,,,1,short,2.0,1,https://www.youtube.com/watch?v=wC5d2-opptE,https://i.ytimg.com/vi/wC5d2-opptE/hqdefault.jpg
僕たちの洗車旅。,UCBHG2P_CcPLCQkFQROGxjLA,23000,vPp4olxD-Kg,【ドッキリ検証】洗車プロがレンタカーを勝手に洗ったら…店長が衝撃の反応,2026-07-11,58870,2.5596,32:54,1974,0,video,2.0,1,https://www.youtube.com/watch?v=vPp4olxD-Kg,https://i.ytimg.com/vi/vPp4olxD-Kg/hqdefault.jpg
僕たちの洗車旅。,UCBHG2P_CcPLCQkFQROGxjLA,23000,TyhiMDjMHqM,【油汚れ・虫・鳥フン・花粉を即分解】脱脂シャンプーのシン・説明書｜ながら洗車,2026-03-21,58804,2.5567,32:38,1958,0,video,2.0,1,https://www.youtube.com/watch?v=TyhiMDjMHqM,https://i.ytimg.com/vi/TyhiMDjMHqM/hqdefault.jpg
センスアールのRYUYA,UCXCy0fYOsvGFDSOHXJX4JUw,27500,4mwXCxUAa-Q,【洗車のプロが比較】コメリCRUZARD洗車スポンジ&ミット4種類を使い比べてみた,2025-10-15,69907,2.5421,20:02,1202,0,video,2.0,1,https://www.youtube.com/watch?v=4mwXCxUAa-Q,https://i.ytimg.com/vi/4mwXCxUAa-Q/hqdefault.jpg
ワイズ社長のワイズチャンネル,UCr65_J7H0Lu_zJHOCuHswww,125000,0Rb_U8GA-WQ,今回、ご迷惑かけたお客様、本当に申し訳ございませんでした。,2026-09-20,317372,2.5390,10:19,619,0,video,1.0,1,https://www.youtube.com/watch?v=0Rb_U8GA-WQ,https://i.ytimg.com/vi/0Rb_U8GA-WQ/hqdefault.jpg
僕たちの洗車旅。,UCBHG2P_CcPLCQkFQROGxjLA,23000,E1zC0YXRuck,【注意喚起】鉄粉除去パッドのよくある間違い #洗車 #洗車用品 #ながら洗車 #アイアンデリート #アイアンパッド #diy #鉄粉除去 #車 #車好き,2025-12-04,58299,2.5347,,,1,short,2.0,1,https://www.youtube.com/watch?v=E1zC0YXRuck,https://i.ytimg.com/vi/E1zC0YXRuck/hqdefault.jpg
センスアールのRYUYA,UCXCy0fYOsvGFDSOHXJX4JUw,27500,-XBK0rVhSrE,【コメリ新作】CRUZARD電動フォームガンが凄い！洗車のプロも絶賛の神商品でした,2025-12-06,69078,2.5119,13:37,817,0,video,2.0,1,https://www.youtube.com/watch?v=-XBK0rVhSrE,https://i.ytimg.com/vi/-XBK0rVhSrE/hqdefault.jpg
ワイズ社長のワイズチャンネル,UCr65_J7H0Lu_zJHOCuHswww,125000,eFYQvStuQLY,バディカ。。。,2026-02-14,313100,2.5048,20:34,1234,0,video,1.0,1,https://www.youtube.com/watch?v=eFYQvStuQLY,https://i.ytimg.com/vi/eFYQvStuQLY/hqdefault.jpg
センスアールのRYUYA,UCXCy0fYOsvGFDSOHXJX4JUw,27500,nX5LUy37dwc,【初公開】バディカ初のコーティング店をSENSE-Rが監修！オープン前の裏側を全て見せます,2026-02-14,66523,2.4190,25:07,1507,0,video,2.0,1,https://www.youtube.com/watch?v=nX5LUy37dwc,https://i.ytimg.com/vi/nX5LUy37dwc/hqdefault.jpg
僕たちの洗車旅。,UCBHG2P_CcPLCQkFQROGxjLA,23000,WWCfJf8g9Sk,【キーパーを頼む前に見て！】DIYでもKeePer以上に綺麗にできる！,2026-07-04,54348,2.3630,28:20,1700,0,video,2.0,1,https://www.youtube.com/watch?v=WWCfJf8g9Sk,https://i.ytimg.com/vi/WWCfJf8g9Sk/hqdefault.jpg
ワイズ社長のワイズチャンネル,UCr65_J7H0Lu_zJHOCuHswww,125000,oCxxZF7IdbM,オークションで落札した車、大損害故障だったので出品店に交渉しましたが・・・,2025-12-12,295077,2.3606,9:56,596,0,video,1.0,1,https://www.youtube.com/watch?v=oCxxZF7IdbM,https://i.ytimg.com/vi/oCxxZF7IdbM/hqdefault.jpg
僕たちの洗車旅。,UCBHG2P_CcPLCQkFQROGxjLA,23000,QOT1K2bPvG4,知らないと損！カーシャンプーの泡立ての極意　#洗車 #洗車用品 #ながら洗車 #カーシャンプー #シャンプー洗車 #車好き,2025-10-03,54166,2.3550,,,1,short,2.0,1,https://www.youtube.com/watch?v=QOT1K2bPvG4,https://i.ytimg.com/vi/QOT1K2bPvG4/hqdefault.jpg
センスアールのRYUYA,UCXCy0fYOsvGFDSOHXJX4JUw,27500,xvZdoEYSW5U,【完成報告】悪魔のS30フェアレディZの1000万円カスタム。外装も中身も全部やった！,2026-05-20,64678,2.3519,21:51,1311,0,video,2.0,1,https://www.youtube.com/watch?v=xvZdoEYSW5U,https://i.ytimg.com/vi/xvZdoEYSW5U/hqdefault.jpg
僕たちの洗車旅。,UCBHG2P_CcPLCQkFQROGxjLA,23000,8rZeJyu-lC0,エンジンルームを超簡単に洗う方法　#洗車 #洗車用品 #DIY #ながら洗車 #エンジンルーム #コーティング #超簡単,2025-09-26,53319,2.3182,,,1,short,2.0,1,https://www.youtube.com/watch?v=8rZeJyu-lC0,https://i.ytimg.com/vi/8rZeJyu-lC0/hqdefault.jpg
僕たちの洗車旅。,UCBHG2P_CcPLCQkFQROGxjLA,23000,ezx17fKVjK0,【徹底比較】鉄粉が1番落ちるのはどれ？鉄粉取りシャンプー5種をガチ比較してみた！,2026-02-28,53291,2.3170,40:20,2420,0,video,2.0,1,https://www.youtube.com/watch?v=ezx17fKVjK0,https://i.ytimg.com/vi/ezx17fKVjK0/hqdefault.jpg
センスアールのRYUYA,UCXCy0fYOsvGFDSOHXJX4JUw,27500,AHEE43e_1o4,【コメリ越え？】DCMがコスパ最強!!水アカクリーナー最強はどっち？洗車のプロがガチ比較,2026-09-06,61622,2.2408,,,1,short,2.0,1,https://www.youtube.com/watch?v=AHEE43e_1o4,https://i.ytimg.com/vi/AHEE43e_1o4/hqdefault.jpg
ワイズ社長のワイズチャンネル,UCr65_J7H0Lu_zJHOCuHswww,125000,LdsGxxKeSHc,【わずか１ヶ月でわかった】中古のテスラは絶対に買うな!!,2026-06-24,275902,2.2072,20:13,1213,0,video,1.0,1,https://www.youtube.com/watch?v=LdsGxxKeSHc,https://i.ytimg.com/vi/LdsGxxKeSHc/hqdefault.jpg
WAX-WASH,UClwYG24hyQ2fUcCMyXNxRpg,160000,d9HmpAxOxj0,【コーティングの失敗？】艶ゼロのアリアを徹底洗車で救う！,2025-10-19,351017,2.1939,25:23,1523,0,video,1.0,1,https://www.youtube.com/watch?v=d9HmpAxOxj0,https://i.ytimg.com/vi/d9HmpAxOxj0/hqdefault.jpg
センスアールのRYUYA,UCXCy0fYOsvGFDSOHXJX4JUw,27500,wfut8KiFaVI,【徹底比較2026】最強の簡易コーティングはどれ？Amazon人気3種＋CCゴールドをプロが本気検証,2026-04-28,59425,2.1609,16:36,996,0,video,2.0,1,https://www.youtube.com/watch?v=wfut8KiFaVI,https://i.ytimg.com/vi/wfut8KiFaVI/hqdefault.jpg
センスアールのRYUYA,UCXCy0fYOsvGFDSOHXJX4JUw,27500,WDEdnY3X3kI,【徹底比較】最強の窓ガラス撥水はどれ？人気ガラスコーティング5種を洗車のプロが本気検証！,2026-05-15,59091,2.1488,15:21,921,0,video,2.0,1,https://www.youtube.com/watch?v=WDEdnY3X3kI,https://i.ytimg.com/vi/WDEdnY3X3kI/hqdefault.jpg
センスアールのRYUYA,UCXCy0fYOsvGFDSOHXJX4JUw,27500,J0PLSIrgh-o,【本気検証】コメリ大人気傷埋め剤vs 自社新商品…キズが消えるのはどっち？ 切り抜き2,2026-08-11,58821,2.1389,,,1,short,2.0,1,https://www.youtube.com/watch?v=J0PLSIrgh-o,https://i.ytimg.com/vi/J0PLSIrgh-o/hqdefault.jpg
ワイズ社長のワイズチャンネル,UCr65_J7H0Lu_zJHOCuHswww,125000,8ZPWNGxAY-0,【大炎上中】ニコニコレンタカーの件をレンタカー業もやってる車屋が説明します,2026-03-19,263251,2.1060,19:55,1195,0,video,1.0,1,https://www.youtube.com/watch?v=8ZPWNGxAY-0,https://i.ytimg.com/vi/8ZPWNGxAY-0/hqdefault.jpg
僕たちの洗車旅。,UCBHG2P_CcPLCQkFQROGxjLA,23000,Kbep9yIY4gM,【経年車の傷・水シミ・水垢・下地処理には】BASEのシン・説明書｜ながら洗車,2026-04-04,48154,2.0937,36:26,2186,0,video,2.0,1,https://www.youtube.com/watch?v=Kbep9yIY4gM,https://i.ytimg.com/vi/Kbep9yIY4gM/hqdefault.jpg
センスアールのRYUYA,UCXCy0fYOsvGFDSOHXJX4JUw,27500,1p87W5zZIqk,【爆風注意】最強の洗車ブロワーはこっちだ！！,2026-01-04,57526,2.0919,9:23,563,0,video,2.0,1,https://www.youtube.com/watch?v=1p87W5zZIqk,https://i.ytimg.com/vi/1p87W5zZIqk/hqdefault.jpg
WAX-WASH,UClwYG24hyQ2fUcCMyXNxRpg,160000,obaZiFmcqnY,業者の失敗で艶が無くなったデリカを洗車で救う！,2025-10-10,334451,2.0903,37:59,2279,0,video,1.0,1,https://www.youtube.com/watch?v=obaZiFmcqnY,https://i.ytimg.com/vi/obaZiFmcqnY/hqdefault.jpg
僕たちの洗車旅。,UCBHG2P_CcPLCQkFQROGxjLA,23000,uRJyAk7JqkU,【塗るだけで車が汚れない！】プラズマコーティングαのシン・説明書｜ながら洗車,2026-03-07,46798,2.0347,35:13,2113,0,video,2.0,1,https://www.youtube.com/watch?v=uRJyAk7JqkU,https://i.ytimg.com/vi/uRJyAk7JqkU/hqdefault.jpg
僕たちの洗車旅。,UCBHG2P_CcPLCQkFQROGxjLA,23000,hp9aqETzNDs,【警告】買ってはいけない洗車グッズ14選！愛車が台無しに,2026-07-17,46431,2.0187,24:06,1446,0,video,2.0,1,https://www.youtube.com/watch?v=hp9aqETzNDs,https://i.ytimg.com/vi/hp9aqETzNDs/hqdefault.jpg
僕たちの洗車旅。,UCBHG2P_CcPLCQkFQROGxjLA,23000,OVF8cuZhNks,【ウロコ瞬殺＆超撥水！雨の日も200%視界良好】スプラッシュ＆ガラスポリッシュのシン・説明書｜ながら洗車,2026-03-28,46071,2.0031,34:58,2098,0,video,2.0,1,https://www.youtube.com/watch?v=OVF8cuZhNks,https://i.ytimg.com/vi/OVF8cuZhNks/hqdefault.jpg
センスアールのRYUYA,UCXCy0fYOsvGFDSOHXJX4JUw,27500,313lIWgq2zw,40年間売れ続ける超ロングセラーWAXはどれくらいすごいのか？洗車のプロが徹底検証！,2025-12-12,54450,1.9800,14:51,891,0,video,2.0,0,https://www.youtube.com/watch?v=313lIWgq2zw,https://i.ytimg.com/vi/313lIWgq2zw/hqdefault.jpg
ワイズ社長のワイズチャンネル,UCr65_J7H0Lu_zJHOCuHswww,125000,jriQd-QR2eQ,【倒　産】売上103億円でも負債額３１億円、債権者246人、2026最大の車屋倒産額。予言的中しすぎて怖い,2026-05-16,247280,1.9782,13:32,812,0,video,1.0,1,https://www.youtube.com/watch?v=jriQd-QR2eQ,https://i.ytimg.com/vi/jriQd-QR2eQ/hqdefault.jpg
ピットワン,UCW3rbAgw8x0brFr29v50FJg,257000,buHO3yWj6WA,【閲覧注意】半額以下で買ったRAV4が腐ってる？虫だらけの車の中が壮絶だった…,2026-04-11,504879,1.9645,15:27,927,0,video,1.0,1,https://www.youtube.com/watch?v=buHO3yWj6WA,https://i.ytimg.com/vi/buHO3yWj6WA/hqdefault.jpg
僕たちの洗車旅。,UCBHG2P_CcPLCQkFQROGxjLA,23000,uqLM5qkXjIw,【実践解説】ながら洗車、種類ありすぎ問題。もう迷わないベストな選び方！,2025-11-29,44925,1.9533,31:36,1896,0,video,2.0,0,https://www.youtube.com/watch?v=uqLM5qkXjIw,https://i.ytimg.com/vi/uqLM5qkXjIw/hqdefault.jpg
WAX-WASH,UClwYG24hyQ2fUcCMyXNxRpg,160000,UOCKtXabm8E,重ね塗りで車がくすむ理由 #car #detailing #carcare,2025-12-18,310667,1.9417,,,1,short,1.0,1,https://www.youtube.com/watch?v=UOCKtXabm8E,https://i.ytimg.com/vi/UOCKtXabm8E/hqdefault.jpg
ワイズ社長のワイズチャンネル,UCr65_J7H0Lu_zJHOCuHswww,125000,TSQyaMQjMTE,【全額返金対応】本当に多大なご迷惑をおかけしました。申し訳ございません。,2025-11-17,241595,1.9328,10:58,658,0,video,1.0,1,https://www.youtube.com/watch?v=TSQyaMQjMTE,https://i.ytimg.com/vi/TSQyaMQjMTE/hqdefault.jpg
僕たちの洗車旅。,UCBHG2P_CcPLCQkFQROGxjLA,23000,Jitxe_0pO0M,【ドッキリ】洗車用品を全部買って女性をデートに誘った結果…,2026-08-01,44207,1.9220,37:39,2259,0,video,2.0,0,https://www.youtube.com/watch?v=Jitxe_0pO0M,https://i.ytimg.com/vi/Jitxe_0pO0M/hqdefault.jpg
ワイズ社長のワイズチャンネル,UCr65_J7H0Lu_zJHOCuHswww,125000,hGiLpmEhQOY,【資金難で倒産寸前】すぐに現金化してくれるお店に直談判に行ってきました！売却なるか？,2026-04-11,239369,1.9150,16:03,963,0,video,1.0,1,https://www.youtube.com/watch?v=hGiLpmEhQOY,https://i.ytimg.com/vi/hGiLpmEhQOY/hqdefault.jpg
ワイズ社長のワイズチャンネル,UCr65_J7H0Lu_zJHOCuHswww,125000,xWLTQ4SwqSU,【今Dラーでもやらない事】アレやったら1000万円のランクル潰れました,2026-06-18,238964,1.9117,11:17,677,0,video,1.0,1,https://www.youtube.com/watch?v=xWLTQ4SwqSU,https://i.ytimg.com/vi/xWLTQ4SwqSU/hqdefault.jpg
ワイズ社長のワイズチャンネル,UCr65_J7H0Lu_zJHOCuHswww,125000,K_jDKYigKk4,大暴落中の40ヴェル事故した客から相談が来た,2026-08-17,238901,1.9112,9:42,582,0,video,1.0,1,https://www.youtube.com/watch?v=K_jDKYigKk4,https://i.ytimg.com/vi/K_jDKYigKk4/hqdefault.jpg
センスアールのRYUYA,UCXCy0fYOsvGFDSOHXJX4JUw,27500,RuPmOYiTXaQ,"【まだミットで洗ってるの？】高品質の新作""ギガ泡ブラシ""で洗車したら想像以上にラクだった",2026-06-01,52542,1.9106,13:20,800,0,video,2.0,0,https://www.youtube.com/watch?v=RuPmOYiTXaQ,https://i.ytimg.com/vi/RuPmOYiTXaQ/hqdefault.jpg
ワイズ社長のワイズチャンネル,UCr65_J7H0Lu_zJHOCuHswww,125000,NRuzbwAzrJc,【初めて語る】EV車絶対に買うな！！興味ないなら尚更見ろ！,2026-01-07,238622,1.9090,15:05,905,0,video,1.0,1,https://www.youtube.com/watch?v=NRuzbwAzrJc,https://i.ytimg.com/vi/NRuzbwAzrJc/hqdefault.jpg
センスアールのRYUYA,UCXCy0fYOsvGFDSOHXJX4JUw,27500,9qEN67fjQgQ,【コメリ新作】ガラス“リセット＆撥水”が1本で完結…プロが実演レビュー,2026-06-21,52467,1.9079,12:19,739,0,video,2.0,0,https://www.youtube.com/watch?v=9qEN67fjQgQ,https://i.ytimg.com/vi/9qEN67fjQgQ/hqdefault.jpg
僕たちの洗車旅。,UCBHG2P_CcPLCQkFQROGxjLA,23000,bbKBd0ZgXQ4,【危険】大手洗車メーカー社長が暴露｜9割が知らない洗車のNG行動,2026-07-12,43798,1.9043,30:00,1800,0,video,2.0,0,https://www.youtube.com/watch?v=bbKBd0ZgXQ4,https://i.ytimg.com/vi/bbKBd0ZgXQ4/hqdefault.jpg
僕たちの洗車旅。,UCBHG2P_CcPLCQkFQROGxjLA,23000,6IVLXIrjsQY,【徹底比較】ながら洗車シャドウvsビギナーズラック違いと選び方を徹底解説,2026-09-05,43482,1.8905,32:25,1945,0,video,2.0,0,https://www.youtube.com/watch?v=6IVLXIrjsQY,https://i.ytimg.com/vi/6IVLXIrjsQY/hqdefault.jpg
ピットワン,UCW3rbAgw8x0brFr29v50FJg,257000,FPbTsVw6D6A,GT-Rで事故!?#事故#交通事故 #skyline #diy #drift  #automobile #gtr #カスタム,2026-01-02,482323,1.8767,,,1,short,1.0,1,https://www.youtube.com/watch?v=FPbTsVw6D6A,https://i.ytimg.com/vi/FPbTsVw6D6A/hqdefault.jpg
ワイズ社長のワイズチャンネル,UCr65_J7H0Lu_zJHOCuHswww,125000,IqJh8rzlqO4,【即出し無理】新車ハイエースを１ヵ月で売却した、なんちゃって視聴者が頭が悪すぎて損してワロタ,2026-04-24,234154,1.8732,10:49,649,0,video,1.0,1,https://www.youtube.com/watch?v=IqJh8rzlqO4,https://i.ytimg.com/vi/IqJh8rzlqO4/hqdefault.jpg
センスアールのRYUYA,UCXCy0fYOsvGFDSOHXJX4JUw,27500,sX2uBwzhhkY,【これは売れる】油膜もウロコも即落ち!プロ仕様のキイロビン新作がスゴすぎる,2026-05-29,51027,1.8555,18:25,1105,0,video,2.0,0,https://www.youtube.com/watch?v=sX2uBwzhhkY,https://i.ytimg.com/vi/sX2uBwzhhkY/hqdefault.jpg
ワイズ社長のワイズチャンネル,UCr65_J7H0Lu_zJHOCuHswww,125000,vB-DnFPcvvI,【緊急配信】２７０万円で買った車が、たった３カ月で３０万円でしか買い取れない程の車でした。高級輸入車の高額販売と適正価格,2025-10-21,230612,1.8449,10:14,614,0,video,1.0,1,https://www.youtube.com/watch?v=vB-DnFPcvvI,https://i.ytimg.com/vi/vB-DnFPcvvI/hqdefault.jpg
チャンネル隊長,UCEgvzVCeW2MnHV-M62CxBDQ,217000,T5AmDk0f150,"【神コスパ】ホームセンターDCMの2,980円ポリッシャーで車を磨いてみた結果",2026-07-19,400059,1.8436,9:19,559,0,video,1.0,1,https://www.youtube.com/watch?v=T5AmDk0f150,https://i.ytimg.com/vi/T5AmDk0f150/hqdefault.jpg
WAX-WASH,UClwYG24hyQ2fUcCMyXNxRpg,160000,ik81KePyPds,コメリさんがとんでもない洗車スポンジ出してきた件,2026-06-03,294954,1.8435,,,1,short,1.0,1,https://www.youtube.com/watch?v=ik81KePyPds,https://i.ytimg.com/vi/ik81KePyPds/hqdefault.jpg
僕たちの洗車旅。,UCBHG2P_CcPLCQkFQROGxjLA,23000,laHJtUGd0FM,ホイールブラシ使用時、跳ね返らない方法を思いついちゃいました‼️#洗車 #ホイール #タイヤ洗浄 #ながら洗車 #車 #車好き,2026-06-21,41735,1.8146,,,1,short,2.0,0,https://www.youtube.com/watch?v=laHJtUGd0FM,https://i.ytimg.com/vi/laHJtUGd0FM/hqdefault.jpg
ピットワン,UCW3rbAgw8x0brFr29v50FJg,257000,2gIQJvMHS9o,ヤフオクで買ったレクサスESから大事故の痕跡が出まくった…,2026-06-19,456749,1.7772,20:52,1252,0,video,1.0,1,https://www.youtube.com/watch?v=2gIQJvMHS9o,https://i.ytimg.com/vi/2gIQJvMHS9o/hqdefault.jpg
僕たちの洗車旅。,UCBHG2P_CcPLCQkFQROGxjLA,23000,OxoHCuEddjI,鳥フンの危険な落とし方 #鳥フン #洗車 #車 #ながら洗車 #車好き,2026-05-22,40508,1.7612,,,1,short,2.0,0,https://www.youtube.com/watch?v=OxoHCuEddjI,https://i.ytimg.com/vi/OxoHCuEddjI/hqdefault.jpg
ワイズ社長のワイズチャンネル,UCr65_J7H0Lu_zJHOCuHswww,125000,ZCdCFWSRZFE,思いもしなかった、詐欺に遭いました。,2026-02-22,219140,1.7531,8:28,508,0,video,1.0,1,https://www.youtube.com/watch?v=ZCdCFWSRZFE,https://i.ytimg.com/vi/ZCdCFWSRZFE/hqdefault.jpg
僕たちの洗車旅。,UCBHG2P_CcPLCQkFQROGxjLA,23000,ppeuxQVERLc,水シミに強い水弾きはどれだと思いますか？親水・疎水・撥水・滑水　#洗車 #洗車用品 #ながら洗車 #水弾き #水シミ対策 #車好き #diy,2025-10-04,40303,1.7523,,,1,short,2.0,0,https://www.youtube.com/watch?v=ppeuxQVERLc,https://i.ytimg.com/vi/ppeuxQVERLc/hqdefault.jpg
センスアールのRYUYA,UCXCy0fYOsvGFDSOHXJX4JUw,27500,3WuvCG0ubIw,【本音】SENSE-Rがガラスコーティングをやめた理由。今は“セラミック”を選びます,2026-09-15,47589,1.7305,12:33,753,0,video,2.0,0,https://www.youtube.com/watch?v=3WuvCG0ubIw,https://i.ytimg.com/vi/3WuvCG0ubIw/hqdefault.jpg
僕たちの洗車旅。,UCBHG2P_CcPLCQkFQROGxjLA,23000,08mXkfFE1WQ,【保存版】最初に見る手磨きマニュアル！ポリッシャーなしで傷ゼロボディへ,2025-11-22,39583,1.7210,29:02,1742,0,video,2.0,0,https://www.youtube.com/watch?v=08mXkfFE1WQ,https://i.ytimg.com/vi/08mXkfFE1WQ/hqdefault.jpg
WAX-WASH,UClwYG24hyQ2fUcCMyXNxRpg,160000,vWuVOU53XHo,触ると異常…レクサスNXのザラつきの正体,2026-08-27,270482,1.6905,16:38,998,0,video,1.0,1,https://www.youtube.com/watch?v=vWuVOU53XHo,https://i.ytimg.com/vi/vWuVOU53XHo/hqdefault.jpg
ワイズ社長のワイズチャンネル,UCr65_J7H0Lu_zJHOCuHswww,125000,bmquMAqDNy4,また小田オートに呼ばれたので行ってみると、小田がタヒそうになってました。爆笑　幻のGT-Rプレミアムエディション Tスペック,2026-02-19,209525,1.6762,15:08,908,0,video,1.0,1,https://www.youtube.com/watch?v=bmquMAqDNy4,https://i.ytimg.com/vi/bmquMAqDNy4/hqdefault.jpg
僕たちの洗車旅。,UCBHG2P_CcPLCQkFQROGxjLA,23000,MUfaLUCMBQo,【徹底調査】最強の洗車グッズはどれ？ながら洗車本部長がブードゥーライド爆買い,2026-05-23,38370,1.6683,33:30,2010,0,video,2.0,0,https://www.youtube.com/watch?v=MUfaLUCMBQo,https://i.ytimg.com/vi/MUfaLUCMBQo/hqdefault.jpg
僕たちの洗車旅。,UCBHG2P_CcPLCQkFQROGxjLA,23000,v1gT0TS0LqE,【初心者必見】失敗しないポリッシャーの始め方｜プロが1から解説,2026-09-12,38359,1.6678,39:42,2382,0,video,2.0,0,https://www.youtube.com/watch?v=v1gT0TS0LqE,https://i.ytimg.com/vi/v1gT0TS0LqE/hqdefault.jpg
センスアールのRYUYA,UCXCy0fYOsvGFDSOHXJX4JUw,27500,2fatyNIqnFI,【正直、舐めてました】DCMの激安ホイールクリーナー＆タイヤワックスをプロが使った結果…,2026-09-03,45503,1.6547,8:59,539,0,video,2.0,0,https://www.youtube.com/watch?v=2fatyNIqnFI,https://i.ytimg.com/vi/2fatyNIqnFI/hqdefault.jpg
センスアールのRYUYA,UCXCy0fYOsvGFDSOHXJX4JUw,27500,MarWPWppHBE,【本気検証】コメリ大人気傷埋め剤vs 自社新商品…キズが消えるのはどっち？ 切り抜き3,2026-08-13,45221,1.6444,,,1,short,2.0,0,https://www.youtube.com/watch?v=MarWPWppHBE,https://i.ytimg.com/vi/MarWPWppHBE/hqdefault.jpg
センスアールのRYUYA,UCXCy0fYOsvGFDSOHXJX4JUw,27500,iuwPwqbnd8M,【ムラなしって本当？】レインドロップ新作を黒ボディで検証！本当にムラにならないのか本気で検証します1＃レインドロップ＃洗車＃撥水,2026-06-19,45135,1.6413,,,1,short,2.0,0,https://www.youtube.com/watch?v=iuwPwqbnd8M,https://i.ytimg.com/vi/iuwPwqbnd8M/hqdefault.jpg
僕たちの洗車旅。,UCBHG2P_CcPLCQkFQROGxjLA,23000,0SZiEdluE5Q,こんな洗車スポンジの動かし方してませんか？#洗車 #洗車用品 #ながら洗車 #手洗い洗車 #車 #車好き,2025-12-26,37647,1.6368,,,1,short,2.0,0,https://www.youtube.com/watch?v=0SZiEdluE5Q,https://i.ytimg.com/vi/0SZiEdluE5Q/hqdefault.jpg
センスアールのRYUYA,UCXCy0fYOsvGFDSOHXJX4JUw,27500,QKcn3pVC0dw,【洗車の裏技】これやめるだけでコーティングの持ちが10倍になります,2026-05-05,44910,1.6331,13:11,791,0,video,2.0,0,https://www.youtube.com/watch?v=QKcn3pVC0dw,https://i.ytimg.com/vi/QKcn3pVC0dw/hqdefault.jpg
僕たちの洗車旅。,UCBHG2P_CcPLCQkFQROGxjLA,23000,INuvbBKN2Ro,【初心者でもプロ級に仕上がる！】洗車のプロ＆カー用品店が激推しする神アイテムがヤバすぎた…,2026-01-17,37290,1.6213,27:34,1654,0,video,2.0,0,https://www.youtube.com/watch?v=INuvbBKN2Ro,https://i.ytimg.com/vi/INuvbBKN2Ro/hqdefault.jpg
センスアールのRYUYA,UCXCy0fYOsvGFDSOHXJX4JUw,27500,9ojZ_XfJ5iU,【昭和の名車】50年前のS30フェアレディZを総額300万円でレストア！果たして本当に蘇る？,2025-10-21,44485,1.6176,32:04,1924,0,video,2.0,0,https://www.youtube.com/watch?v=9ojZ_XfJ5iU,https://i.ytimg.com/vi/9ojZ_XfJ5iU/hqdefault.jpg
僕たちの洗車旅。,UCBHG2P_CcPLCQkFQROGxjLA,23000,lG1m8nkJHM4,磨き初心者はコレ一択！#洗車 #洗車用品 #ながら洗車 #微粒子研磨剤 #BASE #車 #車好き #車磨き,2025-12-18,36682,1.5949,,,1,short,2.0,0,https://www.youtube.com/watch?v=lG1m8nkJHM4,https://i.ytimg.com/vi/lG1m8nkJHM4/hqdefault.jpg
僕たちの洗車旅。,UCBHG2P_CcPLCQkFQROGxjLA,23000,997nOh9Y0ZI,【手磨きで古いガラスコーティング・ウォータースポット・深い傷まで落とし、艶ブーストをかける】DEEP BASEのシン・説明書｜ながら洗車,2026-05-16,35986,1.5646,40:01,2401,0,video,2.0,0,https://www.youtube.com/watch?v=997nOh9Y0ZI,https://i.ytimg.com/vi/997nOh9Y0ZI/hqdefault.jpg
ワイズ社長のワイズチャンネル,UCr65_J7H0Lu_zJHOCuHswww,125000,OaXMMgJRirc,【赤字確定した】プラドが大暴落したので販売します。買取赤字王,2026-02-09,195558,1.5645,14:29,869,0,video,1.0,1,https://www.youtube.com/watch?v=OaXMMgJRirc,https://i.ytimg.com/vi/OaXMMgJRirc/hqdefault.jpg
僕たちの洗車旅。,UCBHG2P_CcPLCQkFQROGxjLA,23000,uBppuwb9WSo,【迷惑？】プロ洗車屋が洗車場へ飛び込み営業で手洗い洗車してみた結果 #洗車 ,2026-06-27,35853,1.5588,28:21,1701,0,video,2.0,0,https://www.youtube.com/watch?v=uBppuwb9WSo,https://i.ytimg.com/vi/uBppuwb9WSo/hqdefault.jpg
ワイズ社長のワイズチャンネル,UCr65_J7H0Lu_zJHOCuHswww,125000,lcUWGyYjNvA,AA3.5点が『どう見ても事故歴ありだ！』と言うてきた客と揉めてます,2026-07-29,194240,1.5539,11:56,716,0,video,1.0,1,https://www.youtube.com/watch?v=lcUWGyYjNvA,https://i.ytimg.com/vi/lcUWGyYjNvA/hqdefault.jpg
ワイズ社長のワイズチャンネル,UCr65_J7H0Lu_zJHOCuHswww,125000,4j7FnMm_hcA,オークション仕入れミス,2025-10-11,190175,1.5214,8:26,506,0,video,1.0,1,https://www.youtube.com/watch?v=4j7FnMm_hcA,https://i.ytimg.com/vi/4j7FnMm_hcA/hqdefault.jpg
WAX-WASH,UClwYG24hyQ2fUcCMyXNxRpg,160000,yiIGnF8fkDc,【永久保存版】汚れ9割落ちる！年末に買うべき洗車用品2選,2025-12-06,239974,1.4998,11:58,718,0,video,1.0,1,https://www.youtube.com/watch?v=yiIGnF8fkDc,https://i.ytimg.com/vi/yiIGnF8fkDc/hqdefault.jpg
ワイズ社長のワイズチャンネル,UCr65_J7H0Lu_zJHOCuHswww,125000,2XL5j-3Yggg,【AA出品車が事故】車屋が解説します。ベントレー大事故の真相は？,2026-03-25,186159,1.4893,13:22,802,0,video,1.0,1,https://www.youtube.com/watch?v=2XL5j-3Yggg,https://i.ytimg.com/vi/2XL5j-3Yggg/hqdefault.jpg
僕たちの洗車旅。,UCBHG2P_CcPLCQkFQROGxjLA,23000,Gntr8oIadWs,窓ガラスのウロコ除去の裏技‼️ #洗車 #洗車グッズ #ながら洗車 #車 #車好き,2026-09-01,34135,1.4841,,,1,short,2.0,0,https://www.youtube.com/watch?v=Gntr8oIadWs,https://i.ytimg.com/vi/Gntr8oIadWs/hqdefault.jpg
ワイズ社長のワイズチャンネル,UCr65_J7H0Lu_zJHOCuHswww,125000,OTSOCrNkUBo,やっぱりEV車は無理！イキって買ったテスラを３ヶ月で降りて売却します　＃テスラを売却　＃やっぱりEV車無理か　＃EV車のバブル,2026-08-29,184249,1.4740,13:34,814,0,video,1.0,1,https://www.youtube.com/watch?v=OTSOCrNkUBo,https://i.ytimg.com/vi/OTSOCrNkUBo/hqdefault.jpg
ワイズ社長のワイズチャンネル,UCr65_J7H0Lu_zJHOCuHswww,125000,2mNEZbfTMNk,新車納車直前にひょう害！ディーラーの見解は？,2026-07-31,182382,1.4591,14:07,847,0,video,1.0,1,https://www.youtube.com/watch?v=2mNEZbfTMNk,https://i.ytimg.com/vi/2mNEZbfTMNk/hqdefault.jpg
ワイズ社長のワイズチャンネル,UCr65_J7H0Lu_zJHOCuHswww,125000,JunVeVBu8DA,日本一舐めた営業マンが来た！高額機材５２万8000円の車診断機（テスター）買った,2025-10-16,179519,1.4362,22:44,1364,0,video,1.0,1,https://www.youtube.com/watch?v=JunVeVBu8DA,https://i.ytimg.com/vi/JunVeVBu8DA/hqdefault.jpg
ワイズ社長のワイズチャンネル,UCr65_J7H0Lu_zJHOCuHswww,125000,SqIuKTv2ucI,【前代未聞】超極上車のはずが価値なし！,2025-12-13,178032,1.4243,14:38,878,0,video,1.0,1,https://www.youtube.com/watch?v=SqIuKTv2ucI,https://i.ytimg.com/vi/SqIuKTv2ucI/hqdefault.jpg
ワイズ社長のワイズチャンネル,UCr65_J7H0Lu_zJHOCuHswww,125000,ZqRATXAQfVk,秒で売れたランクル300の「ルーフレールが無いからキャンセル」と言われたので純正で取付ました。実は後付けできます,2026-06-04,177873,1.4230,16:22,982,0,video,1.0,1,https://www.youtube.com/watch?v=ZqRATXAQfVk,https://i.ytimg.com/vi/ZqRATXAQfVk/hqdefault.jpg
ピットワン,UCW3rbAgw8x0brFr29v50FJg,257000,NRi-NGWMz80,半額で買った軽自動車の中身があまりにも危険な状態でした、、、,2026-02-20,364954,1.4201,16:52,1012,0,video,1.0,1,https://www.youtube.com/watch?v=NRi-NGWMz80,https://i.ytimg.com/vi/NRi-NGWMz80/hqdefault.jpg
ワイズ社長のワイズチャンネル,UCr65_J7H0Lu_zJHOCuHswww,125000,qifC0dNn-9E,小田オートが大きなミスをしたので冷やかしに行きました,2025-12-30,177289,1.4183,9:50,590,0,video,1.0,1,https://www.youtube.com/watch?v=qifC0dNn-9E,https://i.ytimg.com/vi/qifC0dNn-9E/hqdefault.jpg
ワイズ社長のワイズチャンネル,UCr65_J7H0Lu_zJHOCuHswww,125000,Z0QAAfa0aXQ,小田オートが資金難で土下座して泣きついてきました,2026-02-18,173946,1.3916,18:20,1100,0,video,1.0,1,https://www.youtube.com/watch?v=Z0QAAfa0aXQ,https://i.ytimg.com/vi/Z0QAAfa0aXQ/hqdefault.jpg
センスアールのRYUYA,UCXCy0fYOsvGFDSOHXJX4JUw,27500,10lAMP8visQ,【2025年ベストバイ】コメリCRUZARDで本当に買ってよかった洗車グッズTOP3！【洗車のプロが厳選】,2025-12-30,38027,1.3828,14:50,890,0,video,2.0,0,https://www.youtube.com/watch?v=10lAMP8visQ,https://i.ytimg.com/vi/10lAMP8visQ/hqdefault.jpg
センスアールのRYUYA,UCXCy0fYOsvGFDSOHXJX4JUw,27500,p20jIDQcr5o,まだミットで洗ってる？高品質の新作ギガ泡洗車ブラシDX #ギガ泡 #洗車用品#洗車#泡,2026-06-13,37509,1.3640,,,1,short,2.0,0,https://www.youtube.com/watch?v=p20jIDQcr5o,https://i.ytimg.com/vi/p20jIDQcr5o/hqdefault.jpg
WAX-WASH,UClwYG24hyQ2fUcCMyXNxRpg,160000,vq2mRHsYqQE,純水器の誤解。拭き上げ不要ではありません,2026-03-08,218019,1.3626,,,1,short,1.0,1,https://www.youtube.com/watch?v=vq2mRHsYqQE,https://i.ytimg.com/vi/vq2mRHsYqQE/hqdefault.jpg
僕たちの洗車旅。,UCBHG2P_CcPLCQkFQROGxjLA,23000,yGSKLTtYKf8,【新事実】クイックディテーラーって必要？使う意味あるのか徹底検証してみた結果…,2025-11-15,30500,1.3261,27:25,1645,0,video,2.0,0,https://www.youtube.com/watch?v=yGSKLTtYKf8,https://i.ytimg.com/vi/yGSKLTtYKf8/hqdefault.jpg
僕たちの洗車旅。,UCBHG2P_CcPLCQkFQROGxjLA,23000,Ql_2QItMMrI,取れなくなったシールの痕、これで落とせます！#洗車 #洗車用品 #ながら洗車 #シール #ステッカー  #車 #車好き,2025-10-30,30253,1.3153,,,1,short,2.0,0,https://www.youtube.com/watch?v=Ql_2QItMMrI,https://i.ytimg.com/vi/Ql_2QItMMrI/hqdefault.jpg
ピットワン,UCW3rbAgw8x0brFr29v50FJg,257000,pWsBJpqkrX0,事故車でもないのにうるさ過ぎて乗れない!?トヨタシエンタの謎の音の正体とは？,2026-01-30,334084,1.2999,10:08,608,0,video,1.0,1,https://www.youtube.com/watch?v=pWsBJpqkrX0,https://i.ytimg.com/vi/pWsBJpqkrX0/hqdefault.jpg
ワイズ社長のワイズチャンネル,UCr65_J7H0Lu_zJHOCuHswww,125000,YtHQegO5tOs,この車、リセール終わってます。。。新車440万円→○○万円,2026-05-18,161729,1.2938,8:56,536,0,video,1.0,1,https://www.youtube.com/watch?v=YtHQegO5tOs,https://i.ytimg.com/vi/YtHQegO5tOs/hqdefault.jpg
僕たちの洗車旅。,UCBHG2P_CcPLCQkFQROGxjLA,23000,PKilkr-ejWM,【濃色車の傷・水シミを瞬殺し艶を戻す】シャドウのシン・説明書｜ながら洗車,2026-04-11,29725,1.2924,31:06,1866,0,video,2.0,0,https://www.youtube.com/watch?v=PKilkr-ejWM,https://i.ytimg.com/vi/PKilkr-ejWM/hqdefault.jpg
ワイズ社長のワイズチャンネル,UCr65_J7H0Lu_zJHOCuHswww,125000,GLqCPFqrWnk,２万円の車,2025-09-20,159703,1.2776,17:05,1025,0,video,1.0,1,https://www.youtube.com/watch?v=GLqCPFqrWnk,https://i.ytimg.com/vi/GLqCPFqrWnk/hqdefault.jpg
センスアールのRYUYA,UCXCy0fYOsvGFDSOHXJX4JUw,27500,Ttnv92SPTeo,【初心者必見】車内清掃は順番が命！プロが実演で教えます,2026-03-31,35127,1.2773,17:36,1056,0,video,2.0,0,https://www.youtube.com/watch?v=Ttnv92SPTeo,https://i.ytimg.com/vi/Ttnv92SPTeo/hqdefault.jpg
僕たちの洗車旅。,UCBHG2P_CcPLCQkFQROGxjLA,23000,0uwzLpXv8lQ,【驚愕】洗車のプロが本気を出したらいくらもらえるのか？検証してみた！,2026-08-08,29378,1.2773,36:01,2161,0,video,2.0,0,https://www.youtube.com/watch?v=0uwzLpXv8lQ,https://i.ytimg.com/vi/0uwzLpXv8lQ/hqdefault.jpg
センスアールのRYUYA,UCXCy0fYOsvGFDSOHXJX4JUw,27500,Kg_fUvYGuMU,ムラなしって本当？】レインドロップ新作を黒ボディで検証！本当にムラにならないのか本気で検証します,2026-06-07,34978,1.2719,13:24,804,0,video,2.0,0,https://www.youtube.com/watch?v=Kg_fUvYGuMU,https://i.ytimg.com/vi/Kg_fUvYGuMU/hqdefault.jpg
WAX-WASH,UClwYG24hyQ2fUcCMyXNxRpg,160000,2pcP02_iQGU,洗車してるのに水垢が増える原因と正しい落とし方｜ランドクルーザー,2026-03-14,203156,1.2697,30:04,1804,0,video,1.0,1,https://www.youtube.com/watch?v=2pcP02_iQGU,https://i.ytimg.com/vi/2pcP02_iQGU/hqdefault.jpg
ワイズ社長のワイズチャンネル,UCr65_J7H0Lu_zJHOCuHswww,125000,UZ3_nq_IAeE,チャンネル登録者４万人の車屋がこんなことをしていましたので暴露します。許せますか？,2026-07-06,155958,1.2477,20:18,1218,0,video,1.0,1,https://www.youtube.com/watch?v=UZ3_nq_IAeE,https://i.ytimg.com/vi/UZ3_nq_IAeE/hqdefault.jpg
ワイズ社長のワイズチャンネル,UCr65_J7H0Lu_zJHOCuHswww,125000,FUQBvTYWVAA,８万kmのCVTオイルがこんなにも汚いとは誰も思わなかった。トルコン太郎ではないATフルードオート交換機買ってみた。,2025-11-26,155080,1.2406,13:00,780,0,video,1.0,1,https://www.youtube.com/watch?v=FUQBvTYWVAA,https://i.ytimg.com/vi/FUQBvTYWVAA/hqdefault.jpg
ワイズ社長のワイズチャンネル,UCr65_J7H0Lu_zJHOCuHswww,125000,8VLIrJPtxt8,【カスタム総額４００万円】軽自動車１台分カスタムしてるエグい車買い取りました,2026-06-06,154458,1.2357,15:30,930,0,video,1.0,1,https://www.youtube.com/watch?v=8VLIrJPtxt8,https://i.ytimg.com/vi/8VLIrJPtxt8/hqdefault.jpg
ピットワン,UCW3rbAgw8x0brFr29v50FJg,257000,9gFwpyLbpJY,プロ直伝！見た事ない画期的なフィルムの貼り方を伝授 !?,2026-08-21,317182,1.2342,19:08,1148,0,video,1.0,1,https://www.youtube.com/watch?v=9gFwpyLbpJY,https://i.ytimg.com/vi/9gFwpyLbpJY/hqdefault.jpg
ワイズ社長のワイズチャンネル,UCr65_J7H0Lu_zJHOCuHswww,125000,f2Po_VMN3q8,買取後、重大な起因が見つかり事故歴あり認定、減額したので揉めてます,2026-08-01,151577,1.2126,20:11,1211,0,video,1.0,1,https://www.youtube.com/watch?v=f2Po_VMN3q8,https://i.ytimg.com/vi/f2Po_VMN3q8/hqdefault.jpg
センスアールのRYUYA,UCXCy0fYOsvGFDSOHXJX4JUw,27500,FjCU0NAHgVk,【安い・速い・簡単】コメリの激安タイヤWaxを使ってみた！本当に使える？,2025-11-01,33089,1.2032,18:32,1112,0,video,2.0,0,https://www.youtube.com/watch?v=FjCU0NAHgVk,https://i.ytimg.com/vi/FjCU0NAHgVk/hqdefault.jpg
センスアールのRYUYA,UCXCy0fYOsvGFDSOHXJX4JUw,27500,6mUgRS9TpX8,【洗車のプロが検証】シュアラスター最高峰WAX「マスターワークス」実力は本物か？,2026-01-21,32919,1.1971,13:34,814,0,video,2.0,0,https://www.youtube.com/watch?v=6mUgRS9TpX8,https://i.ytimg.com/vi/6mUgRS9TpX8/hqdefault.jpg
センスアールのRYUYA,UCXCy0fYOsvGFDSOHXJX4JUw,27500,YfZr1oWuTCg,【素人ほどやりがち…】プロが絶対やらないNG洗車３選！これやると大変な事になります,2025-11-04,32865,1.1951,12:23,743,0,video,2.0,0,https://www.youtube.com/watch?v=YfZr1oWuTCg,https://i.ytimg.com/vi/YfZr1oWuTCg/hqdefault.jpg
ワイズ社長のワイズチャンネル,UCr65_J7H0Lu_zJHOCuHswww,125000,a8LuZMaZK7A,【新たな急展開!!】車検にすんなり通ったキャンターの件で陸運局から謝罪電話がありました、さあミスったのはどちらの陸運局か？,2025-11-28,148956,1.1916,22:27,1347,0,video,1.0,1,https://www.youtube.com/watch?v=a8LuZMaZK7A,https://i.ytimg.com/vi/a8LuZMaZK7A/hqdefault.jpg
センスアールのRYUYA,UCXCy0fYOsvGFDSOHXJX4JUw,27500,hp_0vuUFZpU,【徹底比較】内窓クリーナーでここまで変わる？キイロビンをプロが検証！,2026-09-23,32602,1.1855,7:36,456,0,video,2.0,0,https://www.youtube.com/watch?v=hp_0vuUFZpU,https://i.ytimg.com/vi/hp_0vuUFZpU/hqdefault.jpg
センスアールのRYUYA,UCXCy0fYOsvGFDSOHXJX4JUw,27500,6DS6udAy54c,【プロが警告】簡易コーティングの落とし穴。間違うと大変な事になります..,2025-09-20,32521,1.1826,16:09,969,0,video,2.0,0,https://www.youtube.com/watch?v=6DS6udAy54c,https://i.ytimg.com/vi/6DS6udAy54c/hqdefault.jpg
センスアールのRYUYA,UCXCy0fYOsvGFDSOHXJX4JUw,27500,vg63OVEZrTg,まだミットで洗ってる？高品質の新作ギガ泡洗車ブラシDX,2026-06-12,32435,1.1795,,,1,short,2.0,0,https://www.youtube.com/watch?v=vg63OVEZrTg,https://i.ytimg.com/vi/vg63OVEZrTg/hqdefault.jpg
センスアールのRYUYA,UCXCy0fYOsvGFDSOHXJX4JUw,27500,Sfye4ephVeM,【炎上覚悟】よくある洗車の質問にプロが本音で答えます【NGなし】,2026-03-10,32250,1.1727,24:27,1467,0,video,2.0,0,https://www.youtube.com/watch?v=Sfye4ephVeM,https://i.ytimg.com/vi/Sfye4ephVeM/hqdefault.jpg
センスアールのRYUYA,UCXCy0fYOsvGFDSOHXJX4JUw,27500,B6KHfaKk3VU,【愛車紹介】最強のBMW買っちゃいました G87 M2クーペ徹底紹介,2025-11-28,32192,1.1706,25:58,1558,0,video,2.0,0,https://www.youtube.com/watch?v=B6KHfaKk3VU,https://i.ytimg.com/vi/B6KHfaKk3VU/hqdefault.jpg
ワイズ社長のワイズチャンネル,UCr65_J7H0Lu_zJHOCuHswww,125000,nPPZfbLko-o,安っすいアルファード買ったけど実は最強かもな,2026-08-04,145276,1.1622,13:20,800,0,video,1.0,1,https://www.youtube.com/watch?v=nPPZfbLko-o,https://i.ytimg.com/vi/nPPZfbLko-o/hqdefault.jpg
センスアールのRYUYA,UCXCy0fYOsvGFDSOHXJX4JUw,27500,jcE-h9F_XHg,プロ直伝】9割が間違ってる！アルファードの正しい洗車手順を完全公開,2026-09-11,31953,1.1619,15:41,941,0,video,2.0,0,https://www.youtube.com/watch?v=jcE-h9F_XHg,https://i.ytimg.com/vi/jcE-h9F_XHg/hqdefault.jpg
WAX-WASH,UClwYG24hyQ2fUcCMyXNxRpg,160000,G_brZo2EyY0,限界寸前のクラウンが洗車で奇跡の復活！！,2026-07-31,185767,1.1610,27:04,1624,0,video,1.0,1,https://www.youtube.com/watch?v=G_brZo2EyY0,https://i.ytimg.com/vi/G_brZo2EyY0/hqdefault.jpg
WAX-WASH,UClwYG24hyQ2fUcCMyXNxRpg,160000,Vy1w76lZHU8,洗車だけで艶は戻る？5年目ノアの現実,2026-09-12,185365,1.1585,29:20,1760,0,video,1.0,1,https://www.youtube.com/watch?v=Vy1w76lZHU8,https://i.ytimg.com/vi/Vy1w76lZHU8/hqdefault.jpg
ワイズ社長のワイズチャンネル,UCr65_J7H0Lu_zJHOCuHswww,125000,kC1WBcIAgTA,今更クラウンを正直レビュー！いつかはクラウン世代がクラウンスポーツを乗ったらどう思うのか？,2026-09-19,144525,1.1562,17:26,1046,0,video,1.0,1,https://www.youtube.com/watch?v=kC1WBcIAgTA,https://i.ytimg.com/vi/kC1WBcIAgTA/hqdefault.jpg
ワイズ社長のワイズチャンネル,UCr65_J7H0Lu_zJHOCuHswww,125000,9mKyzhktuOA,緊急事態　車屋は絶対に見てくれ！,2026-05-11,144249,1.1540,,,1,short,1.0,1,https://www.youtube.com/watch?v=9mKyzhktuOA,https://i.ytimg.com/vi/9mKyzhktuOA/hqdefault.jpg
僕たちの洗車旅。,UCBHG2P_CcPLCQkFQROGxjLA,23000,bAOuge35SfQ,樹脂の劣化を復活させる方法！#洗車 #洗車用品 #ながら洗車 #樹脂 #未塗装樹脂 #車 #車好き,2025-10-31,26296,1.1433,,,1,short,2.0,0,https://www.youtube.com/watch?v=bAOuge35SfQ,https://i.ytimg.com/vi/bAOuge35SfQ/hqdefault.jpg
僕たちの洗車旅。,UCBHG2P_CcPLCQkFQROGxjLA,23000,bJ1pSwA2ou8,【ディーラー泣かせ】市販品だけで艶レベルMAX⁉下地処理から1年コーティング全手順をプロが完全解説！,2025-09-20,26281,1.1427,27:21,1641,0,video,2.0,0,https://www.youtube.com/watch?v=bJ1pSwA2ou8,https://i.ytimg.com/vi/bJ1pSwA2ou8/hqdefault.jpg
ワイズ社長のワイズチャンネル,UCr65_J7H0Lu_zJHOCuHswww,125000,xckF92JaoPA,【AA異常事態】実は今、オークションが異常事態！暴落もですがそれよりも凄いことに気づいた。戦争と物価高騰の裏でとんでもなくボロ儲けしてるところがありました。,2026-04-22,140240,1.1219,10:00,600,0,video,1.0,1,https://www.youtube.com/watch?v=xckF92JaoPA,https://i.ytimg.com/vi/xckF92JaoPA/hqdefault.jpg
ピットワン,UCW3rbAgw8x0brFr29v50FJg,257000,xAoyBSKDRcI,事故を隠して中古車を売ってる？信じられない車業界の闇を見た、、、,2026-02-21,287856,1.1201,15:27,927,0,video,1.0,1,https://www.youtube.com/watch?v=xAoyBSKDRcI,https://i.ytimg.com/vi/xAoyBSKDRcI/hqdefault.jpg
センスアールのRYUYA,UCXCy0fYOsvGFDSOHXJX4JUw,27500,1xGsQQ4BRMY,【徹底比較】今一番買うべき簡易コーティングはどれ？人気5商品をプロが本気検証！,2026-08-22,30666,1.1151,17:05,1025,0,video,2.0,0,https://www.youtube.com/watch?v=1xGsQQ4BRMY,https://i.ytimg.com/vi/1xGsQQ4BRMY/hqdefault.jpg
ワイズ社長のワイズチャンネル,UCr65_J7H0Lu_zJHOCuHswww,125000,A41Ftx6ZBKo,【極悪店】30プリウス前期を100万円以上で買わされて1カ月で廃車を余儀なくされた客,2025-10-14,139121,1.1130,14:53,893,0,video,1.0,1,https://www.youtube.com/watch?v=A41Ftx6ZBKo,https://i.ytimg.com/vi/A41Ftx6ZBKo/hqdefault.jpg
ピットワン,UCW3rbAgw8x0brFr29v50FJg,257000,SzS-oCeTs7k,名車スカイライン復活の兆し！？超大手2社が手を組む奇跡の瞬間がこちら！！！,2025-10-04,284843,1.1083,17:26,1046,0,video,1.0,1,https://www.youtube.com/watch?v=SzS-oCeTs7k,https://i.ytimg.com/vi/SzS-oCeTs7k/hqdefault.jpg
僕たちの洗車旅。,UCBHG2P_CcPLCQkFQROGxjLA,23000,SZ8lBs8he4s,【粘土不要！でも根こそぎ鉄粉除去！】アイアンデリートのシン・説明書｜ながら洗車,2026-04-18,25370,1.1030,42:14,2534,0,video,2.0,0,https://www.youtube.com/watch?v=SZ8lBs8he4s,https://i.ytimg.com/vi/SZ8lBs8he4s/hqdefault.jpg
ワイズ社長のワイズチャンネル,UCr65_J7H0Lu_zJHOCuHswww,125000,eWSPkKxRTfQ,【注意喚起】アホすぎてヤバい客,2026-04-25,136694,1.0936,10:24,624,0,video,1.0,1,https://www.youtube.com/watch?v=eWSPkKxRTfQ,https://i.ytimg.com/vi/eWSPkKxRTfQ/hqdefault.jpg
WAX-WASH,UClwYG24hyQ2fUcCMyXNxRpg,160000,y2u7tnr468c,新車なのに…クラウンが水垢だらけになった理由　クラウンエステートcrownestate,2025-11-30,174433,1.0902,22:36,1356,0,video,1.0,1,https://www.youtube.com/watch?v=y2u7tnr468c,https://i.ytimg.com/vi/y2u7tnr468c/hqdefault.jpg
ピットワン,UCW3rbAgw8x0brFr29v50FJg,257000,Kfs38sOo2g8,交通事故の恐ろしさを解明!?修理前の事故車がまさかの…,2026-03-27,279476,1.0875,15:35,935,0,video,1.0,1,https://www.youtube.com/watch?v=Kfs38sOo2g8,https://i.ytimg.com/vi/Kfs38sOo2g8/hqdefault.jpg
僕たちの洗車旅。,UCBHG2P_CcPLCQkFQROGxjLA,23000,s4346hhTUmk,【知らないと損！】3か月綺麗が続くタイヤホイールの洗い方【洗車プロ実践】,2025-11-01,24501,1.0653,22:37,1357,0,video,2.0,0,https://www.youtube.com/watch?v=s4346hhTUmk,https://i.ytimg.com/vi/s4346hhTUmk/hqdefault.jpg
僕たちの洗車旅。,UCBHG2P_CcPLCQkFQROGxjLA,23000,bvEwzwD4C_w,僕旅シャンプーついに発売‼️ #洗車 #カーシャンプー #ながら洗車 #車 #車好き,2025-12-31,24474,1.0641,,,1,short,2.0,0,https://www.youtube.com/watch?v=bvEwzwD4C_w,https://i.ytimg.com/vi/bvEwzwD4C_w/hqdefault.jpg
ワイズ社長のワイズチャンネル,UCr65_J7H0Lu_zJHOCuHswww,125000,fcO2GHHzlaI,新型エルグランド大暴落しました,2026-08-08,131367,1.0509,12:27,747,0,video,1.0,1,https://www.youtube.com/watch?v=fcO2GHHzlaI,https://i.ytimg.com/vi/fcO2GHHzlaI/hqdefault.jpg
ピットワン,UCW3rbAgw8x0brFr29v50FJg,257000,Uz3PNp39_k8,直しすぎた事故車!?説明のつかない傷があるCHRの謎に迫る…,2026-06-06,269381,1.0482,23:19,1399,0,video,1.0,1,https://www.youtube.com/watch?v=Uz3PNp39_k8,https://i.ytimg.com/vi/Uz3PNp39_k8/hqdefault.jpg
僕たちの洗車旅。,UCBHG2P_CcPLCQkFQROGxjLA,23000,ADHDmyF7BP8,鉄粉除去のあと、これやって‼️#洗車 #鉄粉除去 #ながら洗車 #車 #車好き,2026-07-10,24101,1.0479,,,1,short,2.0,0,https://www.youtube.com/watch?v=ADHDmyF7BP8,https://i.ytimg.com/vi/ADHDmyF7BP8/hqdefault.jpg
ワイズ社長のワイズチャンネル,UCr65_J7H0Lu_zJHOCuHswww,125000,eQHeUhIV5fY,小田オートが緊急入院したので最後に一目会いに行きました,2026-06-17,130871,1.0470,8:59,539,0,video,1.0,1,https://www.youtube.com/watch?v=eQHeUhIV5fY,https://i.ytimg.com/vi/eQHeUhIV5fY/hqdefault.jpg
僕たちの洗車旅。,UCBHG2P_CcPLCQkFQROGxjLA,23000,OOT6h2GOMcY,【実は神コスパ】2000円で艶爆上がり!? ブリスの正しい使い方を徹底解説！【DIYガラスコーティング】,2025-10-11,23971,1.0422,26:36,1596,0,video,2.0,0,https://www.youtube.com/watch?v=OOT6h2GOMcY,https://i.ytimg.com/vi/OOT6h2GOMcY/hqdefault.jpg
ワイズ社長のワイズチャンネル,UCr65_J7H0Lu_zJHOCuHswww,125000,IOXktfvwGWg,ポルテ沼にハマった客が３台目の極上ポルテを買いました,2026-09-01,130238,1.0419,10:03,603,0,video,1.0,1,https://www.youtube.com/watch?v=IOXktfvwGWg,https://i.ytimg.com/vi/IOXktfvwGWg/hqdefault.jpg
センスアールのRYUYA,UCXCy0fYOsvGFDSOHXJX4JUw,27500,lQgFfyKNIw0,最強のクイックディテーラー,2026-07-17,28270,1.0280,15:55,955,0,video,2.0,0,https://www.youtube.com/watch?v=lQgFfyKNIw0,https://i.ytimg.com/vi/lQgFfyKNIw0/hqdefault.jpg
ワイズ社長のワイズチャンネル,UCr65_J7H0Lu_zJHOCuHswww,125000,X_oNi7yUv04,新オーバートルク詐欺は実は友達でしたので聞いて激怒しました,2026-06-19,127256,1.0180,10:03,603,0,video,1.0,1,https://www.youtube.com/watch?v=X_oNi7yUv04,https://i.ytimg.com/vi/X_oNi7yUv04/hqdefault.jpg
ワイズ社長のワイズチャンネル,UCr65_J7H0Lu_zJHOCuHswww,125000,ysXAXD17ONA,【注意喚起】買取詐欺にあって入金されていない方からの情報提供です。まだニュースになっていないので必ず見てください,2025-10-31,126997,1.0160,9:36,576,0,video,1.0,1,https://www.youtube.com/watch?v=ysXAXD17ONA,https://i.ytimg.com/vi/ysXAXD17ONA/hqdefault.jpg
センスアールのRYUYA,UCXCy0fYOsvGFDSOHXJX4JUw,27500,oUpMjqwtZCk,"【最強ブロワー】もうタオルは必要無し!?一瞬で洗車が終わる""超""時短アイテムを紹介します",2025-11-25,27616,1.0042,14:43,883,0,video,2.0,0,https://www.youtube.com/watch?v=oUpMjqwtZCk,https://i.ytimg.com/vi/oUpMjqwtZCk/hqdefault.jpg
センスアールのRYUYA,UCXCy0fYOsvGFDSOHXJX4JUw,27500,0-auzcmJC-k,【最新版vs旧モデル】コメリCRUZARDのWAXスプレーはどこが変わった？,2025-11-11,27531,1.0011,13:49,829,0,video,2.0,0,https://www.youtube.com/watch?v=0-auzcmJC-k,https://i.ytimg.com/vi/0-auzcmJC-k/hqdefault.jpg
WAX-WASH,UClwYG24hyQ2fUcCMyXNxRpg,160000,QD4tjG24uUk,洗車で奇跡の復活！過去最恐の水垢に覆われたハリアー【４K】,2026-01-12,159918,0.9995,34:43,2083,0,video,1.0,0,https://www.youtube.com/watch?v=QD4tjG24uUk,https://i.ytimg.com/vi/QD4tjG24uUk/hqdefault.jpg
センスアールのRYUYA,UCXCy0fYOsvGFDSOHXJX4JUw,27500,pH_y1RMDsZY,【最初にやれ】艶が戻らない原因はコレ。“研磨なし”でも艶が変わる理由を全部話します｜SENSE-Rクラファン第1弾,2026-06-08,27402,0.9964,13:00,780,0,video,2.0,0,https://www.youtube.com/watch?v=pH_y1RMDsZY,https://i.ytimg.com/vi/pH_y1RMDsZY/hqdefault.jpg
僕たちの洗車旅。,UCBHG2P_CcPLCQkFQROGxjLA,23000,u9dVJ4uQKpw,純水・温水完備の24時間使える洗車場見つけた‼️ D-Wash本庄 #洗車 #Dwash #車 #車好き #洗車場 #ながら洗車,2026-02-22,22727,0.9881,,,1,short,2.0,0,https://www.youtube.com/watch?v=u9dVJ4uQKpw,https://i.ytimg.com/vi/u9dVJ4uQKpw/hqdefault.jpg
ピットワン,UCW3rbAgw8x0brFr29v50FJg,257000,b4Zp5cbxd_A,【DIY】割れたエアロの直し方をプロに聞いたらマネできる神技連発だった!?,2025-12-20,253626,0.9869,32:14,1934,0,video,1.0,0,https://www.youtube.com/watch?v=b4Zp5cbxd_A,https://i.ytimg.com/vi/b4Zp5cbxd_A/hqdefault.jpg
ワイズ社長のワイズチャンネル,UCr65_J7H0Lu_zJHOCuHswww,125000,RW68aK8Ks8Y,【アレもコレも無くなり】車屋無理ゲーです。エンジンオイル・アドブルーに続き○○も無くなる！？戦争の今後の影響は？,2026-05-13,123135,0.9851,10:30,630,0,video,1.0,0,https://www.youtube.com/watch?v=RW68aK8Ks8Y,https://i.ytimg.com/vi/RW68aK8Ks8Y/hqdefault.jpg
僕たちの洗車旅。,UCBHG2P_CcPLCQkFQROGxjLA,23000,vvo3X3NHC5Y,簡単にできるガラス系コーティング剤！#洗車 #洗車用品 #ながら洗車 #ガラスコーティング #ブリス,2025-10-26,22616,0.9833,,,1,short,2.0,0,https://www.youtube.com/watch?v=vvo3X3NHC5Y,https://i.ytimg.com/vi/vvo3X3NHC5Y/hqdefault.jpg
WAX-WASH,UClwYG24hyQ2fUcCMyXNxRpg,160000,Ce4JNX5HSOY,シャンプー洗車で汚れは９割残っている。,2026-03-08,157166,0.9823,,,1,short,1.0,0,https://www.youtube.com/watch?v=Ce4JNX5HSOY,https://i.ytimg.com/vi/Ce4JNX5HSOY/hqdefault.jpg
僕たちの洗車旅。,UCBHG2P_CcPLCQkFQROGxjLA,23000,tZnSrm2dn9I,ガラスコーティングのメンテナンスが必要な理由とは？#洗車 #洗車用品 #ながら洗車 #ガラスコーティング #メンテナンス,2025-10-18,22426,0.9750,,,1,short,2.0,0,https://www.youtube.com/watch?v=tZnSrm2dn9I,https://i.ytimg.com/vi/tZnSrm2dn9I/hqdefault.jpg
ワイズ社長のワイズチャンネル,UCr65_J7H0Lu_zJHOCuHswww,125000,mI8BniXePQo,【車屋の危機】実はシンナーだけではない、エンジンオイルとアレもなくなるかもしれません。,2026-04-11,121877,0.9750,9:31,571,0,video,1.0,0,https://www.youtube.com/watch?v=mI8BniXePQo,https://i.ytimg.com/vi/mI8BniXePQo/hqdefault.jpg
僕たちの洗車旅。,UCBHG2P_CcPLCQkFQROGxjLA,23000,HquvvV06euA,脱脂シャンプーマルチクリーナーの作り方#洗車 #ながら洗車 #脱脂シャンプー #虫汚れ #車 #車好き,2026-05-25,22386,0.9733,,,1,short,2.0,0,https://www.youtube.com/watch?v=HquvvV06euA,https://i.ytimg.com/vi/HquvvV06euA/hqdefault.jpg
ピットワン,UCW3rbAgw8x0brFr29v50FJg,257000,sClmIOOnYdI,中国からコンテナが!?大量のタイヤが海を超えてやってきた理由とは？？,2025-11-21,249897,0.9724,15:35,935,0,video,1.0,0,https://www.youtube.com/watch?v=sClmIOOnYdI,https://i.ytimg.com/vi/sClmIOOnYdI/hqdefault.jpg
僕たちの洗車旅。,UCBHG2P_CcPLCQkFQROGxjLA,23000,-r5e7kv_aJA,タイヤ洗浄、もう迷わない。#洗車 #洗車用品 #ながら洗車 #タイヤ #下回り洗浄 #僕たちの洗車旅 #車好き #車,2025-10-17,22341,0.9713,,,1,short,2.0,0,https://www.youtube.com/watch?v=-r5e7kv_aJA,https://i.ytimg.com/vi/-r5e7kv_aJA/hqdefault.jpg
僕たちの洗車旅。,UCBHG2P_CcPLCQkFQROGxjLA,23000,zfYubnrghSM,【初心者必見】洗車の正しい手順とコツ！失敗しない3か条をプロが実演,2026-08-22,22333,0.9710,35:06,2106,0,video,2.0,0,https://www.youtube.com/watch?v=zfYubnrghSM,https://i.ytimg.com/vi/zfYubnrghSM/hqdefault.jpg
WAX-WASH,UClwYG24hyQ2fUcCMyXNxRpg,160000,OlgURp8uM3I,なぜ洗車のプロは軟水器を選ぶのか,2026-04-02,154577,0.9661,,,1,short,1.0,0,https://www.youtube.com/watch?v=OlgURp8uM3I,https://i.ytimg.com/vi/OlgURp8uM3I/hqdefault.jpg
ピットワン,UCW3rbAgw8x0brFr29v50FJg,257000,TurkBtX4trM,ヘッドライトの黄ばみ除去はDIYが最強!?プロが選ぶNo.1とは!?,2026-08-01,246446,0.9589,15:29,929,0,video,1.0,0,https://www.youtube.com/watch?v=TurkBtX4trM,https://i.ytimg.com/vi/TurkBtX4trM/hqdefault.jpg
僕たちの洗車旅。,UCBHG2P_CcPLCQkFQROGxjLA,23000,eug2uWU7sPw,【2時間硬化の本格DIYガラスコーティング】ファストガラスのシン・説明書｜ながら洗車,2026-05-02,21726,0.9446,39:29,2369,0,video,2.0,0,https://www.youtube.com/watch?v=eug2uWU7sPw,https://i.ytimg.com/vi/eug2uWU7sPw/hqdefault.jpg
僕たちの洗車旅。,UCBHG2P_CcPLCQkFQROGxjLA,23000,PT87aJQDSUo,ホワイトレターを超簡単に白に戻す方法！#洗車 #洗車用品 #ながら洗車 #タイヤ #ホワイトレター #車 #車好き,2025-11-21,21679,0.9426,,,1,short,2.0,0,https://www.youtube.com/watch?v=PT87aJQDSUo,https://i.ytimg.com/vi/PT87aJQDSUo/hqdefault.jpg
ワイズ社長のワイズチャンネル,UCr65_J7H0Lu_zJHOCuHswww,125000,0KRTvLts29M,【金額公開】30万ｋｍアルファードを１年前に仕入れ、１万ｋｍ乗って売却したらナンボ損するのか？検証,2026-04-17,117687,0.9415,12:06,726,0,video,1.0,0,https://www.youtube.com/watch?v=0KRTvLts29M,https://i.ytimg.com/vi/0KRTvLts29M/hqdefault.jpg
僕たちの洗車旅。,UCBHG2P_CcPLCQkFQROGxjLA,23000,afFkVFpiTLY,【板金塗装に出す前に見て】洗車好きなら簡単にできちゃう車についた傷の消し方,2026-01-31,21504,0.9350,26:53,1613,0,video,2.0,0,https://www.youtube.com/watch?v=afFkVFpiTLY,https://i.ytimg.com/vi/afFkVFpiTLY/hqdefault.jpg
僕たちの洗車旅。,UCBHG2P_CcPLCQkFQROGxjLA,23000,RrGw2IeNmg8,【プロ直伝】GYEON社長が教える究極の手洗い洗車術 GYEONコラボ#1,2026-09-18,21496,0.9346,40:01,2401,0,video,2.0,0,https://www.youtube.com/watch?v=RrGw2IeNmg8,https://i.ytimg.com/vi/RrGw2IeNmg8/hqdefault.jpg
僕たちの洗車旅。,UCBHG2P_CcPLCQkFQROGxjLA,23000,nHbl2XdvCXg,塩カルって何？落とし方・対策 #洗車 #塩カル #ながら洗車 #車 #車好き,2026-04-25,21429,0.9317,,,1,short,2.0,0,https://www.youtube.com/watch?v=nHbl2XdvCXg,https://i.ytimg.com/vi/nHbl2XdvCXg/hqdefault.jpg
センスアールのRYUYA,UCXCy0fYOsvGFDSOHXJX4JUw,27500,n6dEFPqMtqY,【プロ直伝】9割が間違ってる！コメリ樹脂コートの正しい使い方で黒ツヤ完全復活ショート1 ＃コメリ　＃樹脂コート,2026-06-24,25501,0.9273,,,1,short,2.0,0,https://www.youtube.com/watch?v=n6dEFPqMtqY,https://i.ytimg.com/vi/n6dEFPqMtqY/hqdefault.jpg
ワイズ社長のワイズチャンネル,UCr65_J7H0Lu_zJHOCuHswww,125000,f1VaH4Az6wA,【816日の長期在庫】７０台も在庫あるのに月２台しか売れない車屋,2026-01-21,115814,0.9265,9:22,562,0,video,1.0,0,https://www.youtube.com/watch?v=f1VaH4Az6wA,https://i.ytimg.com/vi/f1VaH4Az6wA/hqdefault.jpg
ワイズ社長のワイズチャンネル,UCr65_J7H0Lu_zJHOCuHswww,125000,Jf694bJn7uc,日本①多走行のアレをやっと買いました,2025-09-24,115241,0.9219,20:50,1250,0,video,1.0,0,https://www.youtube.com/watch?v=Jf694bJn7uc,https://i.ytimg.com/vi/Jf694bJn7uc/hqdefault.jpg
ワイズ社長のワイズチャンネル,UCr65_J7H0Lu_zJHOCuHswww,125000,I1nzSasZogM,視聴者よ、こんなアホな車屋に捕まるなよ!!お前ら車屋はクズだ！,2025-10-25,112838,0.9027,16:30,990,0,video,1.0,0,https://www.youtube.com/watch?v=I1nzSasZogM,https://i.ytimg.com/vi/I1nzSasZogM/hqdefault.jpg
ワイズ社長のワイズチャンネル,UCr65_J7H0Lu_zJHOCuHswww,125000,cY7YEdPVnhU,過去①とんでもない結果になりました 汗,2025-11-22,112389,0.8991,8:09,489,0,video,1.0,0,https://www.youtube.com/watch?v=cY7YEdPVnhU,https://i.ytimg.com/vi/cY7YEdPVnhU/hqdefault.jpg
WAX-WASH,UClwYG24hyQ2fUcCMyXNxRpg,160000,YW6-I-fTor8,量販店の水垢落としで車が真っ白に…プロの洗車で蘇るまで,2026-04-08,143235,0.8952,30:03,1803,0,video,1.0,0,https://www.youtube.com/watch?v=YW6-I-fTor8,https://i.ytimg.com/vi/YW6-I-fTor8/hqdefault.jpg
センスアールのRYUYA,UCXCy0fYOsvGFDSOHXJX4JUw,27500,Sae4qjoVAUo,【ほぼ全員やってる】セルフ洗車場で絶対に避けたいNG行動7選,2026-09-01,24335,0.8849,11:45,705,0,video,2.0,0,https://www.youtube.com/watch?v=Sae4qjoVAUo,https://i.ytimg.com/vi/Sae4qjoVAUo/hqdefault.jpg
僕たちの洗車旅。,UCBHG2P_CcPLCQkFQROGxjLA,23000,bwX02g5j1T0,タイヤハウスの際、洗ってますか？#洗車 #洗車用品 #ながら洗車 #タイヤ #タイヤ洗浄 #下回り洗浄 #車 #車好き,2025-11-23,20347,0.8847,,,1,short,2.0,0,https://www.youtube.com/watch?v=bwX02g5j1T0,https://i.ytimg.com/vi/bwX02g5j1T0/hqdefault.jpg
ワイズ社長のワイズチャンネル,UCr65_J7H0Lu_zJHOCuHswww,125000,hsL12n2pgD8,大嫌いな車を持ち込まれ無理やり１００万円のカスタムを依頼してくる客はほんま大迷惑です。,2026-01-28,110448,0.8836,8:57,537,0,video,1.0,0,https://www.youtube.com/watch?v=hsL12n2pgD8,https://i.ytimg.com/vi/hsL12n2pgD8/hqdefault.jpg
僕たちの洗車旅。,UCBHG2P_CcPLCQkFQROGxjLA,23000,ZE1vlGZkZZo,リアゲート放置してない？洗い方を簡単解説✨#洗車 #洗車用品 #ながら洗車 #車 #車好き #細部洗浄,2025-10-16,20063,0.8723,,,1,short,2.0,0,https://www.youtube.com/watch?v=ZE1vlGZkZZo,https://i.ytimg.com/vi/ZE1vlGZkZZo/hqdefault.jpg
ワイズ社長のワイズチャンネル,UCr65_J7H0Lu_zJHOCuHswww,125000,cnIOcDt5I7E,本当に【資金難】で【倒産寸前】です。助けてください,2026-01-30,108955,0.8716,10:16,616,0,video,1.0,0,https://www.youtube.com/watch?v=cnIOcDt5I7E,https://i.ytimg.com/vi/cnIOcDt5I7E/hqdefault.jpg
チャンネル隊長,UCEgvzVCeW2MnHV-M62CxBDQ,217000,jMneN-d2tho,【車内清掃】27年落ち15万キロの喫煙車をリンサークリーナーで徹底洗浄！ヤニ汚れと臭いは落ちるのか？【スズキ Kei】,2026-08-29,187983,0.8663,9:21,561,0,video,1.0,0,https://www.youtube.com/watch?v=jMneN-d2tho,https://i.ytimg.com/vi/jMneN-d2tho/hqdefault.jpg
僕たちの洗車旅。,UCBHG2P_CcPLCQkFQROGxjLA,23000,rAJGGs19tuw,【忖度なし】車好き女子が選ぶカーシャンプーNo.1はコレ！,2026-03-14,19802,0.8610,1:01:09,3669,0,video,2.0,0,https://www.youtube.com/watch?v=rAJGGs19tuw,https://i.ytimg.com/vi/rAJGGs19tuw/hqdefault.jpg
僕たちの洗車旅。,UCBHG2P_CcPLCQkFQROGxjLA,23000,aO8Prlf3DTg,参考にしたい！ブラシの使い方！#洗車 #洗車用品 #細部洗浄 #ブラシ #車 #車好き   #diy,2025-11-11,19727,0.8577,,,1,short,2.0,0,https://www.youtube.com/watch?v=aO8Prlf3DTg,https://i.ytimg.com/vi/aO8Prlf3DTg/hqdefault.jpg
ワイズ社長のワイズチャンネル,UCr65_J7H0Lu_zJHOCuHswww,125000,yQyRimwIVPQ,２型ジムニーノマド、２台キャンセル喰らいましたので販売します!!,2026-09-14,106245,0.8500,8:03,483,0,video,1.0,0,https://www.youtube.com/watch?v=yQyRimwIVPQ,https://i.ytimg.com/vi/yQyRimwIVPQ/hqdefault.jpg
ワイズ社長のワイズチャンネル,UCr65_J7H0Lu_zJHOCuHswww,125000,ONVoqpKTeCE,【年始早々破門？】視聴者にかなり耳の痛いところを突かれましたが、答えない訳にいかないので本音で言ってはいけないオークション・車業界の闇を暴露しました,2026-01-03,106021,0.8482,14:37,877,0,video,1.0,0,https://www.youtube.com/watch?v=ONVoqpKTeCE,https://i.ytimg.com/vi/ONVoqpKTeCE/hqdefault.jpg
センスアールのRYUYA,UCXCy0fYOsvGFDSOHXJX4JUw,27500,fM-5lYtmtzY,【忖度なし】HID屋のヘッドライトクリーニングをプロが本気で検証｜本当に黄ばみは復活するのか？,2026-02-23,23307,0.8475,17:08,1028,0,video,2.0,0,https://www.youtube.com/watch?v=fM-5lYtmtzY,https://i.ytimg.com/vi/fM-5lYtmtzY/hqdefault.jpg
ワイズ社長のワイズチャンネル,UCr65_J7H0Lu_zJHOCuHswww,125000,TW1dRELRWWA,【完全非公開】年間10億円以上のオークション回しをするオークションのプロに他では絶対に聞けないオークションの闇を聞いてみた,2026-09-06,105708,0.8457,27:51,1671,0,video,1.0,0,https://www.youtube.com/watch?v=TW1dRELRWWA,https://i.ytimg.com/vi/TW1dRELRWWA/hqdefault.jpg
WAX-WASH,UClwYG24hyQ2fUcCMyXNxRpg,160000,q1cSZaiav1A,絶望的に汚れた車がプロの洗車で蘇る瞬間。,2025-11-05,135243,0.8453,33:04,1984,0,video,1.0,0,https://www.youtube.com/watch?v=q1cSZaiav1A,https://i.ytimg.com/vi/q1cSZaiav1A/hqdefault.jpg
僕たちの洗車旅。,UCBHG2P_CcPLCQkFQROGxjLA,23000,9r9Z6wkm8Vc,高速でヘッドライトの黄ばみを取る方法 #洗車 #洗車グッズ #ながら洗車 #車 #CHIRIN3 #ヘッドライト黄ばみ,2026-09-04,19420,0.8443,,,1,short,2.0,0,https://www.youtube.com/watch?v=9r9Z6wkm8Vc,https://i.ytimg.com/vi/9r9Z6wkm8Vc/hqdefault.jpg
ワイズ社長のワイズチャンネル,UCr65_J7H0Lu_zJHOCuHswww,125000,RxEivJBtdu0,明日８月８日バディカが大阪進出！？遂に来たんか。。。,2026-08-07,105404,0.8432,10:54,654,0,video,1.0,0,https://www.youtube.com/watch?v=RxEivJBtdu0,https://i.ytimg.com/vi/RxEivJBtdu0/hqdefault.jpg
僕たちの洗車旅。,UCBHG2P_CcPLCQkFQROGxjLA,23000,52lWBoLTZqM,優秀な洗車場の選び方はこれ‼️#洗車 #洗車場 #車 #ながら洗車 #車好き,2026-05-10,19360,0.8417,,,1,short,2.0,0,https://www.youtube.com/watch?v=52lWBoLTZqM,https://i.ytimg.com/vi/52lWBoLTZqM/hqdefault.jpg
ピットワン,UCW3rbAgw8x0brFr29v50FJg,257000,vfxo4nlaH8c,ボロボロのホイール修理はここしか無い！？カスタムもできる最高のお店がこちら！,2026-04-04,215781,0.8396,22:40,1360,0,video,1.0,0,https://www.youtube.com/watch?v=vfxo4nlaH8c,https://i.ytimg.com/vi/vfxo4nlaH8c/hqdefault.jpg
WAX-WASH,UClwYG24hyQ2fUcCMyXNxRpg,160000,6SRJOaZdMGY,シャンプーで落ちない汚れ、塗って拭くだけで消えた,2026-04-10,133106,0.8319,,,1,short,1.0,0,https://www.youtube.com/watch?v=6SRJOaZdMGY,https://i.ytimg.com/vi/6SRJOaZdMGY/hqdefault.jpg
ワイズ社長のワイズチャンネル,UCr65_J7H0Lu_zJHOCuHswww,125000,IBAicWy3W10,ヤフオク詐欺動画に思わぬ急展開!!出品者からの電話が鳴った！,2026-02-24,103524,0.8282,11:51,711,0,video,1.0,0,https://www.youtube.com/watch?v=IBAicWy3W10,https://i.ytimg.com/vi/IBAicWy3W10/hqdefault.jpg
センスアールのRYUYA,UCXCy0fYOsvGFDSOHXJX4JUw,27500,siu8tlcQs5s,【驚愕】50万円の鏡面研磨って何が違う？プロが教える最強の磨き技術徹底解説！,2025-12-27,22745,0.8271,24:17,1457,0,video,2.0,0,https://www.youtube.com/watch?v=siu8tlcQs5s,https://i.ytimg.com/vi/siu8tlcQs5s/hqdefault.jpg
ワイズ社長のワイズチャンネル,UCr65_J7H0Lu_zJHOCuHswww,125000,az6sTs9c-PU,【日本に１台V８モンスター】新車1300万円の希少高級車買った,2026-01-16,103383,0.8271,10:44,644,0,video,1.0,0,https://www.youtube.com/watch?v=az6sTs9c-PU,https://i.ytimg.com/vi/az6sTs9c-PU/hqdefault.jpg
ピットワン,UCW3rbAgw8x0brFr29v50FJg,257000,dmKkd35IBYI,東京オートサロン2026で世界が注目するのはAE86！？その真相がまさかの、、？？This is Japan's Neo 86!,2026-01-10,211697,0.8237,37:14,2234,0,video,1.0,0,https://www.youtube.com/watch?v=dmKkd35IBYI,https://i.ytimg.com/vi/dmKkd35IBYI/hqdefault.jpg
ワイズ社長のワイズチャンネル,UCr65_J7H0Lu_zJHOCuHswww,125000,VR2e6RrCeqE,【異例】陸運局から謝罪電話があり、決着が着きました！,2025-11-29,102483,0.8199,11:47,707,0,video,1.0,0,https://www.youtube.com/watch?v=VR2e6RrCeqE,https://i.ytimg.com/vi/VR2e6RrCeqE/hqdefault.jpg
ピットワン,UCW3rbAgw8x0brFr29v50FJg,257000,yrLqsHj9YZU,90ノアに革命!?貼るだけで劣化が防げる神商品ができました！,2026-08-22,208009,0.8094,16:23,983,0,video,1.0,0,https://www.youtube.com/watch?v=yrLqsHj9YZU,https://i.ytimg.com/vi/yrLqsHj9YZU/hqdefault.jpg
ワイズ社長のワイズチャンネル,UCr65_J7H0Lu_zJHOCuHswww,125000,dJv7z-JyfiA,【またもや登録困難】キャンターに続き不正改造車で車検に落ちてお手上げです,2025-12-06,100979,0.8078,8:41,521,0,video,1.0,0,https://www.youtube.com/watch?v=dJv7z-JyfiA,https://i.ytimg.com/vi/dJv7z-JyfiA/hqdefault.jpg
僕たちの洗車旅。,UCBHG2P_CcPLCQkFQROGxjLA,23000,BtRuGM4F874,【放置で劣化!?】ガラスコーティングを長持ちさせる最強メンテナンス術【DIY推奨】,2025-10-04,18521,0.8053,34:02,2042,0,video,2.0,0,https://www.youtube.com/watch?v=BtRuGM4F874,https://i.ytimg.com/vi/BtRuGM4F874/hqdefault.jpg
ピットワン,UCW3rbAgw8x0brFr29v50FJg,257000,1las7aj-hng,高級車のはずのレクサスGSFが100万円以上安く買えた！？衝撃の買い方とは、、、,2026-08-08,206909,0.8051,15:09,909,0,video,1.0,0,https://www.youtube.com/watch?v=1las7aj-hng,https://i.ytimg.com/vi/1las7aj-hng/hqdefault.jpg
ピットワン,UCW3rbAgw8x0brFr29v50FJg,257000,44oLCJLM4C0,【注意喚起】レクサスLSに救われた？大事故寸前だったまさかの原因発覚で冷や汗が止まらない…,2025-11-08,206276,0.8026,12:03,723,0,video,1.0,0,https://www.youtube.com/watch?v=44oLCJLM4C0,https://i.ytimg.com/vi/44oLCJLM4C0/hqdefault.jpg
ワイズ社長のワイズチャンネル,UCr65_J7H0Lu_zJHOCuHswww,125000,Jok06CSjtIo,【激安で衝動買い】１５年前に乗っていた懐かしい新車1000万円の車が激安になってたので買いました,2026-03-28,99848,0.7988,8:55,535,0,video,1.0,0,https://www.youtube.com/watch?v=Jok06CSjtIo,https://i.ytimg.com/vi/Jok06CSjtIo/hqdefault.jpg
ピットワン,UCW3rbAgw8x0brFr29v50FJg,257000,xh83g6qkyg0,【警察沙汰】事故の被害者に!?真夜中に車が大破？まさかの原因とは？,2025-11-15,204817,0.7970,12:16,736,0,video,1.0,0,https://www.youtube.com/watch?v=xh83g6qkyg0,https://i.ytimg.com/vi/xh83g6qkyg0/hqdefault.jpg
僕たちの洗車旅。,UCBHG2P_CcPLCQkFQROGxjLA,23000,2kkdOH79uGg,【洗車専門店が毎回やってる】洗車で落ちない汚れを“確実に”落とす手順を大公開！,2025-11-08,18197,0.7912,23:14,1394,0,video,2.0,0,https://www.youtube.com/watch?v=2kkdOH79uGg,https://i.ytimg.com/vi/2kkdOH79uGg/hqdefault.jpg
センスアールのRYUYA,UCXCy0fYOsvGFDSOHXJX4JUw,27500,C4tqtbt96So,【プロ直伝】9割が知らないコメリ水垢剤「赤と青」の本当の使い分け！間違えると逆効果になりますショート1,2026-07-14,21755,0.7911,,,1,short,2.0,0,https://www.youtube.com/watch?v=C4tqtbt96So,https://i.ytimg.com/vi/C4tqtbt96So/hqdefault.jpg
センスアールのRYUYA,UCXCy0fYOsvGFDSOHXJX4JUw,27500,sh1aG0AN9RA,【2026年最新】プロが本気で選んだ「ダイソー洗車グッズ」神7選,2026-02-28,21749,0.7909,29:28,1768,0,video,2.0,0,https://www.youtube.com/watch?v=sh1aG0AN9RA,https://i.ytimg.com/vi/sh1aG0AN9RA/hqdefault.jpg
ワイズ社長のワイズチャンネル,UCr65_J7H0Lu_zJHOCuHswww,125000,M2loLp9wFYM,【新型エルグランド】驚愕の値段なので絶対に買わない方が良いと思う。,2026-05-25,98606,0.7888,14:23,863,0,video,1.0,0,https://www.youtube.com/watch?v=M2loLp9wFYM,https://i.ytimg.com/vi/M2loLp9wFYM/hqdefault.jpg
ワイズ社長のワイズチャンネル,UCr65_J7H0Lu_zJHOCuHswww,125000,0z2XFNTup6k,極上すぎて高買いしてしまったクラウンハイブリッドロイヤルサルーンGをお見せしましょう,2026-03-31,98469,0.7878,9:22,562,0,video,1.0,0,https://www.youtube.com/watch?v=0z2XFNTup6k,https://i.ytimg.com/vi/0z2XFNTup6k/hqdefault.jpg
ワイズ社長のワイズチャンネル,UCr65_J7H0Lu_zJHOCuHswww,125000,Ae84DapvtIg,【車屋の間違った診断】→【廃車に】なりました。大損確定！本当にあった車屋の誤認診断,2026-01-13,97891,0.7831,12:55,775,0,video,1.0,0,https://www.youtube.com/watch?v=Ae84DapvtIg,https://i.ytimg.com/vi/Ae84DapvtIg/hqdefault.jpg
WAX-WASH,UClwYG24hyQ2fUcCMyXNxRpg,160000,DhuLeEfJys0,実は間違っている洗車方法とは？,2026-06-03,124595,0.7787,,,1,short,1.0,0,https://www.youtube.com/watch?v=DhuLeEfJys0,https://i.ytimg.com/vi/DhuLeEfJys0/hqdefault.jpg
センスアールのRYUYA,UCXCy0fYOsvGFDSOHXJX4JUw,27500,J8DkeBsGwpg,【これは売れる】油膜もウロコも即落ち!プロ仕様のキイロビン新作がスゴすぎる！ショート2,2026-06-03,21288,0.7741,,,1,short,2.0,0,https://www.youtube.com/watch?v=J8DkeBsGwpg,https://i.ytimg.com/vi/J8DkeBsGwpg/hqdefault.jpg
ワイズ社長のワイズチャンネル,UCr65_J7H0Lu_zJHOCuHswww,125000,6pQ6wPvpx-c,４０万円以下で買える車、９台お見せします！,2025-12-10,96692,0.7735,10:01,601,0,video,1.0,0,https://www.youtube.com/watch?v=6pQ6wPvpx-c,https://i.ytimg.com/vi/6pQ6wPvpx-c/hqdefault.jpg
僕たちの洗車旅。,UCBHG2P_CcPLCQkFQROGxjLA,23000,ykSyKo7rbsI,【水シミ取り総集編】手磨き・ポリッシャーで水シミを落とす方法,2026-09-11,17608,0.7656,25:25,1525,0,video,2.0,0,https://www.youtube.com/watch?v=ykSyKo7rbsI,https://i.ytimg.com/vi/ykSyKo7rbsI/hqdefault.jpg
ワイズ社長のワイズチャンネル,UCr65_J7H0Lu_zJHOCuHswww,125000,yNg3JLefcQ4,この３台は減額買取させていただきました。申し訳ございません。,2026-07-27,95168,0.7613,11:39,699,0,video,1.0,0,https://www.youtube.com/watch?v=yNg3JLefcQ4,https://i.ytimg.com/vi/yNg3JLefcQ4/hqdefault.jpg
ワイズ社長のワイズチャンネル,UCr65_J7H0Lu_zJHOCuHswww,125000,YK2u3jnxFt4,【予算＝程度】こんなこともわからない客が多い！注文販売は客と揉める元です！,2025-12-04,94995,0.7600,12:05,725,0,video,1.0,0,https://www.youtube.com/watch?v=YK2u3jnxFt4,https://i.ytimg.com/vi/YK2u3jnxFt4/hqdefault.jpg
僕たちの洗車旅。,UCBHG2P_CcPLCQkFQROGxjLA,23000,WT9LvArS1g0,【純水器・軟水器を買えない方へ】DIYで超簡単！ 水シミ対策装置作ってみた,2026-07-25,17387,0.7560,39:27,2367,0,video,2.0,0,https://www.youtube.com/watch?v=WT9LvArS1g0,https://i.ytimg.com/vi/WT9LvArS1g0/hqdefault.jpg
ワイズ社長のワイズチャンネル,UCr65_J7H0Lu_zJHOCuHswww,125000,Jdazw0L8S6M,車を小田オートに持ち込んだら「業者の仕事はやらん」って言うたので揉めました,2026-07-24,94249,0.7540,15:34,934,0,video,1.0,0,https://www.youtube.com/watch?v=Jdazw0L8S6M,https://i.ytimg.com/vi/Jdazw0L8S6M/hqdefault.jpg
ワイズ社長のワイズチャンネル,UCr65_J7H0Lu_zJHOCuHswww,125000,AuTPfj32pIc,【車屋のリアル】４台買い取ってAA（オートオークション）に出品したら、とんでもない儲けになった。,2026-04-28,93353,0.7468,14:36,876,0,video,1.0,0,https://www.youtube.com/watch?v=AuTPfj32pIc,https://i.ytimg.com/vi/AuTPfj32pIc/hqdefault.jpg
ワイズ社長のワイズチャンネル,UCr65_J7H0Lu_zJHOCuHswww,125000,zFWuzUNyx4w,【日産、大誤算】今世紀最大の下落になったエルグランドの大暴落が止まらない？,2026-09-09,91986,0.7359,10:02,602,0,video,1.0,0,https://www.youtube.com/watch?v=zFWuzUNyx4w,https://i.ytimg.com/vi/zFWuzUNyx4w/hqdefault.jpg
センスアールのRYUYA,UCXCy0fYOsvGFDSOHXJX4JUw,27500,hA4qhrpb1dc,【本音レビュー】コメリCRUZARDの人気商品を全部試したら…正直ヤバいものが混じっていました,2026-06-23,20234,0.7358,11:29,689,0,video,2.0,0,https://www.youtube.com/watch?v=hA4qhrpb1dc,https://i.ytimg.com/vi/hA4qhrpb1dc/hqdefault.jpg
ワイズ社長のワイズチャンネル,UCr65_J7H0Lu_zJHOCuHswww,125000,idsbwbfoAzo,【客から奪った車を安く販売します】ランドクルーザープラドTXLパッケージマッドブラックエディションアバンギャルドブロンズメタリック販売,2026-03-29,91822,0.7346,15:11,911,0,video,1.0,0,https://www.youtube.com/watch?v=idsbwbfoAzo,https://i.ytimg.com/vi/idsbwbfoAzo/hqdefault.jpg
ワイズ社長のワイズチャンネル,UCr65_J7H0Lu_zJHOCuHswww,125000,0MVyFjPGIII,磐越道２１人死傷のバス事故は白バス行為なのか？しかも二種免許を取得していないドライバーだったが二種免許は必要だったのか？,2026-05-08,91796,0.7344,13:15,795,0,video,1.0,0,https://www.youtube.com/watch?v=0MVyFjPGIII,https://i.ytimg.com/vi/0MVyFjPGIII/hqdefault.jpg
僕たちの洗車旅。,UCBHG2P_CcPLCQkFQROGxjLA,23000,FoAuj5G3o30,鉄粉除去後、あえてシャバシャバ泡にする理由　#洗車 #洗車用品 #ながら洗車 #鉄粉除去 #車 #車好き,2025-11-19,16880,0.7339,,,1,short,2.0,0,https://www.youtube.com/watch?v=FoAuj5G3o30,https://i.ytimg.com/vi/FoAuj5G3o30/hqdefault.jpg
僕たちの洗車旅。,UCBHG2P_CcPLCQkFQROGxjLA,23000,M4ygiAuIjNQ,この状態、危険なんです。#洗車 #洗車用品 #ながら洗車 #車 #車好き #水シミ,2025-12-29,16814,0.7310,,,1,short,2.0,0,https://www.youtube.com/watch?v=M4ygiAuIjNQ,https://i.ytimg.com/vi/M4ygiAuIjNQ/hqdefault.jpg
センスアールのRYUYA,UCXCy0fYOsvGFDSOHXJX4JUw,27500,AO_jXEz2vkI,【最速納車】新型RAV4を納車0日目で本音レビュー,2026-04-04,20101,0.7309,39:07,2347,0,video,2.0,0,https://www.youtube.com/watch?v=AO_jXEz2vkI,https://i.ytimg.com/vi/AO_jXEz2vkI/hqdefault.jpg
ワイズ社長のワイズチャンネル,UCr65_J7H0Lu_zJHOCuHswww,125000,gceEBNOkXz0,２年待った積載車が納車されたのでガチレビューします,2026-08-21,91337,0.7307,17:46,1066,0,video,1.0,0,https://www.youtube.com/watch?v=gceEBNOkXz0,https://i.ytimg.com/vi/gceEBNOkXz0/hqdefault.jpg
ワイズ社長のワイズチャンネル,UCr65_J7H0Lu_zJHOCuHswww,125000,nJdKfkQoN_o,引取史上最悪の状態の車を引取に行きました,2026-06-20,91333,0.7307,7:57,477,0,video,1.0,0,https://www.youtube.com/watch?v=nJdKfkQoN_o,https://i.ytimg.com/vi/nJdKfkQoN_o/hqdefault.jpg
ピットワン,UCW3rbAgw8x0brFr29v50FJg,257000,Ltx9pZRD3IA,衝撃のお宝GT-R!?完全ノーマルの奇跡の32が見つかりました…,2026-06-26,187708,0.7304,18:24,1104,0,video,1.0,0,https://www.youtube.com/watch?v=Ltx9pZRD3IA,https://i.ytimg.com/vi/Ltx9pZRD3IA/hqdefault.jpg
僕たちの洗車旅。,UCBHG2P_CcPLCQkFQROGxjLA,23000,0sEB_oVtUF0,【プロしか知らない】ながら洗車の最強活用術｜新・洗車の教科書,2026-02-21,16786,0.7298,24:30,1470,0,video,2.0,0,https://www.youtube.com/watch?v=0sEB_oVtUF0,https://i.ytimg.com/vi/0sEB_oVtUF0/hqdefault.jpg
ワイズ社長のワイズチャンネル,UCr65_J7H0Lu_zJHOCuHswww,125000,lHAlfl8GEsw,　自社ローンのお店に「お前、頭おかしいんか？」って言われたらしい,2026-08-14,91173,0.7294,13:37,817,0,video,1.0,0,https://www.youtube.com/watch?v=lHAlfl8GEsw,https://i.ytimg.com/vi/lHAlfl8GEsw/hqdefault.jpg
ワイズ社長のワイズチャンネル,UCr65_J7H0Lu_zJHOCuHswww,125000,rnJBC5dHNZ0,【怒ってます】糞客がホンマに糞客だった,2026-04-18,91098,0.7288,9:10,550,0,video,1.0,0,https://www.youtube.com/watch?v=rnJBC5dHNZ0,https://i.ytimg.com/vi/rnJBC5dHNZ0/hqdefault.jpg
ワイズ社長のワイズチャンネル,UCr65_J7H0Lu_zJHOCuHswww,125000,ZiOWzePo9Tc,買った車がボンネットも開かない事故車でした。これでどうやって査定したのか？,2026-08-26,91094,0.7288,10:21,621,0,video,1.0,0,https://www.youtube.com/watch?v=ZiOWzePo9Tc,https://i.ytimg.com/vi/ZiOWzePo9Tc/hqdefault.jpg
ワイズ社長のワイズチャンネル,UCr65_J7H0Lu_zJHOCuHswww,125000,AW3apLYuLO8,わずか３日でわかった。。。Ｘグレード正直レビュー,2026-08-06,91058,0.7285,11:38,698,0,video,1.0,0,https://www.youtube.com/watch?v=AW3apLYuLO8,https://i.ytimg.com/vi/AW3apLYuLO8/hqdefault.jpg
ワイズ社長のワイズチャンネル,UCr65_J7H0Lu_zJHOCuHswww,125000,OuOo97sPdow,とんでもない極上の放置車を買った,2025-11-20,90847,0.7268,9:03,543,0,video,1.0,0,https://www.youtube.com/watch?v=OuOo97sPdow,https://i.ytimg.com/vi/OuOo97sPdow/hqdefault.jpg
ワイズ社長のワイズチャンネル,UCr65_J7H0Lu_zJHOCuHswww,125000,UNvyKG7VPsI,【いちびった結果】オークションで塗装がめくれる車を買ったら予想外でした。,2026-04-16,90626,0.7250,10:05,605,0,video,1.0,0,https://www.youtube.com/watch?v=UNvyKG7VPsI,https://i.ytimg.com/vi/UNvyKG7VPsI/hqdefault.jpg
ワイズ社長のワイズチャンネル,UCr65_J7H0Lu_zJHOCuHswww,125000,Z_eFMNf5_eM,【意外と簡単】８万ｋｍでこの２つの事をやらないとエンジン不調になる,2025-12-16,90594,0.7248,15:37,937,0,video,1.0,0,https://www.youtube.com/watch?v=Z_eFMNf5_eM,https://i.ytimg.com/vi/Z_eFMNf5_eM/hqdefault.jpg
センスアールのRYUYA,UCXCy0fYOsvGFDSOHXJX4JUw,27500,JWXFSMnkSoo,【検証】50万円のセラミック施工した「マカンEV」を8ヶ月洗車なしで放置したらどうなる？,2026-04-24,19912,0.7241,22:31,1351,0,video,2.0,0,https://www.youtube.com/watch?v=JWXFSMnkSoo,https://i.ytimg.com/vi/JWXFSMnkSoo/hqdefault.jpg
ワイズ社長のワイズチャンネル,UCr65_J7H0Lu_zJHOCuHswww,125000,Sy3bhlQXmyQ,上客がキャンセルした理由　汗,2026-02-20,90504,0.7240,10:44,644,0,video,1.0,0,https://www.youtube.com/watch?v=Sy3bhlQXmyQ,https://i.ytimg.com/vi/Sy3bhlQXmyQ/hqdefault.jpg
ワイズ社長のワイズチャンネル,UCr65_J7H0Lu_zJHOCuHswww,125000,4Bkt-vh3Vpk,希少な車買いました【レア車】,2025-09-28,90275,0.7222,22:17,1337,0,video,1.0,0,https://www.youtube.com/watch?v=4Bkt-vh3Vpk,https://i.ytimg.com/vi/4Bkt-vh3Vpk/hqdefault.jpg
ピットワン,UCW3rbAgw8x0brFr29v50FJg,257000,J16AKn52hHM,修理できない事故車…？外装の傷以外に中まで見る方法とは!?,2026-08-28,185532,0.7219,14:34,874,0,video,1.0,0,https://www.youtube.com/watch?v=J16AKn52hHM,https://i.ytimg.com/vi/J16AKn52hHM/hqdefault.jpg
僕たちの洗車旅。,UCBHG2P_CcPLCQkFQROGxjLA,23000,wqD2tUh7Sng,ワックスを塗る前にコレをして‼️#洗車 #洗車グッズ #ながら洗車 #車 #ワックス,2026-09-08,16596,0.7216,,,1,short,2.0,0,https://www.youtube.com/watch?v=wqD2tUh7Sng,https://i.ytimg.com/vi/wqD2tUh7Sng/hqdefault.jpg
WAX-WASH,UClwYG24hyQ2fUcCMyXNxRpg,160000,UIrs_LPnwEc,【感動の瞬間】プロの洗車でヴェルファイアが7年前に転生！！,2026-02-08,114758,0.7172,40:51,2451,0,video,1.0,0,https://www.youtube.com/watch?v=UIrs_LPnwEc,https://i.ytimg.com/vi/UIrs_LPnwEc/hqdefault.jpg
僕たちの洗車旅。,UCBHG2P_CcPLCQkFQROGxjLA,23000,QM89wyk-1EA,車内ってこんなに簡単に綺麗にできる！#洗車  #洗車用品 #ながら洗車 #車 #車好き #車内清掃 #車内クリーニング,2025-12-14,16472,0.7162,,,1,short,2.0,0,https://www.youtube.com/watch?v=QM89wyk-1EA,https://i.ytimg.com/vi/QM89wyk-1EA/hqdefault.jpg
ワイズ社長のワイズチャンネル,UCr65_J7H0Lu_zJHOCuHswww,125000,jB7XzT7OUBA,【解禁車】実は最近、この車種には手を出していなかった。その理由がこちらです→,2026-04-08,89485,0.7159,14:17,857,0,video,1.0,0,https://www.youtube.com/watch?v=jB7XzT7OUBA,https://i.ytimg.com/vi/jB7XzT7OUBA/hqdefault.jpg
センスアールのRYUYA,UCXCy0fYOsvGFDSOHXJX4JUw,27500,DrVgwxagF6Y,【洗車に8万5千円は高すぎる？】10時間かけるプロの本気の洗車の内容を全て公開します,2026-07-01,19634,0.7140,31:24,1884,0,video,2.0,0,https://www.youtube.com/watch?v=DrVgwxagF6Y,https://i.ytimg.com/vi/DrVgwxagF6Y/hqdefault.jpg
僕たちの洗車旅。,UCBHG2P_CcPLCQkFQROGxjLA,23000,34WPl7mmkwk,このガラスコーティングの塗り方もある！ライン式✨#洗車 #洗車用品 #ながら洗車 #ファストガラス #ガラスコーティング #車 #車好き,2025-12-25,16409,0.7134,,,1,short,2.0,0,https://www.youtube.com/watch?v=34WPl7mmkwk,https://i.ytimg.com/vi/34WPl7mmkwk/hqdefault.jpg
ピットワン,UCW3rbAgw8x0brFr29v50FJg,257000,_531EeuzfnY,DIYでピアノブラック!?自分で長持ちする艶のある黒が塗れる方法とは？,2026-09-04,181649,0.7068,30:52,1852,0,video,1.0,0,https://www.youtube.com/watch?v=_531EeuzfnY,https://i.ytimg.com/vi/_531EeuzfnY/hqdefault.jpg
センスアールのRYUYA,UCXCy0fYOsvGFDSOHXJX4JUw,27500,2MRTEGDWxoE,【プロ直伝】9割が間違ってる！コメリ樹脂コートの正しい使い方で黒ツヤ完全復活ショート1 ＃コメリ　＃樹脂コート,2026-07-02,19331,0.7029,,,1,short,2.0,0,https://www.youtube.com/watch?v=2MRTEGDWxoE,https://i.ytimg.com/vi/2MRTEGDWxoE/hqdefault.jpg
センスアールのRYUYA,UCXCy0fYOsvGFDSOHXJX4JUw,27500,IK1OC5PH0Yw,【実は逆効果】洗車好きなのに車が汚い人の共通点5選！※これ間違うと車が汚くなります,2026-07-31,19275,0.7009,10:18,618,0,video,2.0,0,https://www.youtube.com/watch?v=IK1OC5PH0Yw,https://i.ytimg.com/vi/IK1OC5PH0Yw/hqdefault.jpg
僕たちの洗車旅。,UCBHG2P_CcPLCQkFQROGxjLA,23000,CNBeV9xDYpU,【必見】元大手ディーラー施工員が暴露！コーティングで後悔する前に,2026-07-18,16110,0.7004,42:17,2537,0,video,2.0,0,https://www.youtube.com/watch?v=CNBeV9xDYpU,https://i.ytimg.com/vi/CNBeV9xDYpU/hqdefault.jpg
僕たちの洗車旅。,UCBHG2P_CcPLCQkFQROGxjLA,23000,z2YeJFQDd3o,【洗車シャンプーおすすめ】日本全国の汚れに対応できるカーシャンプー作ったらすごすぎた【僕旅シャンプー検証】,2026-06-13,16101,0.7000,48:38,2918,0,video,2.0,0,https://www.youtube.com/watch?v=z2YeJFQDd3o,https://i.ytimg.com/vi/z2YeJFQDd3o/hqdefault.jpg
僕たちの洗車旅。,UCBHG2P_CcPLCQkFQROGxjLA,23000,I3pmPIsa2c0,BASEを最大限に使いこなす‼️#洗車 #ながら洗車 #下地処理 #BASE #車 #車好き,2026-04-05,16013,0.6962,,,1,short,2.0,0,https://www.youtube.com/watch?v=I3pmPIsa2c0,https://i.ytimg.com/vi/I3pmPIsa2c0/hqdefault.jpg
チャンネル隊長,UCEgvzVCeW2MnHV-M62CxBDQ,217000,mkDE1f_W5vI,【大事故】メルカリ18万N-BOX、車検直前にフロントガラス割れる【素人DIY交換】,2026-09-13,150407,0.6931,12:15,735,0,video,1.0,0,https://www.youtube.com/watch?v=mkDE1f_W5vI,https://i.ytimg.com/vi/mkDE1f_W5vI/hqdefault.jpg
僕たちの洗車旅。,UCBHG2P_CcPLCQkFQROGxjLA,23000,P7FgQ0QcVv4,【洗車のプロが教える】良い洗車場の選び方５選！洗車のイライラ無くなります！,2026-05-09,15925,0.6924,37:45,2265,0,video,2.0,0,https://www.youtube.com/watch?v=P7FgQ0QcVv4,https://i.ytimg.com/vi/P7FgQ0QcVv4/hqdefault.jpg
ワイズ社長のワイズチャンネル,UCr65_J7H0Lu_zJHOCuHswww,125000,rgUhmUywClg,【コメント求む！】この客、自分勝手すぎてありえない,2026-06-01,85838,0.6867,11:57,717,0,video,1.0,0,https://www.youtube.com/watch?v=rgUhmUywClg,https://i.ytimg.com/vi/rgUhmUywClg/hqdefault.jpg
ピットワン,UCW3rbAgw8x0brFr29v50FJg,257000,1MoMvGZob3s,オープンカーのレクサスが半額で買えた⁉︎謎の事故車の全貌とは、、、？？,2026-02-06,176458,0.6866,14:12,852,0,video,1.0,0,https://www.youtube.com/watch?v=1MoMvGZob3s,https://i.ytimg.com/vi/1MoMvGZob3s/hqdefault.jpg
僕たちの洗車旅。,UCBHG2P_CcPLCQkFQROGxjLA,23000,R9iLSFuu4XY,【洗車】車を全方位の攻撃から守る部位別コーティングの正解【カーコーティング】,2026-08-29,15723,0.6836,23:07,1387,0,video,2.0,0,https://www.youtube.com/watch?v=R9iLSFuu4XY,https://i.ytimg.com/vi/R9iLSFuu4XY/hqdefault.jpg
僕たちの洗車旅。,UCBHG2P_CcPLCQkFQROGxjLA,23000,PVIaW0uaFgM,純水器いらずで水シミを防げる洗車方法 #洗車 #洗車グッズ #ながら洗車 #車 #車好き,2026-07-27,15644,0.6802,,,1,short,2.0,0,https://www.youtube.com/watch?v=PVIaW0uaFgM,https://i.ytimg.com/vi/PVIaW0uaFgM/hqdefault.jpg
僕たちの洗車旅。,UCBHG2P_CcPLCQkFQROGxjLA,23000,SAtPYLl-wag,【ディーラーで新車購入した方へ】ガラスコーティングは本当に必要？徹底検証してみた,2026-02-14,15630,0.6796,29:52,1792,0,video,2.0,0,https://www.youtube.com/watch?v=SAtPYLl-wag,https://i.ytimg.com/vi/SAtPYLl-wag/hqdefault.jpg
ピットワン,UCW3rbAgw8x0brFr29v50FJg,257000,Y09KoZeUTZk,車検不可!?実は性能が高いゴーストフィルムの全貌がこちら…,2026-07-25,174601,0.6794,15:59,959,0,video,1.0,0,https://www.youtube.com/watch?v=Y09KoZeUTZk,https://i.ytimg.com/vi/Y09KoZeUTZk/hqdefault.jpg
チャンネル隊長,UCEgvzVCeW2MnHV-M62CxBDQ,217000,aQDRqclsMCg,カーセンサー最安ビートルを買って半年が経過。いろいろアカン模様。,2025-11-09,147312,0.6789,11:58,718,0,video,1.0,0,https://www.youtube.com/watch?v=aQDRqclsMCg,https://i.ytimg.com/vi/aQDRqclsMCg/hqdefault.jpg
センスアールのRYUYA,UCXCy0fYOsvGFDSOHXJX4JUw,27500,vRAEX6qhgtc,【たった5分で完成】プロが教える最速ホイール洗車…時短なのに仕上がり別格な裏技を教えます,2026-07-23,18657,0.6784,14:15,855,0,video,2.0,0,https://www.youtube.com/watch?v=vRAEX6qhgtc,https://i.ytimg.com/vi/vRAEX6qhgtc/hqdefault.jpg
僕たちの洗車旅。,UCBHG2P_CcPLCQkFQROGxjLA,23000,IZ8XkZSxsM8,DeepBase使いこなせてない人これやってみて‼️#ながら洗車 #洗車 #deepbase #車 #車好き,2026-06-05,15492,0.6736,,,1,short,2.0,0,https://www.youtube.com/watch?v=IZ8XkZSxsM8,https://i.ytimg.com/vi/IZ8XkZSxsM8/hqdefault.jpg
僕たちの洗車旅。,UCBHG2P_CcPLCQkFQROGxjLA,23000,D1MJxXHflFs,マイクロファイバークロスを用途別に使い分ける本当の理由　#洗車 #洗車用品 #ながら洗車 #拭き上げ #洗車タオル #車 #車好き,2025-12-05,15465,0.6724,,,1,short,2.0,0,https://www.youtube.com/watch?v=D1MJxXHflFs,https://i.ytimg.com/vi/D1MJxXHflFs/hqdefault.jpg
ワイズ社長のワイズチャンネル,UCr65_J7H0Lu_zJHOCuHswww,125000,YBO4xJQtglI,【俺が悪い？】当社に借金あるのに、車買おうとする奴。どう思う？,2026-01-19,83852,0.6708,12:02,722,0,video,1.0,0,https://www.youtube.com/watch?v=YBO4xJQtglI,https://i.ytimg.com/vi/YBO4xJQtglI/hqdefault.jpg
WAX-WASH,UClwYG24hyQ2fUcCMyXNxRpg,160000,HUrXvHaC25k,徹底的に１４時間洗車したVlog的な何か,2026-03-22,105869,0.6617,,,1,short,1.0,0,https://www.youtube.com/watch?v=HUrXvHaC25k,https://i.ytimg.com/vi/HUrXvHaC25k/hqdefault.jpg
ワイズ社長のワイズチャンネル,UCr65_J7H0Lu_zJHOCuHswww,125000,4A94zayXFDE,【緊急配信】実は日本の道路の７割以上が速度３０キロになり検挙者続出します。軽貨物には致命傷！生活道路オワコン,2026-08-31,82609,0.6609,12:57,777,0,video,1.0,0,https://www.youtube.com/watch?v=4A94zayXFDE,https://i.ytimg.com/vi/4A94zayXFDE/hqdefault.jpg
WAX-WASH,UClwYG24hyQ2fUcCMyXNxRpg,160000,lW2Qqp3VKkY,泡をかけて洗車傷は防げる？,2026-08-25,104786,0.6549,,,1,short,1.0,0,https://www.youtube.com/watch?v=lW2Qqp3VKkY,https://i.ytimg.com/vi/lW2Qqp3VKkY/hqdefault.jpg
ワイズ社長のワイズチャンネル,UCr65_J7H0Lu_zJHOCuHswww,125000,cqxNC2EDmkQ,いよいよ当社も危ない,2026-05-30,81850,0.6548,11:34,694,0,video,1.0,0,https://www.youtube.com/watch?v=cqxNC2EDmkQ,https://i.ytimg.com/vi/cqxNC2EDmkQ/hqdefault.jpg
僕たちの洗車旅。,UCBHG2P_CcPLCQkFQROGxjLA,23000,EcBvYg7TVeM,初期研磨はこの組み合わせが最高！#洗車 #洗車用品 #ながら洗車 #diy #車磨き #手磨き #ソフト99,2025-11-27,15055,0.6546,,,1,short,2.0,0,https://www.youtube.com/watch?v=EcBvYg7TVeM,https://i.ytimg.com/vi/EcBvYg7TVeM/hqdefault.jpg
WAX-WASH,UClwYG24hyQ2fUcCMyXNxRpg,160000,5jIGDX3bZJw,【永久保存版】スケール除去剤のリスクと回避方法を洗車屋が完全解説！,2025-11-14,103024,0.6439,20:12,1212,0,video,1.0,0,https://www.youtube.com/watch?v=5jIGDX3bZJw,https://i.ytimg.com/vi/5jIGDX3bZJw/hqdefault.jpg
ワイズ社長のワイズチャンネル,UCr65_J7H0Lu_zJHOCuHswww,125000,W_tx0zBvFj8,緊急レッカーで客と揉めました,2026-07-08,80411,0.6433,10:06,606,0,video,1.0,0,https://www.youtube.com/watch?v=W_tx0zBvFj8,https://i.ytimg.com/vi/W_tx0zBvFj8/hqdefault.jpg
ワイズ社長のワイズチャンネル,UCr65_J7H0Lu_zJHOCuHswww,125000,31w8Xi5kPJc,こんな不景気なので・・・逆張り,2026-07-12,80307,0.6425,10:07,607,0,video,1.0,0,https://www.youtube.com/watch?v=31w8Xi5kPJc,https://i.ytimg.com/vi/31w8Xi5kPJc/hqdefault.jpg
ワイズ社長のワイズチャンネル,UCr65_J7H0Lu_zJHOCuHswww,125000,D6VTMnWgWRY,【緊急配信】老舗なんて意味なし！信用がありすぎたランクル専門店の大きすぎる倒産劇,2026-02-04,80233,0.6419,17:58,1078,0,video,1.0,0,https://www.youtube.com/watch?v=D6VTMnWgWRY,https://i.ytimg.com/vi/D6VTMnWgWRY/hqdefault.jpg
ワイズ社長のワイズチャンネル,UCr65_J7H0Lu_zJHOCuHswww,125000,g5ZEV3FsAuw,小田オートを救いたい,2026-07-09,80135,0.6411,13:00,780,0,video,1.0,0,https://www.youtube.com/watch?v=g5ZEV3FsAuw,https://i.ytimg.com/vi/g5ZEV3FsAuw/hqdefault.jpg
WAX-WASH,UClwYG24hyQ2fUcCMyXNxRpg,160000,3fKotVhQB7Y,洗車でレヴォーグがピカピカになって夫が大はしゃぎｗｗ,2026-04-29,102571,0.6411,29:51,1791,0,video,1.0,0,https://www.youtube.com/watch?v=3fKotVhQB7Y,https://i.ytimg.com/vi/3fKotVhQB7Y/hqdefault.jpg
ワイズ社長のワイズチャンネル,UCr65_J7H0Lu_zJHOCuHswww,125000,sHDrefwJvfA,【速報！】遂にランクルFJがオークションに出たがリーセルは終わってます。残念ですが私の予想は的中しました。,2026-06-10,79913,0.6393,11:14,674,0,video,1.0,0,https://www.youtube.com/watch?v=sHDrefwJvfA,https://i.ytimg.com/vi/sHDrefwJvfA/hqdefault.jpg
僕たちの洗車旅。,UCBHG2P_CcPLCQkFQROGxjLA,23000,2hwI6GnQFuQ,高圧洗浄機は色んな使い方ができる🔥電源不要の高圧洗浄機ウォーキングウォッシュ✨ #洗車 #洗車用品 #ながら洗車 #ウォーキングウォッシュ #高圧洗浄機 #鉄粉除去,2025-11-06,14666,0.6377,,,1,short,2.0,0,https://www.youtube.com/watch?v=2hwI6GnQFuQ,https://i.ytimg.com/vi/2hwI6GnQFuQ/hqdefault.jpg
僕たちの洗車旅。,UCBHG2P_CcPLCQkFQROGxjLA,23000,1OtJb3VpYo0,洗車の時に気をつけたいこと！#洗車 #洗車用品 #ながら洗車 #diy #車 #車好き,2026-01-22,14649,0.6369,,,1,short,2.0,0,https://www.youtube.com/watch?v=1OtJb3VpYo0,https://i.ytimg.com/vi/1OtJb3VpYo0/hqdefault.jpg
チャンネル隊長,UCEgvzVCeW2MnHV-M62CxBDQ,217000,fJ8Pnp-QCUY,真実をお話しします。,2026-03-22,138134,0.6366,14:59,899,0,video,1.0,0,https://www.youtube.com/watch?v=fJ8Pnp-QCUY,https://i.ytimg.com/vi/fJ8Pnp-QCUY/hqdefault.jpg
僕たちの洗車旅。,UCBHG2P_CcPLCQkFQROGxjLA,23000,DcRmf9LrfSA,くすんだ塗装がクリアに！？この2アイテムで実現✨　#洗車 #洗車用品 #ながら洗車 #loox #ワックス,2025-10-09,14612,0.6353,,,1,short,2.0,0,https://www.youtube.com/watch?v=DcRmf9LrfSA,https://i.ytimg.com/vi/DcRmf9LrfSA/hqdefault.jpg
僕たちの洗車旅。,UCBHG2P_CcPLCQkFQROGxjLA,23000,xhcqh092MBo,スプレーDEEPBASE爆誕⁉️ #洗車 #洗車グッズ #ながら洗車 #車 #車好き #DEEPBASE,2026-08-15,14525,0.6315,,,1,short,2.0,0,https://www.youtube.com/watch?v=xhcqh092MBo,https://i.ytimg.com/vi/xhcqh092MBo/hqdefault.jpg
センスアールのRYUYA,UCXCy0fYOsvGFDSOHXJX4JUw,27500,wU3LQKs5VVk,これ１本で“艶＆撥水バチバチ”のコーティング剤！ARTIST GLAZEを洗車のプロが試してみた,2025-12-02,17279,0.6283,17:55,1075,0,video,2.0,0,https://www.youtube.com/watch?v=wU3LQKs5VVk,https://i.ytimg.com/vi/wU3LQKs5VVk/hqdefault.jpg
WAX-WASH,UClwYG24hyQ2fUcCMyXNxRpg,160000,izT7xKtn9e4,プロの洗車で蘇る！本来の美しいZR-Vへ完全復活,2026-06-10,100532,0.6283,35:14,2114,0,video,1.0,0,https://www.youtube.com/watch?v=izT7xKtn9e4,https://i.ytimg.com/vi/izT7xKtn9e4/hqdefault.jpg
僕たちの洗車旅。,UCBHG2P_CcPLCQkFQROGxjLA,23000,eG2yxJOoP90,諦めてた傷を無くす方法🫢 #洗車 #洗車用品 #ながら洗車 #車磨き #板金塗装 #車 #車好き #ホンダ,2026-02-05,14421,0.6270,,,1,short,2.0,0,https://www.youtube.com/watch?v=eG2yxJOoP90,https://i.ytimg.com/vi/eG2yxJOoP90/hqdefault.jpg
ワイズ社長のワイズチャンネル,UCr65_J7H0Lu_zJHOCuHswww,125000,MlZwmi_Zv98,国産最上級ミニバンを買いました,2026-02-16,78315,0.6265,13:27,807,0,video,1.0,0,https://www.youtube.com/watch?v=MlZwmi_Zv98,https://i.ytimg.com/vi/MlZwmi_Zv98/hqdefault.jpg
センスアールのRYUYA,UCXCy0fYOsvGFDSOHXJX4JUw,27500,nt1SLYROzlM,【要注意】洗車場で本当に嫌われる迷惑行為7選…知らずにやっている人が多すぎます,2026-08-24,17178,0.6247,8:03,483,0,video,2.0,0,https://www.youtube.com/watch?v=nt1SLYROzlM,https://i.ytimg.com/vi/nt1SLYROzlM/hqdefault.jpg
ワイズ社長のワイズチャンネル,UCr65_J7H0Lu_zJHOCuHswww,125000,NpQ-hArBG0c,オークションで落札→再度出品で上物から下物に評価点変わり大損害確定しましたので説明します,2026-09-17,77875,0.6230,12:23,743,0,video,1.0,0,https://www.youtube.com/watch?v=NpQ-hArBG0c,https://i.ytimg.com/vi/NpQ-hArBG0c/hqdefault.jpg
僕たちの洗車旅。,UCBHG2P_CcPLCQkFQROGxjLA,23000,rji6LmNGdAw,手垢を落として手垢防止もしてくれる簡単な方法　#洗車 #洗車用品 #ながら洗車 #手垢 #指紋 #窓ガラス #diy #車 #車好き,2025-12-01,14311,0.6222,,,1,short,2.0,0,https://www.youtube.com/watch?v=rji6LmNGdAw,https://i.ytimg.com/vi/rji6LmNGdAw/hqdefault.jpg
ワイズ社長のワイズチャンネル,UCr65_J7H0Lu_zJHOCuHswww,125000,wPGzi3AarGM,実は全然、車が売れてませんでした,2025-10-04,77091,0.6167,8:46,526,0,video,1.0,0,https://www.youtube.com/watch?v=wPGzi3AarGM,https://i.ytimg.com/vi/wPGzi3AarGM/hqdefault.jpg
チャンネル隊長,UCEgvzVCeW2MnHV-M62CxBDQ,217000,apX1JPRHpNQ,【ご報告】活動に区切りをつけます,2025-09-23,132536,0.6108,16:57,1017,0,video,1.0,0,https://www.youtube.com/watch?v=apX1JPRHpNQ,https://i.ytimg.com/vi/apX1JPRHpNQ/hqdefault.jpg
僕たちの洗車旅。,UCBHG2P_CcPLCQkFQROGxjLA,23000,qI3Y5w3BW4E,ながら洗車の中で艶ベスト1コーティング剤を決めてみた！#洗車 #洗車用品 #ながら洗車 #コーティング #コーティング剤 #車 #車好き,2026-01-19,14018,0.6095,,,1,short,2.0,0,https://www.youtube.com/watch?v=qI3Y5w3BW4E,https://i.ytimg.com/vi/qI3Y5w3BW4E/hqdefault.jpg
ワイズ社長のワイズチャンネル,UCr65_J7H0Lu_zJHOCuHswww,125000,Z_XZy18VeCc,過剰な高額買取の広告主を見つけましたので『何故嘘にしか思えない広告を出すのか？』凸しました,2026-03-05,75846,0.6068,17:13,1033,0,video,1.0,0,https://www.youtube.com/watch?v=Z_XZy18VeCc,https://i.ytimg.com/vi/Z_XZy18VeCc/hqdefault.jpg
僕たちの洗車旅。,UCBHG2P_CcPLCQkFQROGxjLA,23000,sInmrxJ-QXM,水シミの原因は洗車中…⁉️ #洗車 #洗車グッズ #ながら洗車 #車 #車好き,2026-09-02,13929,0.6056,,,1,short,2.0,0,https://www.youtube.com/watch?v=sInmrxJ-QXM,https://i.ytimg.com/vi/sInmrxJ-QXM/hqdefault.jpg
ワイズ社長のワイズチャンネル,UCr65_J7H0Lu_zJHOCuHswww,125000,fx9DIlgE46I,オークションを見ていたら、もうエルグランドは誰も欲しがってないことがわかりました。,2026-08-24,75569,0.6046,8:46,526,0,video,1.0,0,https://www.youtube.com/watch?v=fx9DIlgE46I,https://i.ytimg.com/vi/fx9DIlgE46I/hqdefault.jpg
ピットワン,UCW3rbAgw8x0brFr29v50FJg,257000,M5cQ6FJeqWU,超高級ポルシェが眠るガレージに潜入したらお宝だらけだった!?【とよちゃんガレージ】,2026-04-03,155007,0.6031,13:39,819,0,video,1.0,0,https://www.youtube.com/watch?v=M5cQ6FJeqWU,https://i.ytimg.com/vi/M5cQ6FJeqWU/hqdefault.jpg
センスアールのRYUYA,UCXCy0fYOsvGFDSOHXJX4JUw,27500,c2eRDSqZeiM,【納車1ヶ月レビュー】G87 M2を買って後悔？リセール・カスタム・意外な落とし穴とは？,2026-02-03,16539,0.6014,16:41,1001,0,video,2.0,0,https://www.youtube.com/watch?v=c2eRDSqZeiM,https://i.ytimg.com/vi/c2eRDSqZeiM/hqdefault.jpg
僕たちの洗車旅。,UCBHG2P_CcPLCQkFQROGxjLA,23000,cfGRqL4vnLw,プロはここまで洗車します👌#洗車 #ながら洗車 #手洗い洗車 #車 #車好き,2026-03-06,13816,0.6007,,,1,short,2.0,0,https://www.youtube.com/watch?v=cfGRqL4vnLw,https://i.ytimg.com/vi/cfGRqL4vnLw/hqdefault.jpg
ワイズ社長のワイズチャンネル,UCr65_J7H0Lu_zJHOCuHswww,125000,k_sC2dbTysU,【２０年で３５万km走行】１オーナーの奇跡のハイエースディーゼルの買取価格はいくら？,2026-07-13,74810,0.5985,14:16,856,0,video,1.0,0,https://www.youtube.com/watch?v=k_sC2dbTysU,https://i.ytimg.com/vi/k_sC2dbTysU/hqdefault.jpg
僕たちの洗車旅。,UCBHG2P_CcPLCQkFQROGxjLA,23000,5xYnP-2dlNI,窓ガラスの油膜・ウロコを確認する方法！放置すると… #洗車 #洗車用品 #ながら洗車 #窓ガラス #油膜  #車好き #diy,2025-10-01,13749,0.5978,,,1,short,2.0,0,https://www.youtube.com/watch?v=5xYnP-2dlNI,https://i.ytimg.com/vi/5xYnP-2dlNI/hqdefault.jpg
ワイズ社長のワイズチャンネル,UCr65_J7H0Lu_zJHOCuHswww,125000,CWFEVqUlIXU,【売れ残った車】７２４日間の在庫車,2025-09-23,74580,0.5966,8:09,489,0,video,1.0,0,https://www.youtube.com/watch?v=CWFEVqUlIXU,https://i.ytimg.com/vi/CWFEVqUlIXU/hqdefault.jpg
ワイズ社長のワイズチャンネル,UCr65_J7H0Lu_zJHOCuHswww,125000,PUknP8pTmRA,また日本一多走行のアレを買ってしまった。しかもアイツ超えです,2025-09-27,74536,0.5963,13:33,813,0,video,1.0,0,https://www.youtube.com/watch?v=PUknP8pTmRA,https://i.ytimg.com/vi/PUknP8pTmRA/hqdefault.jpg
WAX-WASH,UClwYG24hyQ2fUcCMyXNxRpg,160000,8NylMb_-TkU,初心者NG 車を痛めるシャンプー３選,2026-06-03,95060,0.5941,,,1,short,1.0,0,https://www.youtube.com/watch?v=8NylMb_-TkU,https://i.ytimg.com/vi/8NylMb_-TkU/hqdefault.jpg
ワイズ社長のワイズチャンネル,UCr65_J7H0Lu_zJHOCuHswww,125000,lg_QbCBSlwc,【SNS配信していても信用できない車屋】を実名公開します,2025-10-29,74122,0.5930,9:42,582,0,video,1.0,0,https://www.youtube.com/watch?v=lg_QbCBSlwc,https://i.ytimg.com/vi/lg_QbCBSlwc/hqdefault.jpg
ワイズ社長のワイズチャンネル,UCr65_J7H0Lu_zJHOCuHswww,125000,AW9u36jtRfI,20アルファード後期を安く買い取った理由　車の価値を落とす理由,2025-10-20,74060,0.5925,10:00,600,0,video,1.0,0,https://www.youtube.com/watch?v=AW9u36jtRfI,https://i.ytimg.com/vi/AW9u36jtRfI/hqdefault.jpg
センスアールのRYUYA,UCXCy0fYOsvGFDSOHXJX4JUw,27500,tCbcbi2PU3w,【今すぐやめて】使うと水ジミが一気に増える洗車方法５選 ,2026-07-21,16237,0.5904,10:16,616,0,video,2.0,0,https://www.youtube.com/watch?v=tCbcbi2PU3w,https://i.ytimg.com/vi/tCbcbi2PU3w/hqdefault.jpg
ピットワン,UCW3rbAgw8x0brFr29v50FJg,257000,NOBOPUw8SGc,放置された32GT-Rをバラしたら復活が困難な理由が詰まってた…,2025-11-29,151702,0.5903,15:28,928,0,video,1.0,0,https://www.youtube.com/watch?v=NOBOPUw8SGc,https://i.ytimg.com/vi/NOBOPUw8SGc/hqdefault.jpg
僕たちの洗車旅。,UCBHG2P_CcPLCQkFQROGxjLA,23000,gB9ankXJnaQ,もっと大事なポイントは本編へ！ブリスの本当の使い方　#洗車 #洗車用品 #ながら洗車 #車 #車好き #ブリス #ガラスコーティング,2025-11-02,13576,0.5903,,,1,short,2.0,0,https://www.youtube.com/watch?v=gB9ankXJnaQ,https://i.ytimg.com/vi/gB9ankXJnaQ/hqdefault.jpg
ワイズ社長のワイズチャンネル,UCr65_J7H0Lu_zJHOCuHswww,125000,ilOfm4_bT7g,【急展開】謝罪し返金したニコニコレンタカーですが、逆に不審に思うことが増えましたので説明します,2026-03-21,73054,0.5844,15:29,929,0,video,1.0,0,https://www.youtube.com/watch?v=ilOfm4_bT7g,https://i.ytimg.com/vi/ilOfm4_bT7g/hqdefault.jpg
僕たちの洗車旅。,UCBHG2P_CcPLCQkFQROGxjLA,23000,ZX-0_yEABKg,樹脂を白から黒にする方法！#洗車 #洗車用品 #ながら洗車 #樹脂 #樹脂ワックス #ブラックレジン #コーティング,2025-11-14,13342,0.5801,,,1,short,2.0,0,https://www.youtube.com/watch?v=ZX-0_yEABKg,https://i.ytimg.com/vi/ZX-0_yEABKg/hqdefault.jpg
僕たちの洗車旅。,UCBHG2P_CcPLCQkFQROGxjLA,23000,DvdND1O_fM0,【洗車】GYEON社長が「ながら洗車」を本音レビュー！プロの評価は？GYEONコラボ#3,2026-09-25,13313,0.5788,30:14,1814,0,video,2.0,0,https://www.youtube.com/watch?v=DvdND1O_fM0,https://i.ytimg.com/vi/DvdND1O_fM0/hqdefault.jpg
センスアールのRYUYA,UCXCy0fYOsvGFDSOHXJX4JUw,27500,qiCIER-CZVU,22万キロ走行で廃車確定の「ホンダ バモスホビオ」24時間超の徹底洗車で甦らせます,2026-05-01,15882,0.5775,25:22,1522,0,video,2.0,0,https://www.youtube.com/watch?v=qiCIER-CZVU,https://i.ytimg.com/vi/qiCIER-CZVU/hqdefault.jpg
僕たちの洗車旅。,UCBHG2P_CcPLCQkFQROGxjLA,23000,mHQsAfSwNTo,【GYEON JAPAN社長直伝】究極のポリッシャーDIY磨き術 GYEONコラボ#2,2026-09-19,13277,0.5773,30:27,1827,0,video,2.0,0,https://www.youtube.com/watch?v=mHQsAfSwNTo,https://i.ytimg.com/vi/mHQsAfSwNTo/hqdefault.jpg
センスアールのRYUYA,UCXCy0fYOsvGFDSOHXJX4JUw,27500,MS7NV-HOXdU,【本音レビュー】拭くだけで本当に綺麗になる？キイロビン純水シートをプロが検証します,2026-09-19,15870,0.5771,6:56,416,0,video,2.0,0,https://www.youtube.com/watch?v=MS7NV-HOXdU,https://i.ytimg.com/vi/MS7NV-HOXdU/hqdefault.jpg
ワイズ社長のワイズチャンネル,UCr65_J7H0Lu_zJHOCuHswww,125000,qXD18LbfS7I,30万ｋｍ30アルファードが事故って売れなくなりました,2025-11-10,71572,0.5726,12:01,721,0,video,1.0,0,https://www.youtube.com/watch?v=qXD18LbfS7I,https://i.ytimg.com/vi/qXD18LbfS7I/hqdefault.jpg
僕たちの洗車旅。,UCBHG2P_CcPLCQkFQROGxjLA,23000,4T74DPdNOlQ,【保存版】SUV・ミニバン大型車の徹底洗車は順番が9割！誰でもラクに完璧に仕上げる方法,2025-12-20,13154,0.5719,28:35,1715,0,video,2.0,0,https://www.youtube.com/watch?v=4T74DPdNOlQ,https://i.ytimg.com/vi/4T74DPdNOlQ/hqdefault.jpg
ワイズ社長のワイズチャンネル,UCr65_J7H0Lu_zJHOCuHswww,125000,c5xW6KLKfcU,【激安店急増!!】実は１番儲かる！29.8万円のカラクリ,2026-05-27,71484,0.5719,11:56,716,0,video,1.0,0,https://www.youtube.com/watch?v=c5xW6KLKfcU,https://i.ytimg.com/vi/c5xW6KLKfcU/hqdefault.jpg
ワイズ社長のワイズチャンネル,UCr65_J7H0Lu_zJHOCuHswww,125000,4gl8h8EBel8,昨日の動画について,2026-09-21,71438,0.5715,10:44,644,0,video,1.0,0,https://www.youtube.com/watch?v=4gl8h8EBel8,https://i.ytimg.com/vi/4gl8h8EBel8/hqdefault.jpg
ワイズ社長のワイズチャンネル,UCr65_J7H0Lu_zJHOCuHswww,125000,y5IwQ5Fs56Q,【買った車が不良在庫に!!】赤字確定になる不良在庫の現実,2026-05-12,71331,0.5706,9:16,556,0,video,1.0,0,https://www.youtube.com/watch?v=y5IwQ5Fs56Q,https://i.ytimg.com/vi/y5IwQ5Fs56Q/hqdefault.jpg
僕たちの洗車旅。,UCBHG2P_CcPLCQkFQROGxjLA,23000,_eo0HIrnSJ0,洗車初心者がやりがちな洗い残し！#洗車 #洗車用品 #ながら洗車 #車 #車好き #手洗い洗車,2026-01-10,13101,0.5696,,,1,short,2.0,0,https://www.youtube.com/watch?v=_eo0HIrnSJ0,https://i.ytimg.com/vi/_eo0HIrnSJ0/hqdefault.jpg
ワイズ社長のワイズチャンネル,UCr65_J7H0Lu_zJHOCuHswww,125000,geYHeqFqzUA,【あれ大嘘です】今、円安の影響で中古車相場が高騰中！！の値段は嘘です！,2025-12-21,71032,0.5683,11:16,676,0,video,1.0,0,https://www.youtube.com/watch?v=geYHeqFqzUA,https://i.ytimg.com/vi/geYHeqFqzUA/hqdefault.jpg
ワイズ社長のワイズチャンネル,UCr65_J7H0Lu_zJHOCuHswww,125000,fmNuUg33LZg,ハイパーリセールの貿易に出ていた車種がパキスタン問題と戦争で終わり、大赤字になりました,2026-03-07,71011,0.5681,9:50,590,0,video,1.0,0,https://www.youtube.com/watch?v=fmNuUg33LZg,https://i.ytimg.com/vi/fmNuUg33LZg/hqdefault.jpg
僕たちの洗車旅。,UCBHG2P_CcPLCQkFQROGxjLA,23000,ABTxZRDGzAc,あなたは大丈夫？実は見落としてる汚れがあるのはここ #洗車 #洗車用品 #ながら洗車 #タイヤ #タイヤ洗浄 #下回り洗浄 #車 #車好き,2025-11-24,13060,0.5678,,,1,short,2.0,0,https://www.youtube.com/watch?v=ABTxZRDGzAc,https://i.ytimg.com/vi/ABTxZRDGzAc/hqdefault.jpg
センスアールのRYUYA,UCXCy0fYOsvGFDSOHXJX4JUw,27500,pQ7RE7uNtwk,【重大発表】昨年大爆発したクラファン、再始動します。全3弾・4商品を公開（SENSE-R）,2026-05-23,15463,0.5623,29:30,1770,0,video,2.0,0,https://www.youtube.com/watch?v=pQ7RE7uNtwk,https://i.ytimg.com/vi/pQ7RE7uNtwk/hqdefault.jpg
僕たちの洗車旅。,UCBHG2P_CcPLCQkFQROGxjLA,23000,GYKAm4TNfhA,真夏洗車の秘訣がここにありました。#洗車 #ながら洗車 #真夏洗車 #車 #車好き,2026-07-08,12931,0.5622,,,1,short,2.0,0,https://www.youtube.com/watch?v=GYKAm4TNfhA,https://i.ytimg.com/vi/GYKAm4TNfhA/hqdefault.jpg
僕たちの洗車旅。,UCBHG2P_CcPLCQkFQROGxjLA,23000,sc84GnHuPAw,洗車後の救世主アイテム✨#洗車 #洗車用品 #ながら洗車 #車 #車好き,2026-01-30,12914,0.5615,,,1,short,2.0,0,https://www.youtube.com/watch?v=sc84GnHuPAw,https://i.ytimg.com/vi/sc84GnHuPAw/hqdefault.jpg
ワイズ社長のワイズチャンネル,UCr65_J7H0Lu_zJHOCuHswww,125000,GwfOUUtr8yg,【初密着動画】１日密着の舞台裏,2026-09-15,70073,0.5606,22:30,1350,0,video,1.0,0,https://www.youtube.com/watch?v=GwfOUUtr8yg,https://i.ytimg.com/vi/GwfOUUtr8yg/hqdefault.jpg
WAX-WASH,UClwYG24hyQ2fUcCMyXNxRpg,160000,lUnG-ZAV8v0,流行りのヘッドライト黄ばみ落としについて,2026-08-25,89450,0.5591,,,1,short,1.0,0,https://www.youtube.com/watch?v=lUnG-ZAV8v0,https://i.ytimg.com/vi/lUnG-ZAV8v0/hqdefault.jpg
センスアールのRYUYA,UCXCy0fYOsvGFDSOHXJX4JUw,27500,OSVjqV95gEw,【洗車機】今すぐやめて！このまま入れると傷が増える,2026-08-17,15374,0.5591,20:04,1204,0,video,2.0,0,https://www.youtube.com/watch?v=OSVjqV95gEw,https://i.ytimg.com/vi/OSVjqV95gEw/hqdefault.jpg
僕たちの洗車旅。,UCBHG2P_CcPLCQkFQROGxjLA,23000,bRVbur8A0_0,徹底洗車のクオリティが変わるブラシの使い方 #洗車 #洗車用品 #ながら洗車 #洗車ブラシ #車 #車好き,2025-12-22,12825,0.5576,,,1,short,2.0,0,https://www.youtube.com/watch?v=bRVbur8A0_0,https://i.ytimg.com/vi/bRVbur8A0_0/hqdefault.jpg
僕たちの洗車旅。,UCBHG2P_CcPLCQkFQROGxjLA,23000,w4LSeYby78c,洗車タオルを管理するならこの方法！#洗車 #洗車用品 #洗車タオル #マイクロファイバー #ながら洗車 #車 #車好き,2025-12-07,12799,0.5565,,,1,short,2.0,0,https://www.youtube.com/watch?v=w4LSeYby78c,https://i.ytimg.com/vi/w4LSeYby78c/hqdefault.jpg
センスアールのRYUYA,UCXCy0fYOsvGFDSOHXJX4JUw,27500,b11iql3ajNA,【プロが暴露】キーパー・スタンド・洗車専門店の決定的な違い,2026-09-25,15247,0.5544,16:09,969,0,video,2.0,0,https://www.youtube.com/watch?v=b11iql3ajNA,https://i.ytimg.com/vi/b11iql3ajNA/hqdefault.jpg
ピットワン,UCW3rbAgw8x0brFr29v50FJg,257000,H0Ppk_AVtYw,ミニNSX制作の裏側？軽自動車で名車を再現!?,2026-07-18,142413,0.5541,21:28,1288,0,video,1.0,0,https://www.youtube.com/watch?v=H0Ppk_AVtYw,https://i.ytimg.com/vi/H0Ppk_AVtYw/hqdefault.jpg
ワイズ社長のワイズチャンネル,UCr65_J7H0Lu_zJHOCuHswww,125000,_ottz_68Gkk,【永久保存版】車屋は詐偽したあげくに倒産します。車もお金持ち返ってきません。,2026-07-01,69206,0.5536,1:25:26,5126,0,video,1.0,0,https://www.youtube.com/watch?v=_ottz_68Gkk,https://i.ytimg.com/vi/_ottz_68Gkk/hqdefault.jpg
WAX-WASH,UClwYG24hyQ2fUcCMyXNxRpg,160000,F0Eck58RPX8,２０万のコーティングをしても洗車は必要。現場で見た誤解と現実,2026-02-13,88430,0.5527,,,1,short,1.0,0,https://www.youtube.com/watch?v=F0Eck58RPX8,https://i.ytimg.com/vi/F0Eck58RPX8/hqdefault.jpg
センスアールのRYUYA,UCXCy0fYOsvGFDSOHXJX4JUw,27500,Nd-Id2-rd2c,【一瞬で汚れる】何度洗車してもキレイにならない人の５つの共通点 ,2026-07-26,15182,0.5521,13:09,789,0,video,2.0,0,https://www.youtube.com/watch?v=Nd-Id2-rd2c,https://i.ytimg.com/vi/Nd-Id2-rd2c/hqdefault.jpg
WAX-WASH,UClwYG24hyQ2fUcCMyXNxRpg,160000,VnZKmNAqa1s,車に付く汚れで怖いのは・・・,2026-08-25,88129,0.5508,,,1,short,1.0,0,https://www.youtube.com/watch?v=VnZKmNAqa1s,https://i.ytimg.com/vi/VnZKmNAqa1s/hqdefault.jpg
ワイズ社長のワイズチャンネル,UCr65_J7H0Lu_zJHOCuHswww,125000,Qtdz1aa4ePU,『助けて！』と同業者に言われたので助けたら、凄い面倒なことに巻き込まれました,2026-02-12,68781,0.5502,14:55,895,0,video,1.0,0,https://www.youtube.com/watch?v=Qtdz1aa4ePU,https://i.ytimg.com/vi/Qtdz1aa4ePU/hqdefault.jpg
僕たちの洗車旅。,UCBHG2P_CcPLCQkFQROGxjLA,23000,FtEUG_ubUd4,水シミの原因は雨水⁉️#洗車 #水シミ #ウォータースポット #ながら洗車 #車 #車好き,2026-07-16,12639,0.5495,,,1,short,2.0,0,https://www.youtube.com/watch?v=FtEUG_ubUd4,https://i.ytimg.com/vi/FtEUG_ubUd4/hqdefault.jpg
センスアールのRYUYA,UCXCy0fYOsvGFDSOHXJX4JUw,27500,XF44-py0KEA,【DCMが最強すぎた】ワックススプレー「簡単」VS「艶」、結局どっちを買うべき？プロがガチ検証！,2026-09-09,15064,0.5478,11:12,672,0,video,2.0,0,https://www.youtube.com/watch?v=XF44-py0KEA,https://i.ytimg.com/vi/XF44-py0KEA/hqdefault.jpg
僕たちの洗車旅。,UCBHG2P_CcPLCQkFQROGxjLA,23000,l-cFYMG1CGI,塩害に困ってる人これを見て！塩カル除去にも効果的！#洗車 #洗車用品 #ながら洗車 #塩害 #塩カル #車 #車好き,2026-02-06,12536,0.5450,,,1,short,2.0,0,https://www.youtube.com/watch?v=l-cFYMG1CGI,https://i.ytimg.com/vi/l-cFYMG1CGI/hqdefault.jpg
ワイズ社長のワイズチャンネル,UCr65_J7H0Lu_zJHOCuHswww,125000,OghMomXrSUs,売れない車、処分します。,2026-07-18,67907,0.5433,9:32,572,0,video,1.0,0,https://www.youtube.com/watch?v=OghMomXrSUs,https://i.ytimg.com/vi/OghMomXrSUs/hqdefault.jpg
僕たちの洗車旅。,UCBHG2P_CcPLCQkFQROGxjLA,23000,QbeqUbIX1RM,本当はこう使う‼️グラスターゾルオート #洗車 #洗車用品 #グラスターゾルオート #ピカール #ながら洗車 #車 #車好き #diy,2025-11-10,12418,0.5399,,,1,short,2.0,0,https://www.youtube.com/watch?v=QbeqUbIX1RM,https://i.ytimg.com/vi/QbeqUbIX1RM/hqdefault.jpg
僕たちの洗車旅。,UCBHG2P_CcPLCQkFQROGxjLA,23000,TLAC-XOdDb8,【知らないと損】カーシャンプーの選び方！汚れ落ちUPと洗車傷を激減させる仕組み,2026-06-06,12413,0.5397,31:08,1868,0,video,2.0,0,https://www.youtube.com/watch?v=TLAC-XOdDb8,https://i.ytimg.com/vi/TLAC-XOdDb8/hqdefault.jpg
ワイズ社長のワイズチャンネル,UCr65_J7H0Lu_zJHOCuHswww,125000,JpVNHP2Xx34,【変態認定】これからこれに乗り換えたい客,2025-09-21,67363,0.5389,7:05,425,0,video,1.0,0,https://www.youtube.com/watch?v=JpVNHP2Xx34,https://i.ytimg.com/vi/JpVNHP2Xx34/hqdefault.jpg
ワイズ社長のワイズチャンネル,UCr65_J7H0Lu_zJHOCuHswww,125000,kaKkmdkezv8,【過去①】怒ってます。,2025-12-24,67282,0.5383,10:28,628,0,video,1.0,0,https://www.youtube.com/watch?v=kaKkmdkezv8,https://i.ytimg.com/vi/kaKkmdkezv8/hqdefault.jpg
僕たちの洗車旅。,UCBHG2P_CcPLCQkFQROGxjLA,23000,EfDsk4SH79Q,脱脂シャンプーのをさらに使いこなす方法がこちら🫧#ながら洗車 #洗車 #脱脂シャンプー #車 #車好き #カーシャンプー,2026-03-22,12367,0.5377,,,1,short,2.0,0,https://www.youtube.com/watch?v=EfDsk4SH79Q,https://i.ytimg.com/vi/EfDsk4SH79Q/hqdefault.jpg
ワイズ社長のワイズチャンネル,UCr65_J7H0Lu_zJHOCuHswww,125000,lf4cY7HbCQ0,5人・7人乗りのシエンタを検討中の方は必見！7人乗りは本当に7人乗れるのか？,2026-09-24,67190,0.5375,13:32,812,0,video,1.0,0,https://www.youtube.com/watch?v=lf4cY7HbCQ0,https://i.ytimg.com/vi/lf4cY7HbCQ0/hqdefault.jpg
ピットワン,UCW3rbAgw8x0brFr29v50FJg,257000,VvHEys1HwHU,エンジンが機能しない!?50年前のベンツ日本車のでエンジンスワップ！,2026-04-25,138000,0.5370,14:47,887,0,video,1.0,0,https://www.youtube.com/watch?v=VvHEys1HwHU,https://i.ytimg.com/vi/VvHEys1HwHU/hqdefault.jpg
ワイズ社長のワイズチャンネル,UCr65_J7H0Lu_zJHOCuHswww,125000,VyWBgxORXEY,【希少車購入】新車3000万円の車を本気で買ってみた,2026-04-14,66938,0.5355,17:01,1021,0,video,1.0,0,https://www.youtube.com/watch?v=VyWBgxORXEY,https://i.ytimg.com/vi/VyWBgxORXEY/hqdefault.jpg
ワイズ社長のワイズチャンネル,UCr65_J7H0Lu_zJHOCuHswww,125000,ivsLuG470_E,40アルファード遂に大暴落,2026-06-27,66878,0.5350,11:34,694,0,video,1.0,0,https://www.youtube.com/watch?v=ivsLuG470_E,https://i.ytimg.com/vi/ivsLuG470_E/hqdefault.jpg
チャンネル隊長,UCEgvzVCeW2MnHV-M62CxBDQ,217000,TB4LroJIjjY,スマホの容量不足はこれで解決！144TBの「一生モノ」の保存庫を手に入れた結果…【UGREEN NASync DXP4800GT】,2026-06-24,114885,0.5294,12:03,723,0,video,1.0,0,https://www.youtube.com/watch?v=TB4LroJIjjY,https://i.ytimg.com/vi/TB4LroJIjjY/hqdefault.jpg
ワイズ社長のワイズチャンネル,UCr65_J7H0Lu_zJHOCuHswww,125000,fPmBcNy6JUo,【知識をつけてボッタくり対策】車検費用に妥当な金額はない！！,2026-01-24,66087,0.5287,15:07,907,0,video,1.0,0,https://www.youtube.com/watch?v=fPmBcNy6JUo,https://i.ytimg.com/vi/fPmBcNy6JUo/hqdefault.jpg
チャンネル隊長,UCEgvzVCeW2MnHV-M62CxBDQ,217000,r2QC-iy3tdk,オイル添加剤で復活 20万キロ超えの愛車,2026-08-10,114704,0.5286,,,1,short,1.0,0,https://www.youtube.com/watch?v=r2QC-iy3tdk,https://i.ytimg.com/vi/r2QC-iy3tdk/hqdefault.jpg
ワイズ社長のワイズチャンネル,UCr65_J7H0Lu_zJHOCuHswww,125000,surdnRNWzK0,【緊急配信】最低金利がアップ！10/01日～全国でオートローン金利が値上げされます,2026-09-18,65761,0.5261,12:30,750,0,video,1.0,0,https://www.youtube.com/watch?v=surdnRNWzK0,https://i.ytimg.com/vi/surdnRNWzK0/hqdefault.jpg
ピットワン,UCW3rbAgw8x0brFr29v50FJg,257000,Ry-S8CHQckQ,高級SUV！？レクサスRXを大人かっこよくカスタムでゴツさと上品さを両立！？,2025-09-20,135003,0.5253,20:57,1257,0,video,1.0,0,https://www.youtube.com/watch?v=Ry-S8CHQckQ,https://i.ytimg.com/vi/Ry-S8CHQckQ/hqdefault.jpg
ワイズ社長のワイズチャンネル,UCr65_J7H0Lu_zJHOCuHswww,125000,4pvibgng_jY,【限界値段】1L＝￥5000、これエンジンオイルの値段です,2026-08-16,65546,0.5244,15:23,923,0,video,1.0,0,https://www.youtube.com/watch?v=4pvibgng_jY,https://i.ytimg.com/vi/4pvibgng_jY/hqdefault.jpg
ピットワン,UCW3rbAgw8x0brFr29v50FJg,257000,F2nYrMKdvXs,勘違いで傷だらけ！？磨いたつもりがボロボロになってた名車を蘇らせる！！,2025-10-25,133643,0.5200,18:31,1111,0,video,1.0,0,https://www.youtube.com/watch?v=F2nYrMKdvXs,https://i.ytimg.com/vi/F2nYrMKdvXs/hqdefault.jpg
ワイズ社長のワイズチャンネル,UCr65_J7H0Lu_zJHOCuHswww,125000,0BTZ07uesmg,車屋ワイズ社長が10年以上探し求めてやっと買った車両がこちらです,2025-09-30,64831,0.5186,14:05,845,0,video,1.0,0,https://www.youtube.com/watch?v=0BTZ07uesmg,https://i.ytimg.com/vi/0BTZ07uesmg/hqdefault.jpg
ワイズ社長のワイズチャンネル,UCr65_J7H0Lu_zJHOCuHswww,125000,WNt-jfMOOCY,【日本に１台】過去最悪の塗装状態の30プリウスをラプター全塗装にした結果,2026-06-16,64627,0.5170,13:20,800,0,video,1.0,0,https://www.youtube.com/watch?v=WNt-jfMOOCY,https://i.ytimg.com/vi/WNt-jfMOOCY/hqdefault.jpg
ピットワン,UCW3rbAgw8x0brFr29v50FJg,257000,Zil6PBLu9-Q,超名車のシビックEK9が薄くなった！？緊急全塗装で完全リフレッシュ！,2025-12-26,132580,0.5159,22:56,1376,0,video,1.0,0,https://www.youtube.com/watch?v=Zil6PBLu9-Q,https://i.ytimg.com/vi/Zil6PBLu9-Q/hqdefault.jpg
ワイズ社長のワイズチャンネル,UCr65_J7H0Lu_zJHOCuHswww,125000,NcckeD6NNVI,ワンチャン狙ったら大損こきました,2026-02-27,64289,0.5143,8:08,488,0,video,1.0,0,https://www.youtube.com/watch?v=NcckeD6NNVI,https://i.ytimg.com/vi/NcckeD6NNVI/hqdefault.jpg
僕たちの洗車旅。,UCBHG2P_CcPLCQkFQROGxjLA,23000,N8jQsYqHJxI,ホイールの見えない汚れを取る方法 #洗車 #洗車用品 #ながら洗車 #タイヤ #タイヤ洗浄 #下回り洗浄 #車 #車好き,2025-11-25,11823,0.5140,,,1,short,2.0,0,https://www.youtube.com/watch?v=N8jQsYqHJxI,https://i.ytimg.com/vi/N8jQsYqHJxI/hqdefault.jpg
ピットワン,UCW3rbAgw8x0brFr29v50FJg,257000,pNUmIBd5OW0,新型RAV4って実際アリ？謎のグレードも含めて徹底解剖！,2026-02-27,131592,0.5120,18:12,1092,0,video,1.0,0,https://www.youtube.com/watch?v=pNUmIBd5OW0,https://i.ytimg.com/vi/pNUmIBd5OW0/hqdefault.jpg
ワイズ社長のワイズチャンネル,UCr65_J7H0Lu_zJHOCuHswww,125000,K1xo9MhNqCc,【面倒くさい来客】車屋より詳しすぎるウザい客,2026-08-10,63919,0.5114,16:17,977,0,video,1.0,0,https://www.youtube.com/watch?v=K1xo9MhNqCc,https://i.ytimg.com/vi/K1xo9MhNqCc/hqdefault.jpg
僕たちの洗車旅。,UCBHG2P_CcPLCQkFQROGxjLA,23000,ADICAUUqB_o,BEAUTIFUL CARS×D-Washの洗車場の裏話を聞き出してみた‼️#洗車 #dwash #beautifulcars #洗車場 #ながら洗車,2026-04-03,11703,0.5088,,,1,short,2.0,0,https://www.youtube.com/watch?v=ADICAUUqB_o,https://i.ytimg.com/vi/ADICAUUqB_o/hqdefault.jpg
ワイズ社長のワイズチャンネル,UCr65_J7H0Lu_zJHOCuHswww,125000,BiA_ociebqI,【日本一？】スズキの日で爆値引きしすぎて儲けなくなった,2026-09-11,63561,0.5085,10:16,616,0,video,1.0,0,https://www.youtube.com/watch?v=BiA_ociebqI,https://i.ytimg.com/vi/BiA_ociebqI/hqdefault.jpg
ワイズ社長のワイズチャンネル,UCr65_J7H0Lu_zJHOCuHswww,125000,d_1Km8BG3T4,年商２億７千万円でも1億５千万の負債で倒産。普通の車屋で顧客が居ても倒産します,2026-05-26,63450,0.5076,21:06,1266,0,video,1.0,0,https://www.youtube.com/watch?v=d_1Km8BG3T4,https://i.ytimg.com/vi/d_1Km8BG3T4/hqdefault.jpg
ワイズ社長のワイズチャンネル,UCr65_J7H0Lu_zJHOCuHswww,125000,TZHnhwRlVl4,契約後ブッち!!舐めてる客の文句を言わせてもらいます,2025-10-02,63375,0.5070,9:54,594,0,video,1.0,0,https://www.youtube.com/watch?v=TZHnhwRlVl4,https://i.ytimg.com/vi/TZHnhwRlVl4/hqdefault.jpg
チャンネル隊長,UCEgvzVCeW2MnHV-M62CxBDQ,217000,A7pnGUAQrec,再婚しました！,2025-10-26,109866,0.5063,13:24,804,0,video,1.0,0,https://www.youtube.com/watch?v=A7pnGUAQrec,https://i.ytimg.com/vi/A7pnGUAQrec/hqdefault.jpg
ワイズ社長のワイズチャンネル,UCr65_J7H0Lu_zJHOCuHswww,125000,ElWaOPLxIeY,【社外ナビの盲点】もう、お手上げです,2026-06-02,63205,0.5056,8:46,526,0,video,1.0,0,https://www.youtube.com/watch?v=ElWaOPLxIeY,https://i.ytimg.com/vi/ElWaOPLxIeY/hqdefault.jpg
ワイズ社長のワイズチャンネル,UCr65_J7H0Lu_zJHOCuHswww,125000,Uxl3q49fkyU,オイル交換ステッカー貼らないDラーでオイル交換を１０年したらオイル食いに！！大手自動車Dラーの糞対応も複数報告あり,2026-03-24,62933,0.5035,11:18,678,0,video,1.0,0,https://www.youtube.com/watch?v=Uxl3q49fkyU,https://i.ytimg.com/vi/Uxl3q49fkyU/hqdefault.jpg
ワイズ社長のワイズチャンネル,UCr65_J7H0Lu_zJHOCuHswww,125000,iHOrtrNr-2M,エゲつないGW明け,2026-05-07,62886,0.5031,10:04,604,0,video,1.0,0,https://www.youtube.com/watch?v=iHOrtrNr-2M,https://i.ytimg.com/vi/iHOrtrNr-2M/hqdefault.jpg
センスアールのRYUYA,UCXCy0fYOsvGFDSOHXJX4JUw,27500,4EWie1tjzi8,【要注意】このタイヤ管理…寿命が一気に縮みます。正しいタイヤ管理のコツをプロが教えます！,2026-08-28,13699,0.4981,16:17,977,0,video,2.0,0,https://www.youtube.com/watch?v=4EWie1tjzi8,https://i.ytimg.com/vi/4EWie1tjzi8/hqdefault.jpg
僕たちの洗車旅。,UCBHG2P_CcPLCQkFQROGxjLA,23000,G52vAmoj6bE,ガラスコーティングのデメリットとは？🙌#洗車 #ガラスコーティング #ながら洗車 #車 #車好き,2026-05-04,11456,0.4981,,,1,short,2.0,0,https://www.youtube.com/watch?v=G52vAmoj6bE,https://i.ytimg.com/vi/G52vAmoj6bE/hqdefault.jpg
ピットワン,UCW3rbAgw8x0brFr29v50FJg,257000,rLQoWjlOSSI,世界一綺麗!?奇跡の32GT-Rを完全復活！,2026-08-14,127533,0.4962,20:29,1229,0,video,1.0,0,https://www.youtube.com/watch?v=rLQoWjlOSSI,https://i.ytimg.com/vi/rLQoWjlOSSI/hqdefault.jpg
ワイズ社長のワイズチャンネル,UCr65_J7H0Lu_zJHOCuHswww,125000,reVUv2LyJlU,夜逃げした【グーニーズワン】がやっていた異常なこと,2026-06-22,62017,0.4961,16:32,992,0,video,1.0,0,https://www.youtube.com/watch?v=reVUv2LyJlU,https://i.ytimg.com/vi/reVUv2LyJlU/hqdefault.jpg
僕たちの洗車旅。,UCBHG2P_CcPLCQkFQROGxjLA,23000,Nwj8ckYp69g,激安シャンプーが泡泡になる裏技 #洗車 #洗車用品 #ながら洗車 #カーシャンプー #車 #車好き,2025-12-21,11409,0.4960,,,1,short,2.0,0,https://www.youtube.com/watch?v=Nwj8ckYp69g,https://i.ytimg.com/vi/Nwj8ckYp69g/hqdefault.jpg
ピットワン,UCW3rbAgw8x0brFr29v50FJg,257000,gkgybGFNZyI,劣化して剥がれたランエボが生まれ変わる！？色を変えて再出発！,2026-05-02,127211,0.4950,21:38,1298,0,video,1.0,0,https://www.youtube.com/watch?v=gkgybGFNZyI,https://i.ytimg.com/vi/gkgybGFNZyI/hqdefault.jpg
ピットワン,UCW3rbAgw8x0brFr29v50FJg,257000,sMNlQ95Q4pM,DIYで割れたバンパーを新品に戻す!?初心者も全員が再現できる完璧な塗装方法とは？,2026-01-17,127191,0.4949,28:54,1734,0,video,1.0,0,https://www.youtube.com/watch?v=sMNlQ95Q4pM,https://i.ytimg.com/vi/sMNlQ95Q4pM/hqdefault.jpg
ワイズ社長のワイズチャンネル,UCr65_J7H0Lu_zJHOCuHswww,125000,-73AjJp33io,冠水車詐欺を減らすために冠水車の管理システムが健全化されます,2026-09-03,61806,0.4944,26:22,1582,0,video,1.0,0,https://www.youtube.com/watch?v=-73AjJp33io,https://i.ytimg.com/vi/-73AjJp33io/hqdefault.jpg
ワイズ社長のワイズチャンネル,UCr65_J7H0Lu_zJHOCuHswww,125000,Z10D7lto5q4,業者オークションで買ったのに売り物にならないレベルやったのでハイゼットを魔改造してみた,2025-11-25,61596,0.4928,14:58,898,0,video,1.0,0,https://www.youtube.com/watch?v=Z10D7lto5q4,https://i.ytimg.com/vi/Z10D7lto5q4/hqdefault.jpg
ワイズ社長のワイズチャンネル,UCr65_J7H0Lu_zJHOCuHswww,125000,CL-hHf8iRZI,もうこのままでは無理です。,2026-06-30,61584,0.4927,11:57,717,0,video,1.0,0,https://www.youtube.com/watch?v=CL-hHf8iRZI,https://i.ytimg.com/vi/CL-hHf8iRZI/hqdefault.jpg
ワイズ社長のワイズチャンネル,UCr65_J7H0Lu_zJHOCuHswww,125000,HakY-9IicW0,長野県佐久市の自動車商ワンダーベースが2026/07/14に破産申請したので被害者が続出、高価買取をうたい入金せず破産申請し倒産する,2026-07-17,61325,0.4906,19:50,1190,0,video,1.0,0,https://www.youtube.com/watch?v=HakY-9IicW0,https://i.ytimg.com/vi/HakY-9IicW0/hqdefault.jpg
ピットワン,UCW3rbAgw8x0brFr29v50FJg,257000,97HqstPU0z4,カローラクロスの新常識!?こだわりの塗り分けが生んだ重厚感とは？,2026-08-29,125887,0.4898,12:18,738,0,video,1.0,0,https://www.youtube.com/watch?v=97HqstPU0z4,https://i.ytimg.com/vi/97HqstPU0z4/hqdefault.jpg
ワイズ社長のワイズチャンネル,UCr65_J7H0Lu_zJHOCuHswww,125000,PjtjfOB-kOk,全損金額22万1000円を保険会社との交渉で449000円にしましたので、これで修理か買い替えの足しにします,2026-08-28,61092,0.4887,8:50,530,0,video,1.0,0,https://www.youtube.com/watch?v=PjtjfOB-kOk,https://i.ytimg.com/vi/PjtjfOB-kOk/hqdefault.jpg
センスアールのRYUYA,UCXCy0fYOsvGFDSOHXJX4JUw,27500,scxUf9pg9e8,【水道＆電源不要】どこでも使える超小型高圧洗浄機！！,2026-08-20,13341,0.4851,,,1,short,2.0,0,https://www.youtube.com/watch?v=scxUf9pg9e8,https://i.ytimg.com/vi/scxUf9pg9e8/hqdefault.jpg
ワイズ社長のワイズチャンネル,UCr65_J7H0Lu_zJHOCuHswww,125000,XRbdNFOnb5I,超多走行30プリウスを買ったけど数十万ｋｍとは思えなかった。しかもＨＶの状態は？,2026-05-11,60128,0.4810,11:15,675,0,video,1.0,0,https://www.youtube.com/watch?v=XRbdNFOnb5I,https://i.ytimg.com/vi/XRbdNFOnb5I/hqdefault.jpg
ワイズ社長のワイズチャンネル,UCr65_J7H0Lu_zJHOCuHswww,125000,4fTSwmTsIy4,事故歴なしで認定中古車買ったのにフロントクロスメンバーとラジエーターコアサポート交換されていて事故車疑惑が浮上した,2026-06-29,60075,0.4806,17:18,1038,0,video,1.0,0,https://www.youtube.com/watch?v=4fTSwmTsIy4,https://i.ytimg.com/vi/4fTSwmTsIy4/hqdefault.jpg
センスアールのRYUYA,UCXCy0fYOsvGFDSOHXJX4JUw,27500,P-wzEW_sKOQ,【梅雨前にやること全部】洗車プロが本気でやる梅雨対策、一本で全部見せます,2026-06-26,13185,0.4795,11:33,693,0,video,2.0,0,https://www.youtube.com/watch?v=P-wzEW_sKOQ,https://i.ytimg.com/vi/P-wzEW_sKOQ/hqdefault.jpg
ピットワン,UCW3rbAgw8x0brFr29v50FJg,257000,gqSQIsIfxbs,【事故車】雑に修理されたノアについた金額とは…？,2026-06-13,123163,0.4792,15:44,944,0,video,1.0,0,https://www.youtube.com/watch?v=gqSQIsIfxbs,https://i.ytimg.com/vi/gqSQIsIfxbs/hqdefault.jpg
僕たちの洗車旅。,UCBHG2P_CcPLCQkFQROGxjLA,23000,vDKUPmIvqKk,濃色車ユーザー必見のアイテム‼️#洗車 #ながら洗車 #車 #車好き #シャドウ #クイックディテーラー,2026-04-13,10994,0.4780,,,1,short,2.0,0,https://www.youtube.com/watch?v=vDKUPmIvqKk,https://i.ytimg.com/vi/vDKUPmIvqKk/hqdefault.jpg
ピットワン,UCW3rbAgw8x0brFr29v50FJg,257000,SIszRjqa2wc,適当に直されたR32GT-Rを剥がしたら中身がボロボロだった…,2026-04-17,122732,0.4776,16:22,982,0,video,1.0,0,https://www.youtube.com/watch?v=SIszRjqa2wc,https://i.ytimg.com/vi/SIszRjqa2wc/hqdefault.jpg
ワイズ社長のワイズチャンネル,UCr65_J7H0Lu_zJHOCuHswww,125000,27-OAwTd1Y4,【実録】某大手有名ユーチューバーの店に買取金額負けた。。。が,2025-12-15,59546,0.4764,13:12,792,0,video,1.0,0,https://www.youtube.com/watch?v=27-OAwTd1Y4,https://i.ytimg.com/vi/27-OAwTd1Y4/hqdefault.jpg
ワイズ社長のワイズチャンネル,UCr65_J7H0Lu_zJHOCuHswww,125000,OEE78dl2Yn0,【深掘り】2026車屋倒産件数過去最多！なぜ倒産が相次ぐのかをお話します,2026-07-15,59191,0.4735,16:24,984,0,video,1.0,0,https://www.youtube.com/watch?v=OEE78dl2Yn0,https://i.ytimg.com/vi/OEE78dl2Yn0/hqdefault.jpg
ワイズ社長のワイズチャンネル,UCr65_J7H0Lu_zJHOCuHswww,125000,sg_c_na34Y4,【当店スタッフが告白】実は某レンタカー会社の車を当てて喧嘩になり脅迫までされてます,2025-12-08,58950,0.4716,12:48,768,0,video,1.0,0,https://www.youtube.com/watch?v=sg_c_na34Y4,https://i.ytimg.com/vi/sg_c_na34Y4/hqdefault.jpg
ワイズ社長のワイズチャンネル,UCr65_J7H0Lu_zJHOCuHswww,125000,P0gGo8IUZLc,【車屋が教えたくない話】この車種を買ってない奴はア〇。つまり日本人の９９％が〇ホと言うことになります,2026-01-23,58927,0.4714,10:35,635,0,video,1.0,0,https://www.youtube.com/watch?v=P0gGo8IUZLc,https://i.ytimg.com/vi/P0gGo8IUZLc/hqdefault.jpg
ピットワン,UCW3rbAgw8x0brFr29v50FJg,257000,1rceQonq76Q,あのYouTuberにボロい車を預ける！？洗車のプロぬぬファクトリーに潜入！,2026-07-03,121083,0.4711,29:41,1781,0,video,1.0,0,https://www.youtube.com/watch?v=1rceQonq76Q,https://i.ytimg.com/vi/1rceQonq76Q/hqdefault.jpg
WAX-WASH,UClwYG24hyQ2fUcCMyXNxRpg,160000,syFYK53TE_E,洗車を時短できる神アイテム3選,2026-08-25,75339,0.4709,,,1,short,1.0,0,https://www.youtube.com/watch?v=syFYK53TE_E,https://i.ytimg.com/vi/syFYK53TE_E/hqdefault.jpg
ピットワン,UCW3rbAgw8x0brFr29v50FJg,257000,HuVaYvo5duE,ジムニーノマドって実際どうなの？車屋が忖度なしレビュー!?,2026-06-05,120430,0.4686,13:18,798,0,video,1.0,0,https://www.youtube.com/watch?v=HuVaYvo5duE,https://i.ytimg.com/vi/HuVaYvo5duE/hqdefault.jpg
ワイズ社長のワイズチャンネル,UCr65_J7H0Lu_zJHOCuHswww,125000,7U43VhgtTnc,極上アルファードオーナーは神客でした　＃30アルファード買取　＃神客　＃神客に感謝,2025-10-13,58384,0.4671,11:13,673,0,video,1.0,0,https://www.youtube.com/watch?v=7U43VhgtTnc,https://i.ytimg.com/vi/7U43VhgtTnc/hqdefault.jpg
ピットワン,UCW3rbAgw8x0brFr29v50FJg,257000,CkMMPZAzqmY,【交通事故】当て逃げされた車の末路？事故車にされた車の修理金額やいかに？,2025-12-06,120023,0.4670,14:05,845,0,video,1.0,0,https://www.youtube.com/watch?v=CkMMPZAzqmY,https://i.ytimg.com/vi/CkMMPZAzqmY/hqdefault.jpg
ワイズ社長のワイズチャンネル,UCr65_J7H0Lu_zJHOCuHswww,125000,L9-AbABsHzA,視聴者が諸費用でボッタクられました,2026-04-20,58345,0.4668,13:54,834,0,video,1.0,0,https://www.youtube.com/watch?v=L9-AbABsHzA,https://i.ytimg.com/vi/L9-AbABsHzA/hqdefault.jpg
僕たちの洗車旅。,UCBHG2P_CcPLCQkFQROGxjLA,23000,LLqpsLIKPhA,ブードゥーライドを爆買い⁉️#洗車 #ブードゥーライド #ながら洗車 #車 #車好き,2026-05-24,10676,0.4642,,,1,short,2.0,0,https://www.youtube.com/watch?v=LLqpsLIKPhA,https://i.ytimg.com/vi/LLqpsLIKPhA/hqdefault.jpg
僕たちの洗車旅。,UCBHG2P_CcPLCQkFQROGxjLA,23000,Uw7Gfd-iR0I,【知らないと損】耐久性・防汚性・施工性が劇的に向上するワックスの塗り方,2025-12-06,10588,0.4603,26:27,1587,0,video,2.0,0,https://www.youtube.com/watch?v=Uw7Gfd-iR0I,https://i.ytimg.com/vi/Uw7Gfd-iR0I/hqdefault.jpg
センスアールのRYUYA,UCXCy0fYOsvGFDSOHXJX4JUw,27500,h14s_WSHCyM,【緊急】虫汚れは放置すると塗装が終わる！プロが教える正しい洗車＆除去方法！,2026-09-13,12607,0.4584,12:39,759,0,video,2.0,0,https://www.youtube.com/watch?v=h14s_WSHCyM,https://i.ytimg.com/vi/h14s_WSHCyM/hqdefault.jpg
ワイズ社長のワイズチャンネル,UCr65_J7H0Lu_zJHOCuHswww,125000,V-cFJLCmLUE,また新車買いましたがこれってマイナーチェンジ？それともモデルチェンジ？,2026-05-19,57190,0.4575,21:49,1309,0,video,1.0,0,https://www.youtube.com/watch?v=V-cFJLCmLUE,https://i.ytimg.com/vi/V-cFJLCmLUE/hqdefault.jpg
ワイズ社長のワイズチャンネル,UCr65_J7H0Lu_zJHOCuHswww,125000,FVeg66Zw16I,エンジンかからなくなりました。,2025-09-22,57174,0.4574,11:13,673,0,video,1.0,0,https://www.youtube.com/watch?v=FVeg66Zw16I,https://i.ytimg.com/vi/FVeg66Zw16I/hqdefault.jpg
僕たちの洗車旅。,UCBHG2P_CcPLCQkFQROGxjLA,23000,HdbxV60HhOc,コードレス高圧洗浄機使ったことある？#洗車 #洗車用品 #ながら洗車 #電源不要 #バッテリー式 #高圧洗浄機 #ウォーキングウォッシュ #下回り洗浄,2025-10-24,10505,0.4567,,,1,short,2.0,0,https://www.youtube.com/watch?v=HdbxV60HhOc,https://i.ytimg.com/vi/HdbxV60HhOc/hqdefault.jpg
ワイズ社長のワイズチャンネル,UCr65_J7H0Lu_zJHOCuHswww,125000,P1Cq7U0WyW0,新型車を無理やり買わされたので本当に良いのかレビューします,2025-12-28,57063,0.4565,15:39,939,0,video,1.0,0,https://www.youtube.com/watch?v=P1Cq7U0WyW0,https://i.ytimg.com/vi/P1Cq7U0WyW0/hqdefault.jpg
僕たちの洗車旅。,UCBHG2P_CcPLCQkFQROGxjLA,23000,7Uen9-kGyAQ,危険なカーシャンプーはこれです。#洗車 #カーシャンプー #ながら洗車 #車 #車好き,2026-06-23,10383,0.4514,,,1,short,2.0,0,https://www.youtube.com/watch?v=7Uen9-kGyAQ,https://i.ytimg.com/vi/7Uen9-kGyAQ/hqdefault.jpg
ワイズ社長のワイズチャンネル,UCr65_J7H0Lu_zJHOCuHswww,125000,FX9wy6GtFIk,【失敗】バス買ったら、とんでもない事に気づいて。。。,2026-03-16,56387,0.4511,11:27,687,0,video,1.0,0,https://www.youtube.com/watch?v=FX9wy6GtFIk,https://i.ytimg.com/vi/FX9wy6GtFIk/hqdefault.jpg
センスアールのRYUYA,UCXCy0fYOsvGFDSOHXJX4JUw,27500,_XEzK4pVaiI,【車内清掃】ダイソー売れ筋お掃除神アイテムを紹介！洗車のプロが最も使いやすいと思ったのはコレ！,2025-10-07,12398,0.4508,23:21,1401,0,video,2.0,0,https://www.youtube.com/watch?v=_XEzK4pVaiI,https://i.ytimg.com/vi/_XEzK4pVaiI/hqdefault.jpg
センスアールのRYUYA,UCXCy0fYOsvGFDSOHXJX4JUw,27500,TvZx7B_9PdU,【洗車に8万5千円は高すぎる？】10時間かけるプロの本気の洗車の内容を全て公開しますショート2,2026-07-07,12249,0.4454,,,1,short,2.0,0,https://www.youtube.com/watch?v=TvZx7B_9PdU,https://i.ytimg.com/vi/TvZx7B_9PdU/hqdefault.jpg
ピットワン,UCW3rbAgw8x0brFr29v50FJg,257000,QgYd13WDzPU,【経営破綻】中東情勢での現場の被害とは…？全て高騰して仕事ができない…,2026-05-30,114203,0.4444,15:18,918,0,video,1.0,0,https://www.youtube.com/watch?v=QgYd13WDzPU,https://i.ytimg.com/vi/QgYd13WDzPU/hqdefault.jpg
ピットワン,UCW3rbAgw8x0brFr29v50FJg,257000,_8jZfBImaOI,劣化を未然に防ぐ！？樹脂パーツを全部消したヤリスクロスがカッコよくなりすぎた、、？？What is the cause of Toyota car deterioration?  ?,2025-12-13,113945,0.4434,15:25,925,0,video,1.0,0,https://www.youtube.com/watch?v=_8jZfBImaOI,https://i.ytimg.com/vi/_8jZfBImaOI/hqdefault.jpg
ピットワン,UCW3rbAgw8x0brFr29v50FJg,257000,tdRm_Z9aU10,スイフトで風を切る！ウイング&マフラーカスタムで走りを豊かに！,2026-09-11,113816,0.4429,15:24,924,0,video,1.0,0,https://www.youtube.com/watch?v=tdRm_Z9aU10,https://i.ytimg.com/vi/tdRm_Z9aU10/hqdefault.jpg
ワイズ社長のワイズチャンネル,UCr65_J7H0Lu_zJHOCuHswww,125000,hSTZEItn57k,高級車で８年落ちで７０％ダウンして100万円前半で買えるならアリでしょ？,2026-05-31,55140,0.4411,13:20,800,0,video,1.0,0,https://www.youtube.com/watch?v=hSTZEItn57k,https://i.ytimg.com/vi/hSTZEItn57k/hqdefault.jpg
ワイズ社長のワイズチャンネル,UCr65_J7H0Lu_zJHOCuHswww,125000,Jaf8fPHicpk,すいません。ノーマルに戻して２回目挑みましたが車検が厳しくて通りませんでした,2025-12-19,55111,0.4409,9:31,571,0,video,1.0,0,https://www.youtube.com/watch?v=Jaf8fPHicpk,https://i.ytimg.com/vi/Jaf8fPHicpk/hqdefault.jpg
センスアールのRYUYA,UCXCy0fYOsvGFDSOHXJX4JUw,27500,L1DLROcr2B4,【9割が誤解】コーティング前の下地処理、間違ってます！洗車のプロが正しい手順を完全解説 1,2026-08-19,12120,0.4407,13:16,796,0,video,2.0,0,https://www.youtube.com/watch?v=L1DLROcr2B4,https://i.ytimg.com/vi/L1DLROcr2B4/hqdefault.jpg
僕たちの洗車旅。,UCBHG2P_CcPLCQkFQROGxjLA,23000,0IDyboUzjUo,買ってはいけない？洗車グッズ #洗車 #洗車グッズ #ながら洗車 #車 #車好き,2026-07-21,10077,0.4381,,,1,short,2.0,0,https://www.youtube.com/watch?v=0IDyboUzjUo,https://i.ytimg.com/vi/0IDyboUzjUo/hqdefault.jpg
センスアールのRYUYA,UCXCy0fYOsvGFDSOHXJX4JUw,27500,bnvIDn1LctM,【水道＆電源不要】どこでも使える超小型、高圧洗浄機が衝撃の威力！プロが本気で検証,2026-07-09,12048,0.4381,8:49,529,0,video,2.0,0,https://www.youtube.com/watch?v=bnvIDn1LctM,https://i.ytimg.com/vi/bnvIDn1LctM/hqdefault.jpg
ピットワン,UCW3rbAgw8x0brFr29v50FJg,257000,SEGB5fkbTMU,事故車を直すお金がありません…追突事故のその後とは？,2026-03-28,112389,0.4373,13:27,807,0,video,1.0,0,https://www.youtube.com/watch?v=SEGB5fkbTMU,https://i.ytimg.com/vi/SEGB5fkbTMU/hqdefault.jpg
僕たちの洗車旅。,UCBHG2P_CcPLCQkFQROGxjLA,23000,_HDhYLDbV-A,この方法、威力倍増。#洗車 #ながら洗車 #スプラッシュ&リムーバー #ガラスポリッシュ #ウロコ除去 #窓ガラス撥水,2026-03-29,10035,0.4363,,,1,short,2.0,0,https://www.youtube.com/watch?v=_HDhYLDbV-A,https://i.ytimg.com/vi/_HDhYLDbV-A/hqdefault.jpg
ピットワン,UCW3rbAgw8x0brFr29v50FJg,257000,ePcVCsvJorM,【約700万円】プリウスに見える？超高額で復活した名車ホンダプレリュードの全貌とは？,2025-12-27,111841,0.4352,18:27,1107,0,video,1.0,0,https://www.youtube.com/watch?v=ePcVCsvJorM,https://i.ytimg.com/vi/ePcVCsvJorM/hqdefault.jpg
チャンネル隊長,UCEgvzVCeW2MnHV-M62CxBDQ,217000,tBquXCk9hv4,【車DIY】素人がN-BOXのブレーキを交換した結果・・・まさかのトラップに【注意喚起】,2026-09-22,94032,0.4333,16:51,1011,0,video,1.0,0,https://www.youtube.com/watch?v=tBquXCk9hv4,https://i.ytimg.com/vi/tBquXCk9hv4/hqdefault.jpg
センスアールのRYUYA,UCXCy0fYOsvGFDSOHXJX4JUw,27500,-TQFxOuw57E,【徹底比較】今一番買うべき簡易コーティングはどれ？人気5商品をプロが本気検証！ 切り抜き1 修正,2026-08-31,11880,0.4320,,,1,short,2.0,0,https://www.youtube.com/watch?v=-TQFxOuw57E,https://i.ytimg.com/vi/-TQFxOuw57E/hqdefault.jpg
センスアールのRYUYA,UCXCy0fYOsvGFDSOHXJX4JUw,27500,ehLzmIC18D0,【超耐久】グラフェンコーティングの頂点!?LUMINUS SP PROをプロが試す！,2026-01-16,11868,0.4316,24:36,1476,0,video,2.0,0,https://www.youtube.com/watch?v=ehLzmIC18D0,https://i.ytimg.com/vi/ehLzmIC18D0/hqdefault.jpg
僕たちの洗車旅。,UCBHG2P_CcPLCQkFQROGxjLA,23000,l_C9BMjUU3Y,【たった298円】激安カーシャンプーが“神泡”に生まれ変わる裏技を大公開！,2025-10-18,9817,0.4268,27:08,1628,0,video,2.0,0,https://www.youtube.com/watch?v=l_C9BMjUU3Y,https://i.ytimg.com/vi/l_C9BMjUU3Y/hqdefault.jpg
僕たちの洗車旅。,UCBHG2P_CcPLCQkFQROGxjLA,23000,AtBn41oyq8k,【実演検証】ガラスコーティングを剥がさずに水シミと傷だけ安全に消す方法,2025-11-30,9782,0.4253,24:12,1452,0,video,2.0,0,https://www.youtube.com/watch?v=AtBn41oyq8k,https://i.ytimg.com/vi/AtBn41oyq8k/hqdefault.jpg
ワイズ社長のワイズチャンネル,UCr65_J7H0Lu_zJHOCuHswww,125000,gxGn5IlX14c,【完】陸運局の不手際で日本一有名になったキャンターの一部始終,2025-12-18,53145,0.4252,49:57,2997,0,video,1.0,0,https://www.youtube.com/watch?v=gxGn5IlX14c,https://i.ytimg.com/vi/gxGn5IlX14c/hqdefault.jpg
ワイズ社長のワイズチャンネル,UCr65_J7H0Lu_zJHOCuHswww,125000,g_mUR_bKeD0,【何者？】3000万円のポルシェを乗りまわす。パジャマのおっさん来店,2026-09-02,53025,0.4242,29:51,1791,0,video,1.0,0,https://www.youtube.com/watch?v=g_mUR_bKeD0,https://i.ytimg.com/vi/g_mUR_bKeD0/hqdefault.jpg
ワイズ社長のワイズチャンネル,UCr65_J7H0Lu_zJHOCuHswww,125000,Ml5cN5CO_LY,相談してくるくせに全て超勝手に決めて進めていく客と完全に縁を切った,2026-03-14,52564,0.4205,8:38,518,0,video,1.0,0,https://www.youtube.com/watch?v=Ml5cN5CO_LY,https://i.ytimg.com/vi/Ml5cN5CO_LY/hqdefault.jpg
ピットワン,UCW3rbAgw8x0brFr29v50FJg,257000,tpo3GWdWb9U,世界中でここにしかないタイヤ！？競技もできるスタッドレスタイヤの実態とは？？,2026-03-20,108047,0.4204,19:37,1177,0,video,1.0,0,https://www.youtube.com/watch?v=tpo3GWdWb9U,https://i.ytimg.com/vi/tpo3GWdWb9U/hqdefault.jpg
センスアールのRYUYA,UCXCy0fYOsvGFDSOHXJX4JUw,27500,SlWx-7RMkZM,【プロ直伝】9割が知らないコメリ水垢剤「赤と青」の本当の使い分け！間違えると逆効果になりますショート3,2026-07-16,11551,0.4200,,,1,short,2.0,0,https://www.youtube.com/watch?v=SlWx-7RMkZM,https://i.ytimg.com/vi/SlWx-7RMkZM/hqdefault.jpg
センスアールのRYUYA,UCXCy0fYOsvGFDSOHXJX4JUw,27500,U13u2H1KaiM,【9割が間違ってる】初心者でも失敗しないワックスの正しい使い方｜プロが解説,2026-03-24,11543,0.4197,23:25,1405,0,video,2.0,0,https://www.youtube.com/watch?v=U13u2H1KaiM,https://i.ytimg.com/vi/U13u2H1KaiM/hqdefault.jpg
僕たちの洗車旅。,UCBHG2P_CcPLCQkFQROGxjLA,23000,VBmiQek8ffY,シャンプーを薄めに作る理由とは？🫧#洗車 #洗車グッズ #ながら洗車 #車 #車好き,2026-08-31,9604,0.4176,,,1,short,2.0,0,https://www.youtube.com/watch?v=VBmiQek8ffY,https://i.ytimg.com/vi/VBmiQek8ffY/hqdefault.jpg
センスアールのRYUYA,UCXCy0fYOsvGFDSOHXJX4JUw,27500,TQTGT8VH4tw,【レインモンスター新作】時短乾燥2分!? 衝撃のバチバチ撥水をガチ検証,2026-06-04,11478,0.4174,11:17,677,0,video,2.0,0,https://www.youtube.com/watch?v=TQTGT8VH4tw,https://i.ytimg.com/vi/TQTGT8VH4tw/hqdefault.jpg
WAX-WASH,UClwYG24hyQ2fUcCMyXNxRpg,160000,xAsNsjXAMRQ,虫の死骸に対する正しい対処方法とは？,2026-06-03,66431,0.4152,,,1,short,1.0,0,https://www.youtube.com/watch?v=xAsNsjXAMRQ,https://i.ytimg.com/vi/xAsNsjXAMRQ/hqdefault.jpg
ワイズ社長のワイズチャンネル,UCr65_J7H0Lu_zJHOCuHswww,125000,LWatp1IGEew,遂にテスった。４６歳、初EV車買う,2026-05-23,51720,0.4138,21:58,1318,0,video,1.0,0,https://www.youtube.com/watch?v=LWatp1IGEew,https://i.ytimg.com/vi/LWatp1IGEew/hqdefault.jpg
ワイズ社長のワイズチャンネル,UCr65_J7H0Lu_zJHOCuHswww,125000,2OfzD6D_Ltg,納車まで3ヶ月も待たせて本当に申し訳ございませんでした。,2026-03-02,51670,0.4134,10:11,611,0,video,1.0,0,https://www.youtube.com/watch?v=2OfzD6D_Ltg,https://i.ytimg.com/vi/2OfzD6D_Ltg/hqdefault.jpg
センスアールのRYUYA,UCXCy0fYOsvGFDSOHXJX4JUw,27500,VbRGC8jR8Qo,【実話】洗車歴20年以上のプロが経験した、本当にあった怖い洗車トラブル5選…知らないと同じ目に遭います,2026-08-03,11320,0.4116,10:40,640,0,video,2.0,0,https://www.youtube.com/watch?v=VbRGC8jR8Qo,https://i.ytimg.com/vi/VbRGC8jR8Qo/hqdefault.jpg
ワイズ社長のワイズチャンネル,UCr65_J7H0Lu_zJHOCuHswww,125000,-55pVvKGpMw,全国的な大雨で冠水車が大量発生します,2026-06-28,51139,0.4091,10:20,620,0,video,1.0,0,https://www.youtube.com/watch?v=-55pVvKGpMw,https://i.ytimg.com/vi/-55pVvKGpMw/hqdefault.jpg
ワイズ社長のワイズチャンネル,UCr65_J7H0Lu_zJHOCuHswww,125000,z0bnStlLik8,満点の車をお客様にススメたら、本当に満点でした。,2026-05-22,51026,0.4082,13:05,785,0,video,1.0,0,https://www.youtube.com/watch?v=z0bnStlLik8,https://i.ytimg.com/vi/z0bnStlLik8/hqdefault.jpg
ワイズ社長のワイズチャンネル,UCr65_J7H0Lu_zJHOCuHswww,125000,3OsLaF4sBns,【元祖SUV】１８年落ちには思えない極上の名車買いました,2026-03-11,50996,0.4080,11:39,699,0,video,1.0,0,https://www.youtube.com/watch?v=3OsLaF4sBns,https://i.ytimg.com/vi/3OsLaF4sBns/hqdefault.jpg
センスアールのRYUYA,UCXCy0fYOsvGFDSOHXJX4JUw,27500,wVFTrY4QqSM,【徹底比較】コメリCRUZARDブラシ4種でドロドロホイール洗ってみた！プロが本音レビュー,2025-10-24,11214,0.4078,14:15,855,0,video,2.0,0,https://www.youtube.com/watch?v=wVFTrY4QqSM,https://i.ytimg.com/vi/wVFTrY4QqSM/hqdefault.jpg
ピットワン,UCW3rbAgw8x0brFr29v50FJg,257000,_elZ4B_yx2w,修理代13万円しか出ない事故車の末路とは…？,2026-05-08,104541,0.4068,18:40,1120,0,video,1.0,0,https://www.youtube.com/watch?v=_elZ4B_yx2w,https://i.ytimg.com/vi/_elZ4B_yx2w/hqdefault.jpg
センスアールのRYUYA,UCXCy0fYOsvGFDSOHXJX4JUw,27500,LZfwJ_3xFPM,【ムラなしって本当？】レインドロップ新作を黒ボディで検証！本当にムラにならないのか本気で検証します1＃レインドロップ＃洗車＃撥水,2026-06-15,11184,0.4067,,,1,short,2.0,0,https://www.youtube.com/watch?v=LZfwJ_3xFPM,https://i.ytimg.com/vi/LZfwJ_3xFPM/hqdefault.jpg
僕たちの洗車旅。,UCBHG2P_CcPLCQkFQROGxjLA,23000,-mfyDBKBcEU,車のサビ・黄ばみには鉄粉除去剤！？#洗車 #塩カル #ながら洗車 #鉄粉除去 #車 #車好き,2026-04-27,9350,0.4065,,,1,short,2.0,0,https://www.youtube.com/watch?v=-mfyDBKBcEU,https://i.ytimg.com/vi/-mfyDBKBcEU/hqdefault.jpg
チャンネル隊長,UCEgvzVCeW2MnHV-M62CxBDQ,217000,lmip4p8Tw44,激安エアクリで激変!? 軽ターボ（HN11S）にAmazon汎用パイプ＆毒キノコを装着した結果,2026-08-30,88036,0.4057,12:27,747,0,video,1.0,0,https://www.youtube.com/watch?v=lmip4p8Tw44,https://i.ytimg.com/vi/lmip4p8Tw44/hqdefault.jpg
ピットワン,UCW3rbAgw8x0brFr29v50FJg,257000,_oOOMp319R8,約15年放置されたR32GT-Rは内側から直さないとダメでした…,2026-04-24,104135,0.4052,10:49,649,0,video,1.0,0,https://www.youtube.com/watch?v=_oOOMp319R8,https://i.ytimg.com/vi/_oOOMp319R8/hqdefault.jpg
ワイズ社長のワイズチャンネル,UCr65_J7H0Lu_zJHOCuHswww,125000,xvET_b-kv6E,【買取トラブル】説明させてください,2026-06-14,50614,0.4049,12:20,740,0,video,1.0,0,https://www.youtube.com/watch?v=xvET_b-kv6E,https://i.ytimg.com/vi/xvET_b-kv6E/hqdefault.jpg
ピットワン,UCW3rbAgw8x0brFr29v50FJg,257000,e1KO9OZgj0k,自分の技術で車の劣化を防げ！缶スプレーで新車同様の保つ超簡単な方法とは！？,2025-10-31,103634,0.4032,14:01,841,0,video,1.0,0,https://www.youtube.com/watch?v=e1KO9OZgj0k,https://i.ytimg.com/vi/e1KO9OZgj0k/hqdefault.jpg
センスアールのRYUYA,UCXCy0fYOsvGFDSOHXJX4JUw,27500,mYuJBatOD-I,【プロが暴露】コーティング施工店が絶対に教えない、施工後の正しいメンテナンス洗車の手順,2026-08-05,11081,0.4029,10:37,637,0,video,2.0,0,https://www.youtube.com/watch?v=mYuJBatOD-I,https://i.ytimg.com/vi/mYuJBatOD-I/hqdefault.jpg
ワイズ社長のワイズチャンネル,UCr65_J7H0Lu_zJHOCuHswww,125000,xpvLX9IS0Yo,車買いすぎ問題・・・またパンパン,2026-05-15,50253,0.4020,11:04,664,0,video,1.0,0,https://www.youtube.com/watch?v=xpvLX9IS0Yo,https://i.ytimg.com/vi/xpvLX9IS0Yo/hqdefault.jpg
ワイズ社長のワイズチャンネル,UCr65_J7H0Lu_zJHOCuHswww,125000,J3Dqolux4_Y,遂にBIGマイナーチェンジした新車が納車されました,2026-02-06,50245,0.4020,12:10,730,0,video,1.0,0,https://www.youtube.com/watch?v=J3Dqolux4_Y,https://i.ytimg.com/vi/J3Dqolux4_Y/hqdefault.jpg
ピットワン,UCW3rbAgw8x0brFr29v50FJg,257000,SfGy8I5nzzw,【GR86】プロが選んだパーツですぐ乗れるコンプリートカーが激安で買える!?,2025-11-22,103101,0.4012,14:52,892,0,video,1.0,0,https://www.youtube.com/watch?v=SfGy8I5nzzw,https://i.ytimg.com/vi/SfGy8I5nzzw/hqdefault.jpg
ワイズ社長のワイズチャンネル,UCr65_J7H0Lu_zJHOCuHswww,125000,boI-IG1fD4s,【本日初競り】新型エルグランドついにオークションに出ました！ナンボになったのか？初競り,2026-07-23,49672,0.3974,9:36,576,0,video,1.0,0,https://www.youtube.com/watch?v=boI-IG1fD4s,https://i.ytimg.com/vi/boI-IG1fD4s/hqdefault.jpg
ワイズ社長のワイズチャンネル,UCr65_J7H0Lu_zJHOCuHswww,125000,liGBxPQ3f_o,【男のロマン車】遂にあの車のオーナーになりました,2025-10-08,49627,0.3970,12:15,735,0,video,1.0,0,https://www.youtube.com/watch?v=liGBxPQ3f_o,https://i.ytimg.com/vi/liGBxPQ3f_o/hqdefault.jpg
ワイズ社長のワイズチャンネル,UCr65_J7H0Lu_zJHOCuHswww,125000,U-M0vYxqHXM,【これ当たり前？】ホンダ系Dラーが下請けに無償で運ばしていた,2026-06-09,49621,0.3970,13:21,801,0,video,1.0,0,https://www.youtube.com/watch?v=U-M0vYxqHXM,https://i.ytimg.com/vi/U-M0vYxqHXM/hqdefault.jpg
僕たちの洗車旅。,UCBHG2P_CcPLCQkFQROGxjLA,23000,3oXa6TTYPbI,【衝撃】車の磨きって本当に必要？検証したらまさかの結果に…,2025-12-13,9126,0.3968,26:52,1612,0,video,2.0,0,https://www.youtube.com/watch?v=3oXa6TTYPbI,https://i.ytimg.com/vi/3oXa6TTYPbI/hqdefault.jpg
ワイズ社長のワイズチャンネル,UCr65_J7H0Lu_zJHOCuHswww,125000,akkCwQWCjIM,世界一無駄な車を買った,2026-05-09,49487,0.3959,10:02,602,0,video,1.0,0,https://www.youtube.com/watch?v=akkCwQWCjIM,https://i.ytimg.com/vi/akkCwQWCjIM/hqdefault.jpg
ピットワン,UCW3rbAgw8x0brFr29v50FJg,257000,wRD3vVPPyoc,事故車でもお金になる!?日本車の価値と中古車の闇とは…？,2026-09-18,101741,0.3959,10:25,625,0,video,1.0,0,https://www.youtube.com/watch?v=wRD3vVPPyoc,https://i.ytimg.com/vi/wRD3vVPPyoc/hqdefault.jpg
僕たちの洗車旅。,UCBHG2P_CcPLCQkFQROGxjLA,23000,Jmg5v5MytrU,洗車特化の洗車場現る！？#洗車 #dwash   武蔵村山 #dwash #洗車場 #ながら洗車,2026-04-10,9094,0.3954,,,1,short,2.0,0,https://www.youtube.com/watch?v=Jmg5v5MytrU,https://i.ytimg.com/vi/Jmg5v5MytrU/hqdefault.jpg
ピットワン,UCW3rbAgw8x0brFr29v50FJg,257000,awLu0rUYjRI,90ヴォクシーが一番カッコいい！？ファミリーカーの常識を覆すトヨタ車の進化とは！？,2025-11-28,101573,0.3952,19:57,1197,0,video,1.0,0,https://www.youtube.com/watch?v=awLu0rUYjRI,https://i.ytimg.com/vi/awLu0rUYjRI/hqdefault.jpg
ワイズ社長のワイズチャンネル,UCr65_J7H0Lu_zJHOCuHswww,125000,aPKETuzUBBU,【こんな時どうなる？】借りた車で事故、車両保険50万円までは自分の保険でも掛かっているが修理費用が200万円！こんな時は自分の車両保険で50万円しか出ないのか？,2026-08-20,49297,0.3944,10:12,612,0,video,1.0,0,https://www.youtube.com/watch?v=aPKETuzUBBU,https://i.ytimg.com/vi/aPKETuzUBBU/hqdefault.jpg
チャンネル隊長,UCEgvzVCeW2MnHV-M62CxBDQ,217000,pHezjrxB5Lo,【ご報告】家族が増えます,2025-12-17,85539,0.3942,11:26,686,0,video,1.0,0,https://www.youtube.com/watch?v=pHezjrxB5Lo,https://i.ytimg.com/vi/pHezjrxB5Lo/hqdefault.jpg
僕たちの洗車旅。,UCBHG2P_CcPLCQkFQROGxjLA,23000,N7MxqyPaNcw,【永久保存版】コーティングをムラなく塗る！仕上がりが圧倒的に変わる㊙️術,2026-06-20,8997,0.3912,21:11,1271,0,video,2.0,0,https://www.youtube.com/watch?v=N7MxqyPaNcw,https://i.ytimg.com/vi/N7MxqyPaNcw/hqdefault.jpg
ワイズ社長のワイズチャンネル,UCr65_J7H0Lu_zJHOCuHswww,125000,J_7u-PJqhI4,【旭川市で！】年間100台売って年商２億3000万円でも倒産します,2026-06-06,48826,0.3906,15:40,940,0,video,1.0,0,https://www.youtube.com/watch?v=J_7u-PJqhI4,https://i.ytimg.com/vi/J_7u-PJqhI4/hqdefault.jpg
ワイズ社長のワイズチャンネル,UCr65_J7H0Lu_zJHOCuHswww,125000,TiSeqJx1Htw,糞な対応をするレンタカー屋を暴露します,2025-11-24,48335,0.3867,8:30,510,0,video,1.0,0,https://www.youtube.com/watch?v=TiSeqJx1Htw,https://i.ytimg.com/vi/TiSeqJx1Htw/hqdefault.jpg
ピットワン,UCW3rbAgw8x0brFr29v50FJg,257000,O04kOLzoC-E,半額の事故車レクサスは正常に走れる!?オープンカーでドライブしてみた結果…Can a Half-Price Salvaged Lexus Run Normally?,2026-02-07,99309,0.3864,13:41,821,0,video,1.0,0,https://www.youtube.com/watch?v=O04kOLzoC-E,https://i.ytimg.com/vi/O04kOLzoC-E/hqdefault.jpg
ピットワン,UCW3rbAgw8x0brFr29v50FJg,257000,d9Ix9r7vW3g,GT-Rを巡った喧嘩は終わらない!?重鎮が膨大な車の数に絶句した理由とは？,2026-02-13,98890,0.3848,12:10,730,0,video,1.0,0,https://www.youtube.com/watch?v=d9Ix9r7vW3g,https://i.ytimg.com/vi/d9Ix9r7vW3g/hqdefault.jpg
ワイズ社長のワイズチャンネル,UCr65_J7H0Lu_zJHOCuHswww,125000,CYfzIshvcig,【当時新車169万円】幻の国産希少車を業販してもらいました【ｂBオープンデッキ】,2026-07-11,47829,0.3826,13:36,816,0,video,1.0,0,https://www.youtube.com/watch?v=CYfzIshvcig,https://i.ytimg.com/vi/CYfzIshvcig/hqdefault.jpg
ワイズ社長のワイズチャンネル,UCr65_J7H0Lu_zJHOCuHswww,125000,PaGG8fl532s,納車直前に故障,2026-07-16,47818,0.3825,10:01,601,0,video,1.0,0,https://www.youtube.com/watch?v=PaGG8fl532s,https://i.ytimg.com/vi/PaGG8fl532s/hqdefault.jpg
ワイズ社長のワイズチャンネル,UCr65_J7H0Lu_zJHOCuHswww,125000,9TmFgrqNN48,【車屋だけが知っている情報2026】皆様に絶対に聞いてもらいたい残念なお知らせがあります,2026-01-11,47441,0.3795,13:22,802,0,video,1.0,0,https://www.youtube.com/watch?v=9TmFgrqNN48,https://i.ytimg.com/vi/9TmFgrqNN48/hqdefault.jpg
僕たちの洗車旅。,UCBHG2P_CcPLCQkFQROGxjLA,23000,HduCDC4UTys,2時間硬化の本格DIYガラスコーティング🔥 #洗車 #ガラスコーティング  #ながら洗車 #ファストガラス #車 #車好き,2026-05-02,8723,0.3793,,,1,short,2.0,0,https://www.youtube.com/watch?v=HduCDC4UTys,https://i.ytimg.com/vi/HduCDC4UTys/hqdefault.jpg
僕たちの洗車旅。,UCBHG2P_CcPLCQkFQROGxjLA,23000,ZL29D6YRIx0,ブリスで小傷はどうなる！？#洗車 #洗車用品 #ながら洗車 #ブリス #ガラスコーティング,2025-11-03,8711,0.3787,,,1,short,2.0,0,https://www.youtube.com/watch?v=ZL29D6YRIx0,https://i.ytimg.com/vi/ZL29D6YRIx0/hqdefault.jpg
僕たちの洗車旅。,UCBHG2P_CcPLCQkFQROGxjLA,23000,zZbgDVaSJIk,【今更聞けない】鉄粉とは？#洗車 #洗車用品 #鉄粉除去 #鉄粉 #車 #車好き,2025-12-24,8704,0.3784,,,1,short,2.0,0,https://www.youtube.com/watch?v=zZbgDVaSJIk,https://i.ytimg.com/vi/zZbgDVaSJIk/hqdefault.jpg
僕たちの洗車旅。,UCBHG2P_CcPLCQkFQROGxjLA,23000,7VGs743siRg,鉄粉除去剤のシミ防止とは？#洗車 #洗車グッズ #ながら洗車 #車 #鉄粉除去,2026-08-18,8700,0.3783,,,1,short,2.0,0,https://www.youtube.com/watch?v=7VGs743siRg,https://i.ytimg.com/vi/7VGs743siRg/hqdefault.jpg
僕たちの洗車旅。,UCBHG2P_CcPLCQkFQROGxjLA,23000,ciBbevOyHwY,洗車場で「代わりに洗車させて！」と交渉したら…#洗車 #洗車場 #ながら洗車 #車 #車好き,2026-06-28,8681,0.3774,,,1,short,2.0,0,https://www.youtube.com/watch?v=ciBbevOyHwY,https://i.ytimg.com/vi/ciBbevOyHwY/hqdefault.jpg
ピットワン,UCW3rbAgw8x0brFr29v50FJg,257000,onMidK4yFvU,AE86でドリフト!?あのイシカワボディに潜入したらまさかの!?,2026-09-05,96811,0.3767,14:33,873,0,video,1.0,0,https://www.youtube.com/watch?v=onMidK4yFvU,https://i.ytimg.com/vi/onMidK4yFvU/hqdefault.jpg
僕たちの洗車旅。,UCBHG2P_CcPLCQkFQROGxjLA,23000,SRhISPy2rs4,keeperや洗車業者に頼む時の豆知識‼️ #洗車 #洗車グッズ #ながら洗車 #車 #車好き,2026-09-16,8619,0.3747,,,1,short,2.0,0,https://www.youtube.com/watch?v=SRhISPy2rs4,https://i.ytimg.com/vi/SRhISPy2rs4/hqdefault.jpg
ワイズ社長のワイズチャンネル,UCr65_J7H0Lu_zJHOCuHswww,125000,KuTjL5fTWLU,こんなに綺麗な車が実は３点なので車屋は安く買って少し手を加えて４点みたいにして売って大儲け,2026-03-09,46587,0.3727,14:12,852,0,video,1.0,0,https://www.youtube.com/watch?v=KuTjL5fTWLU,https://i.ytimg.com/vi/KuTjL5fTWLU/hqdefault.jpg
ワイズ社長のワイズチャンネル,UCr65_J7H0Lu_zJHOCuHswww,125000,dg3MSqv8KiM,【この値段、破格値です】新型エブリイワゴンPZターボSP全方位モニター付でこれだけして250万円切りはないでしょ？,2026-06-12,46586,0.3727,8:27,507,0,video,1.0,0,https://www.youtube.com/watch?v=dg3MSqv8KiM,https://i.ytimg.com/vi/dg3MSqv8KiM/hqdefault.jpg
ワイズ社長のワイズチャンネル,UCr65_J7H0Lu_zJHOCuHswww,125000,-tdvqPcyEdM,先日のライブ配信の従業員にブチぎれした件,2026-08-25,46078,0.3686,10:38,638,0,video,1.0,0,https://www.youtube.com/watch?v=-tdvqPcyEdM,https://i.ytimg.com/vi/-tdvqPcyEdM/hqdefault.jpg
ピットワン,UCW3rbAgw8x0brFr29v50FJg,257000,KhJCFXtGo_E,10年以上放置した32GT-Rをバラしたら想像以上に酷かった、、、？？The abandoned 32GT-R is in terrible condition...,2026-01-24,94579,0.3680,13:22,802,0,video,1.0,0,https://www.youtube.com/watch?v=KhJCFXtGo_E,https://i.ytimg.com/vi/KhJCFXtGo_E/hqdefault.jpg
ピットワン,UCW3rbAgw8x0brFr29v50FJg,257000,RcQSH_ltQFc,ブースで塗装しない理由？#automobile#gr86  #プラド #gtr#軽自動車#カスタム#diy #交通事故 #トヨタ#toyota#日産#RX-7#レクサス#事故車,2026-02-24,94348,0.3671,,,1,short,1.0,0,https://www.youtube.com/watch?v=RcQSH_ltQFc,https://i.ytimg.com/vi/RcQSH_ltQFc/hqdefault.jpg
ピットワン,UCW3rbAgw8x0brFr29v50FJg,257000,C7q140kokkI,初心者こそ持つべきなポリッシャーはこれ！DIY洗車がレベルアップ！,2026-07-07,94127,0.3663,19:51,1191,0,video,1.0,0,https://www.youtube.com/watch?v=C7q140kokkI,https://i.ytimg.com/vi/C7q140kokkI/hqdefault.jpg
僕たちの洗車旅。,UCBHG2P_CcPLCQkFQROGxjLA,23000,nf_NDPayE4k,下部を錆びさせないためにコレをして‼️#洗車 #洗車グッズ #ながら洗車 #車 #車好き,2026-09-07,8416,0.3659,,,1,short,2.0,0,https://www.youtube.com/watch?v=nf_NDPayE4k,https://i.ytimg.com/vi/nf_NDPayE4k/hqdefault.jpg
僕たちの洗車旅。,UCBHG2P_CcPLCQkFQROGxjLA,23000,Ml7YskRa3ZA,ガラスコーティングに迷ってる人必見です！#洗車 #洗車用品 #ながら洗車 #ガラスコーティング #車 #車好き,2026-02-15,8405,0.3654,,,1,short,2.0,0,https://www.youtube.com/watch?v=Ml7YskRa3ZA,https://i.ytimg.com/vi/Ml7YskRa3ZA/hqdefault.jpg
ピットワン,UCW3rbAgw8x0brFr29v50FJg,257000,1zJcc3GLsgk,30万キロ走ったボロボロシビックを直すリアルを全てお見せします,2026-07-31,93620,0.3643,30:52,1852,0,video,1.0,0,https://www.youtube.com/watch?v=1zJcc3GLsgk,https://i.ytimg.com/vi/1zJcc3GLsgk/hqdefault.jpg
僕たちの洗車旅。,UCBHG2P_CcPLCQkFQROGxjLA,23000,1rphPV97b8Y,今更聞けない！ワックスとコーティングって何が違うの？#洗車 #洗車用品 #ながら洗車 #ワックス #コーティング #車 #車好き,2025-12-12,8371,0.3640,,,1,short,2.0,0,https://www.youtube.com/watch?v=1rphPV97b8Y,https://i.ytimg.com/vi/1rphPV97b8Y/hqdefault.jpg
ワイズ社長のワイズチャンネル,UCr65_J7H0Lu_zJHOCuHswww,125000,sIZYXWeDG6s,何かが可笑しい。,2026-08-03,45494,0.3640,8:46,526,0,video,1.0,0,https://www.youtube.com/watch?v=sIZYXWeDG6s,https://i.ytimg.com/vi/sIZYXWeDG6s/hqdefault.jpg
ワイズ社長のワイズチャンネル,UCr65_J7H0Lu_zJHOCuHswww,125000,tgjJNri_qdw,あの陸運局の誤認問題で車業界から文句言われてます,2025-12-25,45450,0.3636,10:52,652,0,video,1.0,0,https://www.youtube.com/watch?v=tgjJNri_qdw,https://i.ytimg.com/vi/tgjJNri_qdw/hqdefault.jpg
ワイズ社長のワイズチャンネル,UCr65_J7H0Lu_zJHOCuHswww,125000,PR2FgKmHCeY,【最安値との差額５０万円!!】１番高い買取金額を出したユーポスより高い金額で買い取ったら得するのか？損するのか？,2026-02-28,45384,0.3631,15:28,928,0,video,1.0,0,https://www.youtube.com/watch?v=PR2FgKmHCeY,https://i.ytimg.com/vi/PR2FgKmHCeY/hqdefault.jpg
ピットワン,UCW3rbAgw8x0brFr29v50FJg,257000,CL-J5KBfs24,GR86を音から変える!?マフラーカスタムでデモカーを爆音に！,2026-09-19,93197,0.3626,19:22,1162,0,video,1.0,0,https://www.youtube.com/watch?v=CL-J5KBfs24,https://i.ytimg.com/vi/CL-J5KBfs24/hqdefault.jpg
僕たちの洗車旅。,UCBHG2P_CcPLCQkFQROGxjLA,23000,HrbPIIYkMfo,【洗車が苦手な人必見！】絶対に失敗しない洗車の教科書｜今日から洗車上手くなる,2025-12-27,8317,0.3616,26:26,1586,0,video,2.0,0,https://www.youtube.com/watch?v=HrbPIIYkMfo,https://i.ytimg.com/vi/HrbPIIYkMfo/hqdefault.jpg
ワイズ社長のワイズチャンネル,UCr65_J7H0Lu_zJHOCuHswww,125000,Q0mGzbx4BNw,もともとタフなハスラーをもっとタフにしたらカッコ良すぎるハスラータフワイルドになりました,2026-03-17,45150,0.3612,8:52,532,0,video,1.0,0,https://www.youtube.com/watch?v=Q0mGzbx4BNw,https://i.ytimg.com/vi/Q0mGzbx4BNw/hqdefault.jpg
僕たちの洗車旅。,UCBHG2P_CcPLCQkFQROGxjLA,23000,MQbcmakiwfg,ウォータースポット瞬殺できるアイテムがこちら！#洗車 #ながら洗車 #ウォータースポット #水シミ #車の傷 #車 #車好き,2026-05-17,8299,0.3608,,,1,short,2.0,0,https://www.youtube.com/watch?v=MQbcmakiwfg,https://i.ytimg.com/vi/MQbcmakiwfg/hqdefault.jpg
僕たちの洗車旅。,UCBHG2P_CcPLCQkFQROGxjLA,23000,39gtKXVSFP0,洗車をする時に大切なことをプロに聞いてみた！#洗車 #洗車用品 #ながら洗車 #アーマー東京 #車 #車好き,2026-01-13,8298,0.3608,,,1,short,2.0,0,https://www.youtube.com/watch?v=39gtKXVSFP0,https://i.ytimg.com/vi/39gtKXVSFP0/hqdefault.jpg
ピットワン,UCW3rbAgw8x0brFr29v50FJg,257000,xXnsUKyMfR8,トヨタの名車が復活!?トヨタ2000GTってどんな車？,2026-05-15,92033,0.3581,15:20,920,0,video,1.0,0,https://www.youtube.com/watch?v=xXnsUKyMfR8,https://i.ytimg.com/vi/xXnsUKyMfR8/hqdefault.jpg
ワイズ社長のワイズチャンネル,UCr65_J7H0Lu_zJHOCuHswww,125000,ry4oDaBUaYc,日本の宝、お見せしましょう！,2026-06-13,44672,0.3574,9:34,574,0,video,1.0,0,https://www.youtube.com/watch?v=ry4oDaBUaYc,https://i.ytimg.com/vi/ry4oDaBUaYc/hqdefault.jpg
ピットワン,UCW3rbAgw8x0brFr29v50FJg,257000,Cq22ujlWmk8,世界一黒いレクサス！？オープンカーを次元の違う黒さにしたら見えなくなった、、？？,2026-03-21,91711,0.3569,18:42,1122,0,video,1.0,0,https://www.youtube.com/watch?v=Cq22ujlWmk8,https://i.ytimg.com/vi/Cq22ujlWmk8/hqdefault.jpg
センスアールのRYUYA,UCXCy0fYOsvGFDSOHXJX4JUw,27500,mtlXg6CCIPA,【コメリ新作】クルザード2026“ネコソギ”が便利すぎた…洗車のプロが本音レビュー,2026-04-21,9798,0.3563,11:33,693,0,video,2.0,0,https://www.youtube.com/watch?v=mtlXg6CCIPA,https://i.ytimg.com/vi/mtlXg6CCIPA/hqdefault.jpg
ピットワン,UCW3rbAgw8x0brFr29v50FJg,257000,kn_iPtsKMOg,謎の極上ER34を買い取りしたら信じられないほどのいい車だった…,2026-06-27,90917,0.3538,13:41,821,0,video,1.0,0,https://www.youtube.com/watch?v=kn_iPtsKMOg,https://i.ytimg.com/vi/kn_iPtsKMOg/hqdefault.jpg
ワイズ社長のワイズチャンネル,UCr65_J7H0Lu_zJHOCuHswww,125000,HVfvG7IL2oQ,売れた車をこんな状態で納車する車屋はダメ！,2025-10-23,43944,0.3516,8:43,523,0,video,1.0,0,https://www.youtube.com/watch?v=HVfvG7IL2oQ,https://i.ytimg.com/vi/HVfvG7IL2oQ/hqdefault.jpg
ワイズ社長のワイズチャンネル,UCr65_J7H0Lu_zJHOCuHswww,125000,L4Vp1eWh4xA,【実は安い！】最上級のステーションワゴン！ダウンサイジングなのにターボ+スーパーチャージャー,2026-04-15,43861,0.3509,11:34,694,0,video,1.0,0,https://www.youtube.com/watch?v=L4Vp1eWh4xA,https://i.ytimg.com/vi/L4Vp1eWh4xA/hqdefault.jpg
センスアールのRYUYA,UCXCy0fYOsvGFDSOHXJX4JUw,27500,j2ask-bN60M,【重大発表】昨年大爆発したクラファン、再始動します。全3弾・4商品を公開（SENSE-R）油分除去剤・傷埋めノ下地,2026-05-24,9638,0.3505,,,1,short,2.0,0,https://www.youtube.com/watch?v=j2ask-bN60M,https://i.ytimg.com/vi/j2ask-bN60M/hqdefault.jpg
ピットワン,UCW3rbAgw8x0brFr29v50FJg,257000,7tl1Alq6qUA,壊滅的な状態のR32が修復完了！と思ったら予想外の展開に…,2026-05-22,90057,0.3504,12:38,758,0,video,1.0,0,https://www.youtube.com/watch?v=7tl1Alq6qUA,https://i.ytimg.com/vi/7tl1Alq6qUA/hqdefault.jpg
ワイズ社長のワイズチャンネル,UCr65_J7H0Lu_zJHOCuHswww,125000,s5L8jEAmXvc,客から詫び,2025-10-03,43765,0.3501,10:38,638,0,video,1.0,0,https://www.youtube.com/watch?v=s5L8jEAmXvc,https://i.ytimg.com/vi/s5L8jEAmXvc/hqdefault.jpg
ワイズ社長のワイズチャンネル,UCr65_J7H0Lu_zJHOCuHswww,125000,DaIZpRIbZO4,【買って後悔？】高級SUVクロカン買いましたけどやっぱり○○でした,2026-07-02,43713,0.3497,19:45,1185,0,video,1.0,0,https://www.youtube.com/watch?v=DaIZpRIbZO4,https://i.ytimg.com/vi/DaIZpRIbZO4/hqdefault.jpg
ワイズ社長のワイズチャンネル,UCr65_J7H0Lu_zJHOCuHswww,125000,3Bh8GAkeAv4,こんな事もあるんやな,2026-02-02,43670,0.3494,8:14,494,0,video,1.0,0,https://www.youtube.com/watch?v=3Bh8GAkeAv4,https://i.ytimg.com/vi/3Bh8GAkeAv4/hqdefault.jpg
センスアールのRYUYA,UCXCy0fYOsvGFDSOHXJX4JUw,27500,KWdkiZEhEd4,【研磨対決】プロ vs 素人｜同じ道具で検証、傷だらけの車の仕上がりは“どれくらい違う？”,2026-04-12,9547,0.3472,17:38,1058,0,video,2.0,0,https://www.youtube.com/watch?v=KWdkiZEhEd4,https://i.ytimg.com/vi/KWdkiZEhEd4/hqdefault.jpg
ワイズ社長のワイズチャンネル,UCr65_J7H0Lu_zJHOCuHswww,125000,H9b1eJQ5t1E,【戦争の影響】燃料過去最高値上げ幅・車の相場は？・EV車販売加速か？・ホンダ７０年ぶりの大赤字,2026-03-13,43394,0.3472,13:10,790,0,video,1.0,0,https://www.youtube.com/watch?v=H9b1eJQ5t1E,https://i.ytimg.com/vi/H9b1eJQ5t1E/hqdefault.jpg
ワイズ社長のワイズチャンネル,UCr65_J7H0Lu_zJHOCuHswww,125000,XBR5VkCoz-4,苦渋の決断,2025-10-09,43349,0.3468,14:05,845,0,video,1.0,0,https://www.youtube.com/watch?v=XBR5VkCoz-4,https://i.ytimg.com/vi/XBR5VkCoz-4/hqdefault.jpg
ピットワン,UCW3rbAgw8x0brFr29v50FJg,257000,e_MyUaSjWrs,事故車のレクサスGSに1年乗った結果…,2026-07-24,89072,0.3466,17:52,1072,0,video,1.0,0,https://www.youtube.com/watch?v=e_MyUaSjWrs,https://i.ytimg.com/vi/e_MyUaSjWrs/hqdefault.jpg
ワイズ社長のワイズチャンネル,UCr65_J7H0Lu_zJHOCuHswww,125000,YTyNYjRXIm4,オークション満点の極上車を注文で販売したがご迷惑を掛けました。申し訳ございません。W205　C200ローレウスエディション後期,2026-08-09,43140,0.3451,11:43,703,0,video,1.0,0,https://www.youtube.com/watch?v=YTyNYjRXIm4,https://i.ytimg.com/vi/YTyNYjRXIm4/hqdefault.jpg
僕たちの洗車旅。,UCBHG2P_CcPLCQkFQROGxjLA,23000,1ExLwT_vxNU,粘土不要でも根こそぎ鉄粉除去できるアイテム‼️#洗車 #ながら洗車 #アイアンデリート #鉄粉除去 #車 #車好き,2026-04-18,7930,0.3448,,,1,short,2.0,0,https://www.youtube.com/watch?v=1ExLwT_vxNU,https://i.ytimg.com/vi/1ExLwT_vxNU/hqdefault.jpg
ワイズ社長のワイズチャンネル,UCr65_J7H0Lu_zJHOCuHswww,125000,Qry0IQpYYHM,連日情報が届いてますが大被害になるかもしれません。しかし望みも少し出てきましたのでお伝えします。,2025-11-04,42888,0.3431,10:16,616,0,video,1.0,0,https://www.youtube.com/watch?v=Qry0IQpYYHM,https://i.ytimg.com/vi/Qry0IQpYYHM/hqdefault.jpg
僕たちの洗車旅。,UCBHG2P_CcPLCQkFQROGxjLA,23000,EwG2UKPqTR0,拭き上げながらコーティング⁉️#洗車 #洗車グッズ #ながら洗車 #車 #コーティング,2026-08-28,7889,0.3430,,,1,short,2.0,0,https://www.youtube.com/watch?v=EwG2UKPqTR0,https://i.ytimg.com/vi/EwG2UKPqTR0/hqdefault.jpg
ピットワン,UCW3rbAgw8x0brFr29v50FJg,257000,Ig5QlJiM-yg,無いはずの傷が増えてる!?中古車オークションは信用できない!?,2026-09-25,87849,0.3418,15:12,912,0,video,1.0,0,https://www.youtube.com/watch?v=Ig5QlJiM-yg,https://i.ytimg.com/vi/Ig5QlJiM-yg/hqdefault.jpg
ワイズ社長のワイズチャンネル,UCr65_J7H0Lu_zJHOCuHswww,125000,OJ6HBzxlz_0,【緊急、教えて小田オート】トランプ大統領の排ガス規制撤回でアイドリングストップなくなると言われている中、ラストモードコーディング依頼があったので小田オートに電話して遠隔でコーディングして貰った,2026-06-08,42700,0.3416,17:05,1025,0,video,1.0,0,https://www.youtube.com/watch?v=OJ6HBzxlz_0,https://i.ytimg.com/vi/OJ6HBzxlz_0/hqdefault.jpg
ワイズ社長のワイズチャンネル,UCr65_J7H0Lu_zJHOCuHswww,125000,TDvrzkcBP_A,【評価３点】なのに相場より10万円高く落札した車は吊り上げ行為でした,2026-05-01,42646,0.3412,8:04,484,0,video,1.0,0,https://www.youtube.com/watch?v=TDvrzkcBP_A,https://i.ytimg.com/vi/TDvrzkcBP_A/hqdefault.jpg
センスアールのRYUYA,UCXCy0fYOsvGFDSOHXJX4JUw,27500,mZA4uHmlCVo,【どこも断った】14年間放置の愛車「ホンダ シビック フェリオRS」…10万円でここまで甦るとは,2026-08-12,9356,0.3402,11:31,691,0,video,2.0,0,https://www.youtube.com/watch?v=mZA4uHmlCVo,https://i.ytimg.com/vi/mZA4uHmlCVo/hqdefault.jpg
ピットワン,UCW3rbAgw8x0brFr29v50FJg,257000,RLEYTtp2d2c,広告は嘘ばかり!?TikTokのDIY製品が使えるのか正直レビュー！,2026-07-04,86367,0.3361,15:24,924,0,video,1.0,0,https://www.youtube.com/watch?v=RLEYTtp2d2c,https://i.ytimg.com/vi/RLEYTtp2d2c/hqdefault.jpg
僕たちの洗車旅。,UCBHG2P_CcPLCQkFQROGxjLA,23000,_HdtcjnfazQ,失敗しない洗車のポイント✨ #洗車 #洗車グッズ #ながら洗車 #車 #車好き,2026-08-22,7694,0.3345,,,1,short,2.0,0,https://www.youtube.com/watch?v=_HdtcjnfazQ,https://i.ytimg.com/vi/_HdtcjnfazQ/hqdefault.jpg
センスアールのRYUYA,UCXCy0fYOsvGFDSOHXJX4JUw,27500,JBp6zIuGa0I,【激変】10年落ちの愛車がプロが作った新商品だけで新車級に復活,2026-08-14,9196,0.3344,17:03,1023,0,video,2.0,0,https://www.youtube.com/watch?v=JBp6zIuGa0I,https://i.ytimg.com/vi/JBp6zIuGa0I/hqdefault.jpg
ワイズ社長のワイズチャンネル,UCr65_J7H0Lu_zJHOCuHswww,125000,BRmfvMBkwMI,【デモカーリース大量発生】新古車が増える理由は販売台数Upだけの問題ではなかった,2026-01-26,41762,0.3341,10:41,641,0,video,1.0,0,https://www.youtube.com/watch?v=BRmfvMBkwMI,https://i.ytimg.com/vi/BRmfvMBkwMI/hqdefault.jpg
チャンネル隊長,UCEgvzVCeW2MnHV-M62CxBDQ,217000,QVSdvJOhqFU,【爆音!?】ジモティー15万円の激安Keiに社外マフラー投入！27年落ちターボMT車が良い音すぎる…【スズキ Kei】,2026-08-28,71735,0.3306,9:40,580,0,video,1.0,0,https://www.youtube.com/watch?v=QVSdvJOhqFU,https://i.ytimg.com/vi/QVSdvJOhqFU/hqdefault.jpg
ピットワン,UCW3rbAgw8x0brFr29v50FJg,257000,LDaTpHUIJIA,GT-Rからトラックホイールまで!?格安で磨く超一流の裏技とは!?,2026-05-01,84587,0.3291,19:33,1173,0,video,1.0,0,https://www.youtube.com/watch?v=LDaTpHUIJIA,https://i.ytimg.com/vi/LDaTpHUIJIA/hqdefault.jpg
センスアールのRYUYA,UCXCy0fYOsvGFDSOHXJX4JUw,27500,8OhuLBKfPX4,【本音】車のコーティングって本当に意味あるの？10万〜30万払う価値があるのかプロが徹底解説,2026-09-17,9020,0.3280,13:33,813,0,video,2.0,0,https://www.youtube.com/watch?v=8OhuLBKfPX4,https://i.ytimg.com/vi/8OhuLBKfPX4/hqdefault.jpg
僕たちの洗車旅。,UCBHG2P_CcPLCQkFQROGxjLA,23000,mfP6Zi_U62s,車好き女子ってどんなカーシャンプーを選ぶ？🫧🚗　#洗車 #洗車用品 #カーシャンプー #車 #車好き女子 #ながら洗車,2026-03-15,7518,0.3269,,,1,short,2.0,0,https://www.youtube.com/watch?v=mfP6Zi_U62s,https://i.ytimg.com/vi/mfP6Zi_U62s/hqdefault.jpg
僕たちの洗車旅。,UCBHG2P_CcPLCQkFQROGxjLA,23000,vLtPuTUrsKo,洗車傷を防ぐのはシャンプー洗車前が大事だった！？#洗車 #洗車傷 #手洗い洗車 #ながら洗車 #車 #車好き,2026-06-02,7482,0.3253,,,1,short,2.0,0,https://www.youtube.com/watch?v=vLtPuTUrsKo,https://i.ytimg.com/vi/vLtPuTUrsKo/hqdefault.jpg
ピットワン,UCW3rbAgw8x0brFr29v50FJg,257000,Qxfy4wKY0X4,喧嘩勃発！？スカイラインを支えた2人が実は仲が悪い！？真相を追求したらまさかの、、、,2025-10-03,83564,0.3252,13:27,807,0,video,1.0,0,https://www.youtube.com/watch?v=Qxfy4wKY0X4,https://i.ytimg.com/vi/Qxfy4wKY0X4/hqdefault.jpg
センスアールのRYUYA,UCXCy0fYOsvGFDSOHXJX4JUw,27500,UDF_apxxAyM,【本音レビュー】黄ばんだヘッドライトは本当に綺麗になる？ドンキの人気商品をプロが検証！,2026-08-26,8937,0.3250,10:48,648,0,video,2.0,0,https://www.youtube.com/watch?v=UDF_apxxAyM,https://i.ytimg.com/vi/UDF_apxxAyM/hqdefault.jpg
ワイズ社長のワイズチャンネル,UCr65_J7H0Lu_zJHOCuHswww,125000,i8VtHZhdHzU,１５人乗りハイエースコミューターDXはカスタムが色々面倒です,2026-03-23,40469,0.3238,12:36,756,0,video,1.0,0,https://www.youtube.com/watch?v=i8VtHZhdHzU,https://i.ytimg.com/vi/i8VtHZhdHzU/hqdefault.jpg
僕たちの洗車旅。,UCBHG2P_CcPLCQkFQROGxjLA,23000,7GvjzyGBka0,大きい車洗車の必需アイテム！#洗車 #洗車用品 #ながら洗車 #SUV #ミニバン #車 #車好き,2025-12-23,7407,0.3220,,,1,short,2.0,0,https://www.youtube.com/watch?v=7GvjzyGBka0,https://i.ytimg.com/vi/7GvjzyGBka0/hqdefault.jpg
チャンネル隊長,UCEgvzVCeW2MnHV-M62CxBDQ,217000,TEGp8dLEoBk,【納車】クルマ買いました！！,2025-12-27,69828,0.3218,12:34,754,0,video,1.0,0,https://www.youtube.com/watch?v=TEGp8dLEoBk,https://i.ytimg.com/vi/TEGp8dLEoBk/hqdefault.jpg
チャンネル隊長,UCEgvzVCeW2MnHV-M62CxBDQ,217000,M0zH5bM58K8,お家を建てます！,2025-11-03,69466,0.3201,15:41,941,0,video,1.0,0,https://www.youtube.com/watch?v=M0zH5bM58K8,https://i.ytimg.com/vi/M0zH5bM58K8/hqdefault.jpg
ワイズ社長のワイズチャンネル,UCr65_J7H0Lu_zJHOCuHswww,125000,2-lzwDkonE0,【内装重視カスタム５０万円】車屋が乗るハイエースをが完成したのでお見せします,2026-04-07,39977,0.3198,14:31,871,0,video,1.0,0,https://www.youtube.com/watch?v=2-lzwDkonE0,https://i.ytimg.com/vi/2-lzwDkonE0/hqdefault.jpg
ワイズ社長のワイズチャンネル,UCr65_J7H0Lu_zJHOCuHswww,125000,gNwyvGZdiF8,【お客様の命】に係わる事を自分ら都合でこのタイヤでもディーラーは危なくないと言い、交換しません。,2026-08-05,39930,0.3194,10:38,638,0,video,1.0,0,https://www.youtube.com/watch?v=gNwyvGZdiF8,https://i.ytimg.com/vi/gNwyvGZdiF8/hqdefault.jpg
ワイズ社長のワイズチャンネル,UCr65_J7H0Lu_zJHOCuHswww,125000,984xbss9epU,【本当にあった買取トラブル】当事者が語る。最大手の嘘。,2026-06-23,39831,0.3186,10:36,636,0,video,1.0,0,https://www.youtube.com/watch?v=984xbss9epU,https://i.ytimg.com/vi/984xbss9epU/hqdefault.jpg
ワイズ社長のワイズチャンネル,UCr65_J7H0Lu_zJHOCuHswww,125000,DXoZbQ5WLWc,１週間で２０００万円。。。倒産寸前やわ,2026-06-03,39787,0.3183,8:04,484,0,video,1.0,0,https://www.youtube.com/watch?v=DXoZbQ5WLWc,https://i.ytimg.com/vi/DXoZbQ5WLWc/hqdefault.jpg
ワイズ社長のワイズチャンネル,UCr65_J7H0Lu_zJHOCuHswww,125000,-OWj4hIHsjg,カーセンサー問題に結論が出ました,2026-04-01,39555,0.3164,9:04,544,0,video,1.0,0,https://www.youtube.com/watch?v=-OWj4hIHsjg,https://i.ytimg.com/vi/-OWj4hIHsjg/hqdefault.jpg
チャンネル隊長,UCEgvzVCeW2MnHV-M62CxBDQ,217000,WKmiqelFJF0,1本1000円以下で エアコン爆冷え作戦,2026-08-08,68597,0.3161,,,1,short,1.0,0,https://www.youtube.com/watch?v=WKmiqelFJF0,https://i.ytimg.com/vi/WKmiqelFJF0/hqdefault.jpg
ワイズ社長のワイズチャンネル,UCr65_J7H0Lu_zJHOCuHswww,125000,nzWBJ-S-7ck,スタッフが在庫車を購入したらワイズ社長はいくら儲かるのか？利益公開,2026-07-14,39431,0.3154,9:01,541,0,video,1.0,0,https://www.youtube.com/watch?v=nzWBJ-S-7ck,https://i.ytimg.com/vi/nzWBJ-S-7ck/hqdefault.jpg
ワイズ社長のワイズチャンネル,UCr65_J7H0Lu_zJHOCuHswww,125000,HmNJWxE3YPA,【マジか!?】誰もやらないランクルFJのリセールを予想します,2026-05-28,39372,0.3150,24:36,1476,0,video,1.0,0,https://www.youtube.com/watch?v=HmNJWxE3YPA,https://i.ytimg.com/vi/HmNJWxE3YPA/hqdefault.jpg
チャンネル隊長,UCEgvzVCeW2MnHV-M62CxBDQ,217000,kRydzik82QQ,スイスポの現状をお見せします,2026-04-11,67971,0.3132,9:37,577,0,video,1.0,0,https://www.youtube.com/watch?v=kRydzik82QQ,https://i.ytimg.com/vi/kRydzik82QQ/hqdefault.jpg
ピットワン,UCW3rbAgw8x0brFr29v50FJg,257000,_Yf5_lrDXhk,小型の32GT-R！？#automobile #プラド #gtr#東京オートサロン#旧車#カスタム#スープラ #diy #交通事故 #トヨタ#toyota#センチュリー#32#32gtr,2026-01-15,80224,0.3122,,,1,short,1.0,0,https://www.youtube.com/watch?v=_Yf5_lrDXhk,https://i.ytimg.com/vi/_Yf5_lrDXhk/hqdefault.jpg
チャンネル隊長,UCEgvzVCeW2MnHV-M62CxBDQ,217000,WWl5nPL4miU,【大失敗？】15万円の激安Keiを買ってきたので、ハゲたボンネットを缶スプレーで素人自家塗装してみた,2026-09-06,67297,0.3101,9:55,595,0,video,1.0,0,https://www.youtube.com/watch?v=WWl5nPL4miU,https://i.ytimg.com/vi/WWl5nPL4miU/hqdefault.jpg
ワイズ社長のワイズチャンネル,UCr65_J7H0Lu_zJHOCuHswww,125000,DtigGQSWDps,なんでか知らんけど車もらったので安売りするわ,2026-03-27,38747,0.3100,9:40,580,0,video,1.0,0,https://www.youtube.com/watch?v=DtigGQSWDps,https://i.ytimg.com/vi/DtigGQSWDps/hqdefault.jpg
ワイズ社長のワイズチャンネル,UCr65_J7H0Lu_zJHOCuHswww,125000,rULkA7yY8uw,Dラーに激安で買わされました,2025-10-07,38567,0.3085,13:09,789,0,video,1.0,0,https://www.youtube.com/watch?v=rULkA7yY8uw,https://i.ytimg.com/vi/rULkA7yY8uw/hqdefault.jpg
ワイズ社長のワイズチャンネル,UCr65_J7H0Lu_zJHOCuHswww,125000,NYLVeXjfuyw,【予想外の展開】新型エルグランド受注殺到で大きく予想が外れましたので謝罪します。申し訳ございません。,2026-07-03,38448,0.3076,9:53,593,0,video,1.0,0,https://www.youtube.com/watch?v=NYLVeXjfuyw,https://i.ytimg.com/vi/NYLVeXjfuyw/hqdefault.jpg
ワイズ社長のワイズチャンネル,UCr65_J7H0Lu_zJHOCuHswww,125000,XAI_U-s1C6Y,【昔乗ってた車買ってみたシリーズ】総合点１位の新車１０００万円の高級車は１９年経ってもやっぱり１位なのか？,2026-03-30,38403,0.3072,10:41,641,0,video,1.0,0,https://www.youtube.com/watch?v=XAI_U-s1C6Y,https://i.ytimg.com/vi/XAI_U-s1C6Y/hqdefault.jpg
ワイズ社長のワイズチャンネル,UCr65_J7H0Lu_zJHOCuHswww,125000,kL8X0Nn5Zkg,騙されない失敗しない車屋さん選びの絶対法則,2026-07-04,38383,0.3071,14:53,893,0,video,1.0,0,https://www.youtube.com/watch?v=kL8X0Nn5Zkg,https://i.ytimg.com/vi/kL8X0Nn5Zkg/hqdefault.jpg
ピットワン,UCW3rbAgw8x0brFr29v50FJg,257000,AFeBYszdDkA,世界一の安全性！？ハンドル着脱カスタムに欠かせないワークスベルとは！？徹底潜入！！,2025-10-10,78870,0.3069,30:40,1840,0,video,1.0,0,https://www.youtube.com/watch?v=AFeBYszdDkA,https://i.ytimg.com/vi/AFeBYszdDkA/hqdefault.jpg
ワイズ社長のワイズチャンネル,UCr65_J7H0Lu_zJHOCuHswww,125000,hcEXOIDGt00,倒産したワンダーベースの詐欺被害者から直接SOSがきました,2026-07-28,38348,0.3068,12:07,727,0,video,1.0,0,https://www.youtube.com/watch?v=hcEXOIDGt00,https://i.ytimg.com/vi/hcEXOIDGt00/hqdefault.jpg
ピットワン,UCW3rbAgw8x0brFr29v50FJg,257000,oa0XiiL7Sgc,マツダロードスターをモンスターマシンへ！？大量のカスタムが頓挫した理由とは、、、？,2026-02-28,78418,0.3051,13:35,815,0,video,1.0,0,https://www.youtube.com/watch?v=oa0XiiL7Sgc,https://i.ytimg.com/vi/oa0XiiL7Sgc/hqdefault.jpg
チャンネル隊長,UCEgvzVCeW2MnHV-M62CxBDQ,217000,QkrYXhV1WtM,【激安過走行】メルカリ18万円中古N-BOXのエンジンをリフレッシュしてみた,2025-12-30,65406,0.3014,12:28,748,0,video,1.0,0,https://www.youtube.com/watch?v=QkrYXhV1WtM,https://i.ytimg.com/vi/QkrYXhV1WtM/hqdefault.jpg
僕たちの洗車旅。,UCBHG2P_CcPLCQkFQROGxjLA,23000,b9X9HV7RUUE,カーシャンプーの働きを知っておこう‼️その❷乳化作用 #洗車 #カーシャンプー #ながら洗車 #車 #車好き,2026-06-16,6902,0.3001,,,1,short,2.0,0,https://www.youtube.com/watch?v=b9X9HV7RUUE,https://i.ytimg.com/vi/b9X9HV7RUUE/hqdefault.jpg
WAX-WASH,UClwYG24hyQ2fUcCMyXNxRpg,160000,qpW83wMfEhE,良い機械式洗車場の特徴３選ぶ,2025-11-11,47817,0.2989,,,1,short,1.0,0,https://www.youtube.com/watch?v=qpW83wMfEhE,https://i.ytimg.com/vi/qpW83wMfEhE/hqdefault.jpg
ワイズ社長のワイズチャンネル,UCr65_J7H0Lu_zJHOCuHswww,125000,LL_qIgM9DFo,唯一無二な極上車をまた仕入れました,2026-04-27,37324,0.2986,9:02,542,0,video,1.0,0,https://www.youtube.com/watch?v=LL_qIgM9DFo,https://i.ytimg.com/vi/LL_qIgM9DFo/hqdefault.jpg
ピットワン,UCW3rbAgw8x0brFr29v50FJg,257000,SyGrwR8edjI,DIYじゃ無理！？素人に車の塗装をゼロから叩き込んだらまさかの急成長！！【とよちゃんガレージ】,2026-03-06,76520,0.2977,35:41,2141,0,video,1.0,0,https://www.youtube.com/watch?v=SyGrwR8edjI,https://i.ytimg.com/vi/SyGrwR8edjI/hqdefault.jpg
センスアールのRYUYA,UCXCy0fYOsvGFDSOHXJX4JUw,27500,T9rgUqix27c,【プロが検証】これ本当にHID屋！？噂のガラスコーティングを試してみた結果…！,2026-01-26,8169,0.2971,29:26,1766,0,video,2.0,0,https://www.youtube.com/watch?v=T9rgUqix27c,https://i.ytimg.com/vi/T9rgUqix27c/hqdefault.jpg
チャンネル隊長,UCEgvzVCeW2MnHV-M62CxBDQ,217000,T8kQo4uRfU0,【激安カスタム】15万円のジモティー車、まずは足元から！格安ホイール交換で見た目はどこまで化けるのか？,2026-09-07,64380,0.2967,12:59,779,0,video,1.0,0,https://www.youtube.com/watch?v=T8kQo4uRfU0,https://i.ytimg.com/vi/T8kQo4uRfU0/hqdefault.jpg
チャンネル隊長,UCEgvzVCeW2MnHV-M62CxBDQ,217000,lGElRrA72mo,【ご報告】娘が産まれました！,2026-02-01,64200,0.2959,23:15,1395,0,video,1.0,0,https://www.youtube.com/watch?v=lGElRrA72mo,https://i.ytimg.com/vi/lGElRrA72mo/hqdefault.jpg
ピットワン,UCW3rbAgw8x0brFr29v50FJg,257000,Qr6Z3tzNAUM,R32GT-Rの格をさらに上げる！？ニスモのホイール取り付けて高級感を纏う！！,2026-05-19,75930,0.2954,11:08,668,0,video,1.0,0,https://www.youtube.com/watch?v=Qr6Z3tzNAUM,https://i.ytimg.com/vi/Qr6Z3tzNAUM/hqdefault.jpg
ピットワン,UCW3rbAgw8x0brFr29v50FJg,257000,9reyncNQXZ4,大人気の86に手作りオーバーフェンダー!?即席なのに神技炸裂！,2026-07-11,75879,0.2952,20:22,1222,0,video,1.0,0,https://www.youtube.com/watch?v=9reyncNQXZ4,https://i.ytimg.com/vi/9reyncNQXZ4/hqdefault.jpg
ピットワン,UCW3rbAgw8x0brFr29v50FJg,257000,-Q5hmBJAI34,駐車大失敗…？#automobile#gr86  #プラド #gtr#軽自動車#Nボックス#カスタム#diy #交通事故 #トヨタ#toyota#日産#RX-7,2026-02-04,75856,0.2952,,,1,short,1.0,0,https://www.youtube.com/watch?v=-Q5hmBJAI34,https://i.ytimg.com/vi/-Q5hmBJAI34/hqdefault.jpg
僕たちの洗車旅。,UCBHG2P_CcPLCQkFQROGxjLA,23000,tN-wgr5zqNU,買ってはいけない、洗車グッズ😰#洗車 #洗車グッズ #車 #車好き,2026-08-05,6784,0.2950,,,1,short,2.0,0,https://www.youtube.com/watch?v=tN-wgr5zqNU,https://i.ytimg.com/vi/tN-wgr5zqNU/hqdefault.jpg
センスアールのRYUYA,UCXCy0fYOsvGFDSOHXJX4JUw,27500,YZw2MInqigc,【コメリ越え？】DCMがコスパ最強!!水アカクリーナー最強はどっち？洗車のプロがガチ比較,2026-09-08,8106,0.2948,,,1,short,2.0,0,https://www.youtube.com/watch?v=YZw2MInqigc,https://i.ytimg.com/vi/YZw2MInqigc/hqdefault.jpg
ワイズ社長のワイズチャンネル,UCr65_J7H0Lu_zJHOCuHswww,125000,JbC3CTEJByc,ｂB集めた結果、日本一になりました,2026-09-26,36792,0.2943,10:41,641,0,video,1.0,0,https://www.youtube.com/watch?v=JbC3CTEJByc,https://i.ytimg.com/vi/JbC3CTEJByc/hqdefault.jpg
ワイズ社長のワイズチャンネル,UCr65_J7H0Lu_zJHOCuHswww,125000,srAxC97EC2g,申し訳ございませんが、勘違いされてる方が一定数居られます。,2026-04-30,36763,0.2941,11:37,697,0,video,1.0,0,https://www.youtube.com/watch?v=srAxC97EC2g,https://i.ytimg.com/vi/srAxC97EC2g/hqdefault.jpg
センスアールのRYUYA,UCXCy0fYOsvGFDSOHXJX4JUw,27500,3lmy_qOMiAE,【要注意】花粉と黄砂は放置するとヤバい...。車の塗装が終わる理由と対策をプロが解説,2026-05-08,8071,0.2935,10:55,655,0,video,2.0,0,https://www.youtube.com/watch?v=3lmy_qOMiAE,https://i.ytimg.com/vi/3lmy_qOMiAE/hqdefault.jpg
センスアールのRYUYA,UCXCy0fYOsvGFDSOHXJX4JUw,27500,-Q1XiI1U3ro,【超小型高圧洗浄機】ウォーキングウォッシュ,2026-09-20,8056,0.2929,,,1,short,2.0,0,https://www.youtube.com/watch?v=-Q1XiI1U3ro,https://i.ytimg.com/vi/-Q1XiI1U3ro/hqdefault.jpg
僕たちの洗車旅。,UCBHG2P_CcPLCQkFQROGxjLA,23000,jY6R7owxLI4,車磨きとは？磨きが怖い方へ#洗車 #洗車用品 #ながら洗車 #diy #車磨き #ポリッシャー,2025-12-17,6702,0.2914,,,1,short,2.0,0,https://www.youtube.com/watch?v=jY6R7owxLI4,https://i.ytimg.com/vi/jY6R7owxLI4/hqdefault.jpg
ピットワン,UCW3rbAgw8x0brFr29v50FJg,257000,plrl7Z9F10g,【R32GT-R 】15年放置された名車が復活間近!?,2026-05-09,74821,0.2911,10:23,623,0,video,1.0,0,https://www.youtube.com/watch?v=plrl7Z9F10g,https://i.ytimg.com/vi/plrl7Z9F10g/hqdefault.jpg
僕たちの洗車旅。,UCBHG2P_CcPLCQkFQROGxjLA,23000,MyZDeDjFdXk,【融雪剤の落とし方】放置で廃車確定!?洗車で塩カルの錆び・黄ばみを瞬殺する方法,2026-04-25,6655,0.2893,30:20,1820,0,video,2.0,0,https://www.youtube.com/watch?v=MyZDeDjFdXk,https://i.ytimg.com/vi/MyZDeDjFdXk/hqdefault.jpg
ピットワン,UCW3rbAgw8x0brFr29v50FJg,257000,1RWON9uX7mY,新車の劣化をなぜ放置する？GRヤリスの経年劣化からの守り方とは!?,2026-01-31,74325,0.2892,15:06,906,0,video,1.0,0,https://www.youtube.com/watch?v=1RWON9uX7mY,https://i.ytimg.com/vi/1RWON9uX7mY/hqdefault.jpg
ワイズ社長のワイズチャンネル,UCr65_J7H0Lu_zJHOCuHswww,125000,yEDPDMlnpaM,【反省】仕事は軽く受けるものではありませんね。汗,2025-10-24,36035,0.2883,8:36,516,0,video,1.0,0,https://www.youtube.com/watch?v=yEDPDMlnpaM,https://i.ytimg.com/vi/yEDPDMlnpaM/hqdefault.jpg
僕たちの洗車旅。,UCBHG2P_CcPLCQkFQROGxjLA,23000,LU0qBhvr5Lc,洗車のプロの現場に潜入したらすごい技が撮れました…‼️ #洗車 #洗車グッズ #ながら洗車 #車 #車好き,2026-02-27,6613,0.2875,,,1,short,2.0,0,https://www.youtube.com/watch?v=LU0qBhvr5Lc,https://i.ytimg.com/vi/LU0qBhvr5Lc/hqdefault.jpg
ワイズ社長のワイズチャンネル,UCr65_J7H0Lu_zJHOCuHswww,125000,vs-fmdjW8IQ,お願い,2026-04-19,35821,0.2866,8:20,500,0,video,1.0,0,https://www.youtube.com/watch?v=vs-fmdjW8IQ,https://i.ytimg.com/vi/vs-fmdjW8IQ/hqdefault.jpg
ワイズ社長のワイズチャンネル,UCr65_J7H0Lu_zJHOCuHswww,125000,ZmwHTV_4e00,【お知らせ】またピンチやわ、助けて！,2026-02-07,35781,0.2862,11:25,685,0,video,1.0,0,https://www.youtube.com/watch?v=ZmwHTV_4e00,https://i.ytimg.com/vi/ZmwHTV_4e00/hqdefault.jpg
ピットワン,UCW3rbAgw8x0brFr29v50FJg,257000,5CMf5lgaWrQ,ムーブキャンバスは乗りにくい？純正の謎仕様を解決する方法とは？,2026-09-12,73086,0.2844,14:02,842,0,video,1.0,0,https://www.youtube.com/watch?v=5CMf5lgaWrQ,https://i.ytimg.com/vi/5CMf5lgaWrQ/hqdefault.jpg
ワイズ社長のワイズチャンネル,UCr65_J7H0Lu_zJHOCuHswww,125000,d4RQ-9yhWRM,【ホルムズ海峡開放】年間７００台の塗装を手掛ける中規模塗装屋の社長に今の現状のリアルと、解放されてからの展望を聞いてみた,2026-06-15,35451,0.2836,16:36,996,0,video,1.0,0,https://www.youtube.com/watch?v=d4RQ-9yhWRM,https://i.ytimg.com/vi/d4RQ-9yhWRM/hqdefault.jpg
ワイズ社長のワイズチャンネル,UCr65_J7H0Lu_zJHOCuHswww,125000,hFcFvoH7TZk,極上4.5点に見える車ですが実は〇点になります。,2025-12-17,35353,0.2828,15:52,952,0,video,1.0,0,https://www.youtube.com/watch?v=hFcFvoH7TZk,https://i.ytimg.com/vi/hFcFvoH7TZk/hqdefault.jpg
ピットワン,UCW3rbAgw8x0brFr29v50FJg,257000,yy_AUO-TXvc,GRセリカ復活!? #automobile #プラド #gtr#セリカ#旧車#カスタム #diy #交通事故 #トヨタ#toyota,2026-01-05,72463,0.2820,,,1,short,1.0,0,https://www.youtube.com/watch?v=yy_AUO-TXvc,https://i.ytimg.com/vi/yy_AUO-TXvc/hqdefault.jpg
ワイズ社長のワイズチャンネル,UCr65_J7H0Lu_zJHOCuHswww,125000,hOd3hMkVXSo,【緊急配信】お客様に謝罪させてください。申し訳ございませんでした。,2026-02-08,35188,0.2815,9:27,567,0,video,1.0,0,https://www.youtube.com/watch?v=hOd3hMkVXSo,https://i.ytimg.com/vi/hOd3hMkVXSo/hqdefault.jpg
ワイズ社長のワイズチャンネル,UCr65_J7H0Lu_zJHOCuHswww,125000,QwOBwugTFTE,【超長期在庫８８８日】実はまだまだ長期在庫はありました。なぜ長期在庫があるのか？実は全く問題ないんです！,2026-04-03,35157,0.2813,9:30,570,0,video,1.0,0,https://www.youtube.com/watch?v=QwOBwugTFTE,https://i.ytimg.com/vi/QwOBwugTFTE/hqdefault.jpg
センスアールのRYUYA,UCXCy0fYOsvGFDSOHXJX4JUw,27500,oeLYsgcZpks,【悪魔のZ】S30のパーツが揃いました！エンジン載せ替えに旅立ちます,2025-11-15,7712,0.2804,14:14,854,0,video,2.0,0,https://www.youtube.com/watch?v=oeLYsgcZpks,https://i.ytimg.com/vi/oeLYsgcZpks/hqdefault.jpg
僕たちの洗車旅。,UCBHG2P_CcPLCQkFQROGxjLA,23000,zkaQ3rOlDgs,ポリッシャー初心者必見！うまく磨けるコツ #洗車 #洗車用品 #ながら洗車 #車 #ポリッシャー #車好き #車磨き,2025-12-19,6449,0.2804,,,1,short,2.0,0,https://www.youtube.com/watch?v=zkaQ3rOlDgs,https://i.ytimg.com/vi/zkaQ3rOlDgs/hqdefault.jpg
センスアールのRYUYA,UCXCy0fYOsvGFDSOHXJX4JUw,27500,7TTwMe8O0As,【重大発表】昨年大爆発したクラファン、再始動します。全3弾・4商品を公開（SENSE-R）濡れ艶カルナバ蝋,2026-05-25,7687,0.2795,,,1,short,2.0,0,https://www.youtube.com/watch?v=7TTwMe8O0As,https://i.ytimg.com/vi/7TTwMe8O0As/hqdefault.jpg
センスアールのRYUYA,UCXCy0fYOsvGFDSOHXJX4JUw,27500,ZoQghQxvArc,マツダ RX-7を10時間徹底洗車で甦らせるショート版Part1,2026-05-17,7639,0.2778,,,1,short,2.0,0,https://www.youtube.com/watch?v=ZoQghQxvArc,https://i.ytimg.com/vi/ZoQghQxvArc/hqdefault.jpg
ワイズ社長のワイズチャンネル,UCr65_J7H0Lu_zJHOCuHswww,125000,cc5wNr8K1oU,隠し在庫ポルシェボクスターSはどうなったのか？ごめん。。。,2025-11-15,34689,0.2775,10:55,655,0,video,1.0,0,https://www.youtube.com/watch?v=cc5wNr8K1oU,https://i.ytimg.com/vi/cc5wNr8K1oU/hqdefault.jpg
チャンネル隊長,UCEgvzVCeW2MnHV-M62CxBDQ,217000,heGxGpWEg7k,【奇跡】ヤフオク1万円の他車純正シートがまさかの完全一致…車内が激変して鳥肌が立ちました,2026-09-20,59963,0.2763,13:30,810,0,video,1.0,0,https://www.youtube.com/watch?v=heGxGpWEg7k,https://i.ytimg.com/vi/heGxGpWEg7k/hqdefault.jpg
ピットワン,UCW3rbAgw8x0brFr29v50FJg,257000,CRFBnXKQy1g,GR86のホーンがダサい？あの車のクラクションの音に爆速で交換！,2025-12-19,70891,0.2758,11:29,689,0,video,1.0,0,https://www.youtube.com/watch?v=CRFBnXKQy1g,https://i.ytimg.com/vi/CRFBnXKQy1g/hqdefault.jpg
ワイズ社長のワイズチャンネル,UCr65_J7H0Lu_zJHOCuHswww,125000,wuSU9A5Mixk,【奇跡の満点車】オークションで奇跡の５点Aをメンバーシップの為に買いましたので中古車満点をお見せします。,2026-06-05,34478,0.2758,9:27,567,0,video,1.0,0,https://www.youtube.com/watch?v=wuSU9A5Mixk,https://i.ytimg.com/vi/wuSU9A5Mixk/hqdefault.jpg
僕たちの洗車旅。,UCBHG2P_CcPLCQkFQROGxjLA,23000,g1NEqfffR5s,拭き上げと同時に吹きかけると… #洗車 #洗車グッズ #ながら洗車 #車 #車好き,2026-09-03,6342,0.2757,,,1,short,2.0,0,https://www.youtube.com/watch?v=g1NEqfffR5s,https://i.ytimg.com/vi/g1NEqfffR5s/hqdefault.jpg
僕たちの洗車旅。,UCBHG2P_CcPLCQkFQROGxjLA,23000,Y_xu6q_tIuo,もう跳ね返らない！タイヤのブラシ洗浄‼️#洗車 #洗車用品 #ながら洗車 #タイヤ #タイヤ洗浄 #車 #車好き,2026-01-16,6288,0.2734,,,1,short,2.0,0,https://www.youtube.com/watch?v=Y_xu6q_tIuo,https://i.ytimg.com/vi/Y_xu6q_tIuo/hqdefault.jpg
チャンネル隊長,UCEgvzVCeW2MnHV-M62CxBDQ,217000,X0ueb6VXrY4,【納車】クルマ買いました！！,2026-08-22,59305,0.2733,14:19,859,0,video,1.0,0,https://www.youtube.com/watch?v=X0ueb6VXrY4,https://i.ytimg.com/vi/X0ueb6VXrY4/hqdefault.jpg
チャンネル隊長,UCEgvzVCeW2MnHV-M62CxBDQ,217000,HGsWByORhZg,【劇的変化】グニャグニャシフトが激変！HN11Sに強化ブッシュと格安シフトノブを入れた結果…,2026-09-03,59122,0.2725,11:28,688,0,video,1.0,0,https://www.youtube.com/watch?v=HGsWByORhZg,https://i.ytimg.com/vi/HGsWByORhZg/hqdefault.jpg
ワイズ社長のワイズチャンネル,UCr65_J7H0Lu_zJHOCuHswww,125000,LaTADQjyoAo,注文販売で業者から買い付けで仕入れましたが、もちろん高くなります！,2026-07-25,33826,0.2706,9:40,580,0,video,1.0,0,https://www.youtube.com/watch?v=LaTADQjyoAo,https://i.ytimg.com/vi/LaTADQjyoAo/hqdefault.jpg
ワイズ社長のワイズチャンネル,UCr65_J7H0Lu_zJHOCuHswww,125000,qKn-P4INQqY,日本歴代最小の660ｃｃ希少車を買いました。スズキツイン,2026-07-19,33725,0.2698,12:08,728,0,video,1.0,0,https://www.youtube.com/watch?v=qKn-P4INQqY,https://i.ytimg.com/vi/qKn-P4INQqY/hqdefault.jpg
僕たちの洗車旅。,UCBHG2P_CcPLCQkFQROGxjLA,23000,36dpwQ7F7Xw,洗車のプロが使ってるアプリはこちらです👌 #洗車 #洗車用品 #ながら洗車 #車 #車好き #shorts,2026-03-01,6155,0.2676,,,1,short,2.0,0,https://www.youtube.com/watch?v=36dpwQ7F7Xw,https://i.ytimg.com/vi/36dpwQ7F7Xw/hqdefault.jpg
センスアールのRYUYA,UCXCy0fYOsvGFDSOHXJX4JUw,27500,cdXwOw4d9qE,【洗車に8万5千円は高すぎる？】10時間かけるプロの本気の洗車の内容を全て公開しますショート＃徹底洗車＃センスアール＃洗車,2026-07-06,7291,0.2651,,,1,short,2.0,0,https://www.youtube.com/watch?v=cdXwOw4d9qE,https://i.ytimg.com/vi/cdXwOw4d9qE/hqdefault.jpg
ワイズ社長のワイズチャンネル,UCr65_J7H0Lu_zJHOCuHswww,125000,dvqIVREOWxA,ご報告がございます,2026-05-02,33139,0.2651,8:03,483,0,video,1.0,0,https://www.youtube.com/watch?v=dvqIVREOWxA,https://i.ytimg.com/vi/dvqIVREOWxA/hqdefault.jpg
ワイズ社長のワイズチャンネル,UCr65_J7H0Lu_zJHOCuHswww,125000,wTY-D_6-Fpo,19.8万円の車、売れたけど、どこまで無料で納車整備する？,2025-12-23,33109,0.2649,8:11,491,0,video,1.0,0,https://www.youtube.com/watch?v=wTY-D_6-Fpo,https://i.ytimg.com/vi/wTY-D_6-Fpo/hqdefault.jpg
僕たちの洗車旅。,UCBHG2P_CcPLCQkFQROGxjLA,23000,KbJcbRT8IE4,ポリッシャーでウォータースポットを除去✨#洗車 #洗車グッズ #ながら洗車 #車 #車好き,2026-09-09,6062,0.2636,,,1,short,2.0,0,https://www.youtube.com/watch?v=KbJcbRT8IE4,https://i.ytimg.com/vi/KbJcbRT8IE4/hqdefault.jpg
ワイズ社長のワイズチャンネル,UCr65_J7H0Lu_zJHOCuHswww,125000,kp8H9MuCTv0,この動画にホンマのアホの貧乏人がアンチコメしてきたので面白すぎて紹介します,2026-05-14,32731,0.2618,12:45,765,0,video,1.0,0,https://www.youtube.com/watch?v=kp8H9MuCTv0,https://i.ytimg.com/vi/kp8H9MuCTv0/hqdefault.jpg
センスアールのRYUYA,UCXCy0fYOsvGFDSOHXJX4JUw,27500,eVsfUvpbtxM,【超小型高圧洗浄機】ウォーキングウォッシュ！！,2026-09-22,7163,0.2605,,,1,short,2.0,0,https://www.youtube.com/watch?v=eVsfUvpbtxM,https://i.ytimg.com/vi/eVsfUvpbtxM/hqdefault.jpg
チャンネル隊長,UCEgvzVCeW2MnHV-M62CxBDQ,217000,G_HeKPxb6kA,【衝撃】箱出しで即ドリフト！初心者が選ぶべき「神キット」が凄すぎた…,2026-05-21,56395,0.2599,17:20,1040,0,video,1.0,0,https://www.youtube.com/watch?v=G_HeKPxb6kA,https://i.ytimg.com/vi/G_HeKPxb6kA/hqdefault.jpg
ワイズ社長のワイズチャンネル,UCr65_J7H0Lu_zJHOCuHswww,125000,nI8-qX14g2k,買取専門で有名な店の人間が終わってる代表に物申す,2026-07-07,32379,0.2590,10:24,624,0,video,1.0,0,https://www.youtube.com/watch?v=nI8-qX14g2k,https://i.ytimg.com/vi/nI8-qX14g2k/hqdefault.jpg
ピットワン,UCW3rbAgw8x0brFr29v50FJg,257000,X4jqkwJ5I-Q,レクサスLSを今風カスタムしたらあの頃が懐かしくなった…,2026-05-29,66528,0.2589,15:01,901,0,video,1.0,0,https://www.youtube.com/watch?v=X4jqkwJ5I-Q,https://i.ytimg.com/vi/X4jqkwJ5I-Q/hqdefault.jpg
僕たちの洗車旅。,UCBHG2P_CcPLCQkFQROGxjLA,23000,lZfpn8tJEcY,プラズマコーティングαが全て分かる動画はこちら💁‍♂️ #洗車 #洗車用品 #ながら洗車 #プラズマコーティングα #車 #車好き,2026-03-09,5953,0.2588,,,1,short,2.0,0,https://www.youtube.com/watch?v=lZfpn8tJEcY,https://i.ytimg.com/vi/lZfpn8tJEcY/hqdefault.jpg
ワイズ社長のワイズチャンネル,UCr65_J7H0Lu_zJHOCuHswww,125000,4zSkTRkmbOY,【またまた不正車検】わずか1年で１億円の儲けか？だから○○は減らない,2026-04-02,32339,0.2587,10:39,639,0,video,1.0,0,https://www.youtube.com/watch?v=4zSkTRkmbOY,https://i.ytimg.com/vi/4zSkTRkmbOY/hqdefault.jpg
ワイズ社長のワイズチャンネル,UCr65_J7H0Lu_zJHOCuHswww,125000,S-u9db_xmys,【実は熱い！】100万円台で乗れる輸入車ってホンマはコスパ良いかも？,2026-02-05,32190,0.2575,12:23,743,0,video,1.0,0,https://www.youtube.com/watch?v=S-u9db_xmys,https://i.ytimg.com/vi/S-u9db_xmys/hqdefault.jpg
僕たちの洗車旅。,UCBHG2P_CcPLCQkFQROGxjLA,23000,cofT1lNLbkA,撮影中ガチギレされる、ゆうちゃん…#洗車 #車 #車好き,2026-08-10,5852,0.2544,,,1,short,2.0,0,https://www.youtube.com/watch?v=cofT1lNLbkA,https://i.ytimg.com/vi/cofT1lNLbkA/hqdefault.jpg
ワイズ社長のワイズチャンネル,UCr65_J7H0Lu_zJHOCuHswww,125000,t1JWdjznIUc,【トラブル】車屋VS客、これどう思いますか？,2026-06-26,31768,0.2541,12:58,778,0,video,1.0,0,https://www.youtube.com/watch?v=t1JWdjznIUc,https://i.ytimg.com/vi/t1JWdjznIUc/hqdefault.jpg
ピットワン,UCW3rbAgw8x0brFr29v50FJg,257000,J48hdvg91pQ,超高圧力で叩く！？高性能工具が一生使える裏の努力とは？？,2026-02-10,64965,0.2528,22:44,1364,0,video,1.0,0,https://www.youtube.com/watch?v=J48hdvg91pQ,https://i.ytimg.com/vi/J48hdvg91pQ/hqdefault.jpg
ワイズ社長のワイズチャンネル,UCr65_J7H0Lu_zJHOCuHswww,125000,c1AG6oqHPDE,【これは無いやろ】ありえないことを言う奴に、ムカついてます,2026-08-12,31504,0.2520,9:55,595,0,video,1.0,0,https://www.youtube.com/watch?v=c1AG6oqHPDE,https://i.ytimg.com/vi/c1AG6oqHPDE/hqdefault.jpg
僕たちの洗車旅。,UCBHG2P_CcPLCQkFQROGxjLA,23000,EZZowQZzJgE,洗いながら撥水できる⁉️#洗車 #洗車グッズ #GYEON #車 #車好き,2026-09-24,5774,0.2510,,,1,short,2.0,0,https://www.youtube.com/watch?v=EZZowQZzJgE,https://i.ytimg.com/vi/EZZowQZzJgE/hqdefault.jpg
ワイズ社長のワイズチャンネル,UCr65_J7H0Lu_zJHOCuHswww,125000,apDmbIxceyk,【車屋史上１番】購入希望者必見！これほど素晴らしいローバーミニ、そして前オーナー様には逢ったことがない　メイフェア,2025-11-07,31306,0.2504,14:02,842,0,video,1.0,0,https://www.youtube.com/watch?v=apDmbIxceyk,https://i.ytimg.com/vi/apDmbIxceyk/hqdefault.jpg
僕たちの洗車旅。,UCBHG2P_CcPLCQkFQROGxjLA,23000,OS0dgjsF2WQ,ガラスコーティングしたら汚れづらくなるって本当？#洗車 #ながら洗車 #ガラスコーティング#検証 #車 #車好き,2026-02-20,5759,0.2504,,,1,short,2.0,0,https://www.youtube.com/watch?v=OS0dgjsF2WQ,https://i.ytimg.com/vi/OS0dgjsF2WQ/hqdefault.jpg
ワイズ社長のワイズチャンネル,UCr65_J7H0Lu_zJHOCuHswww,125000,iCR04w-L2_M,これが最後です,2025-11-05,30877,0.2470,8:05,485,0,video,1.0,0,https://www.youtube.com/watch?v=iCR04w-L2_M,https://i.ytimg.com/vi/iCR04w-L2_M/hqdefault.jpg
センスアールのRYUYA,UCXCy0fYOsvGFDSOHXJX4JUw,27500,EK2eQSaQ5Dc,【本気検証】コメリ大人気傷埋め剤vs 自社新商品…キズが消えるのはどっち？,2026-08-09,6786,0.2468,12:21,741,0,video,2.0,0,https://www.youtube.com/watch?v=EK2eQSaQ5Dc,https://i.ytimg.com/vi/EK2eQSaQ5Dc/hqdefault.jpg
チャンネル隊長,UCEgvzVCeW2MnHV-M62CxBDQ,217000,Hqy_6w62KkI,【重大発表あり】ついに車ガレージ購入！？最新カーポート・物置事情がスゴイ事になっていた・・・,2025-10-11,53514,0.2466,14:15,855,0,video,1.0,0,https://www.youtube.com/watch?v=Hqy_6w62KkI,https://i.ytimg.com/vi/Hqy_6w62KkI/hqdefault.jpg
ワイズ社長のワイズチャンネル,UCr65_J7H0Lu_zJHOCuHswww,125000,ciWmVRlAPOQ,緊急的に言いたい事【未だに、しょーもないこと聞いてくる】ので、声を大にして言います,2025-12-09,30618,0.2449,13:47,827,0,video,1.0,0,https://www.youtube.com/watch?v=ciWmVRlAPOQ,https://i.ytimg.com/vi/ciWmVRlAPOQ/hqdefault.jpg
ピットワン,UCW3rbAgw8x0brFr29v50FJg,257000,jI1x_uxM1gM,DIYでインテグラを復活！？全塗装に挑戦するとよちゃんに密着！！,2026-03-14,62941,0.2449,26:00,1560,0,video,1.0,0,https://www.youtube.com/watch?v=jI1x_uxM1gM,https://i.ytimg.com/vi/jI1x_uxM1gM/hqdefault.jpg
ワイズ社長のワイズチャンネル,UCr65_J7H0Lu_zJHOCuHswww,125000,Xi7u5XsM3iE,【大損害】綺麗な在庫車が自損事故で20万の損害になって事故車になった？,2026-05-20,30579,0.2446,10:05,605,0,video,1.0,0,https://www.youtube.com/watch?v=Xi7u5XsM3iE,https://i.ytimg.com/vi/Xi7u5XsM3iE/hqdefault.jpg
ワイズ社長のワイズチャンネル,UCr65_J7H0Lu_zJHOCuHswww,125000,U6DlzgBmLW4,４０万円もする最新高額機材を使います,2025-12-27,30480,0.2438,8:41,521,0,video,1.0,0,https://www.youtube.com/watch?v=U6DlzgBmLW4,https://i.ytimg.com/vi/U6DlzgBmLW4/hqdefault.jpg
ワイズ社長のワイズチャンネル,UCr65_J7H0Lu_zJHOCuHswww,125000,Z-gdF3jG-Jo,このやりとり不思議→「当社はなぜこんなに安く販売できるの？」 「それは○○だからです！」,2026-08-22,30327,0.2426,9:13,553,0,video,1.0,0,https://www.youtube.com/watch?v=Z-gdF3jG-Jo,https://i.ytimg.com/vi/Z-gdF3jG-Jo/hqdefault.jpg
僕たちの洗車旅。,UCBHG2P_CcPLCQkFQROGxjLA,23000,KH2L5PbyyZA,【昼洗車は水シミ地獄!?】夜に洗車するだけで“水シミゼロ”になるって本当？プロが徹底検証！,2025-09-27,5575,0.2424,28:03,1683,0,video,2.0,0,https://www.youtube.com/watch?v=KH2L5PbyyZA,https://i.ytimg.com/vi/KH2L5PbyyZA/hqdefault.jpg
ピットワン,UCW3rbAgw8x0brFr29v50FJg,257000,mX6cGOYcCuo,テスラの限界をこえる!?シンプル過ぎる電気自動車を面白い車にする方法？,2025-11-14,62245,0.2422,13:12,792,0,video,1.0,0,https://www.youtube.com/watch?v=mX6cGOYcCuo,https://i.ytimg.com/vi/mX6cGOYcCuo/hqdefault.jpg
僕たちの洗車旅。,UCBHG2P_CcPLCQkFQROGxjLA,23000,vwldI_jbWSM,洗車以外で車を輝かせる方法 #洗車 #洗車グッズ #ながら洗車 #車 #車好き,2026-08-20,5547,0.2412,,,1,short,2.0,0,https://www.youtube.com/watch?v=vwldI_jbWSM,https://i.ytimg.com/vi/vwldI_jbWSM/hqdefault.jpg
ワイズ社長のワイズチャンネル,UCr65_J7H0Lu_zJHOCuHswww,125000,Nc6A9BVflis,買取詐欺疑惑店で一緒に働いてた男からのリーク電話がありました。しかも違う被害者からのコメントも来ました。,2025-11-03,30067,0.2405,8:09,489,0,video,1.0,0,https://www.youtube.com/watch?v=Nc6A9BVflis,https://i.ytimg.com/vi/Nc6A9BVflis/hqdefault.jpg
チャンネル隊長,UCEgvzVCeW2MnHV-M62CxBDQ,217000,zptNdwX9oFc,15万円で買った激安Keiに「激安キーレス」をDIY装着！鍵穴生活とおさらばできるか検証してみた,2026-09-15,52132,0.2402,11:32,692,0,video,1.0,0,https://www.youtube.com/watch?v=zptNdwX9oFc,https://i.ytimg.com/vi/zptNdwX9oFc/hqdefault.jpg
チャンネル隊長,UCEgvzVCeW2MnHV-M62CxBDQ,217000,IvRwsdHCelQ,【15万円のKei】ジモティーで買った激安軽にブースト計つけたら走りが激変したw,2026-08-31,52108,0.2401,10:36,636,0,video,1.0,0,https://www.youtube.com/watch?v=IvRwsdHCelQ,https://i.ytimg.com/vi/IvRwsdHCelQ/hqdefault.jpg
WAX-WASH,UClwYG24hyQ2fUcCMyXNxRpg,160000,QDtkLUrbaN8,洗車では解決できない致命的なダメージ３選と予防法をプロが解説。,2025-10-05,38420,0.2401,9:03,543,0,video,1.0,0,https://www.youtube.com/watch?v=QDtkLUrbaN8,https://i.ytimg.com/vi/QDtkLUrbaN8/hqdefault.jpg
僕たちの洗車旅。,UCBHG2P_CcPLCQkFQROGxjLA,23000,vNDJriz7pP0,水弾きの違い！親水・疎水・撥水・滑水はこう違う！#洗車 #洗車用品 #ながら洗車 #水弾き  #車好き #DIY,2025-09-24,5518,0.2399,,,1,short,2.0,0,https://www.youtube.com/watch?v=vNDJriz7pP0,https://i.ytimg.com/vi/vNDJriz7pP0/hqdefault.jpg
センスアールのRYUYA,UCXCy0fYOsvGFDSOHXJX4JUw,27500,Fp-M-g-f1Nk,【2026年おすすめ】ダイソー＆Amazonで買える！プロが本気で使う最新洗車アイテムTOP5,2026-01-02,6569,0.2389,10:03,603,0,video,2.0,0,https://www.youtube.com/watch?v=Fp-M-g-f1Nk,https://i.ytimg.com/vi/Fp-M-g-f1Nk/hqdefault.jpg
センスアールのRYUYA,UCXCy0fYOsvGFDSOHXJX4JUw,27500,GTBSvLQkw1Y,【本気検証】コメリ大人気傷埋め剤vs 自社新商品…キズが消えるのはどっち？ 切り抜き1,2026-08-18,6567,0.2388,,,1,short,2.0,0,https://www.youtube.com/watch?v=GTBSvLQkw1Y,https://i.ytimg.com/vi/GTBSvLQkw1Y/hqdefault.jpg
ワイズ社長のワイズチャンネル,UCr65_J7H0Lu_zJHOCuHswww,125000,I-ZJk_A--Y0,【車の仕入れ値】１２０万円で購入した車を１年半乗って売却する場合は50万円～60万円ですか？に答えます。,2025-11-01,29778,0.2382,8:47,527,0,video,1.0,0,https://www.youtube.com/watch?v=I-ZJk_A--Y0,https://i.ytimg.com/vi/I-ZJk_A--Y0/hqdefault.jpg
チャンネル隊長,UCEgvzVCeW2MnHV-M62CxBDQ,217000,n_DBqpH4yZQ,【女子ライダー】10ヶ月放置したCBR250RRのオイルが衝撃の黒さだった…ｗ,2026-03-29,51639,0.2380,12:40,760,0,video,1.0,0,https://www.youtube.com/watch?v=n_DBqpH4yZQ,https://i.ytimg.com/vi/n_DBqpH4yZQ/hqdefault.jpg
ピットワン,UCW3rbAgw8x0brFr29v50FJg,257000,4kpH88q5J3k,ヴェルファイアが結局一番？トヨタの超人気車をスマートカスタム！,2026-06-12,60801,0.2366,13:17,797,0,video,1.0,0,https://www.youtube.com/watch?v=4kpH88q5J3k,https://i.ytimg.com/vi/4kpH88q5J3k/hqdefault.jpg
ワイズ社長のワイズチャンネル,UCr65_J7H0Lu_zJHOCuHswww,125000,6v0WKG0Q_8Y,【新車金利○.○%は異常】ディーラーがエグ過ぎた,2025-10-10,29469,0.2358,9:54,594,0,video,1.0,0,https://www.youtube.com/watch?v=6v0WKG0Q_8Y,https://i.ytimg.com/vi/6v0WKG0Q_8Y/hqdefault.jpg
ピットワン,UCW3rbAgw8x0brFr29v50FJg,257000,1BQzDw9BC4c,30万キロ乗ったボロボロのEK9シビックを復活させる!?,2026-07-10,60137,0.2340,14:41,881,0,video,1.0,0,https://www.youtube.com/watch?v=1BQzDw9BC4c,https://i.ytimg.com/vi/1BQzDw9BC4c/hqdefault.jpg
チャンネル隊長,UCEgvzVCeW2MnHV-M62CxBDQ,217000,2RPoLZXpi4w,【DIY】ジモティー15万円の格安Keiに「透過率5%」の極悪スモーク貼ったら車内が完全に闇になったw,2026-09-14,50668,0.2335,12:16,736,0,video,1.0,0,https://www.youtube.com/watch?v=2RPoLZXpi4w,https://i.ytimg.com/vi/2RPoLZXpi4w/hqdefault.jpg
ワイズ社長のワイズチャンネル,UCr65_J7H0Lu_zJHOCuHswww,125000,kK98O9Umf9Q,【7/25速報】新型エルグランドすぐ売れ!!,2026-07-25,29182,0.2335,11:27,687,0,video,1.0,0,https://www.youtube.com/watch?v=kK98O9Umf9Q,https://i.ytimg.com/vi/kK98O9Umf9Q/hqdefault.jpg
ワイズ社長のワイズチャンネル,UCr65_J7H0Lu_zJHOCuHswww,125000,q5QFUXu97l0,GLS６３ガチレビューしてたら当てました。自損事故,2026-07-22,29123,0.2330,8:13,493,0,video,1.0,0,https://www.youtube.com/watch?v=q5QFUXu97l0,https://i.ytimg.com/vi/q5QFUXu97l0/hqdefault.jpg
ワイズ社長のワイズチャンネル,UCr65_J7H0Lu_zJHOCuHswww,125000,s1t9kCzrbZw,オークション回しは悪か？,2026-07-21,29098,0.2328,12:02,722,0,video,1.0,0,https://www.youtube.com/watch?v=s1t9kCzrbZw,https://i.ytimg.com/vi/s1t9kCzrbZw/hqdefault.jpg
僕たちの洗車旅。,UCBHG2P_CcPLCQkFQROGxjLA,23000,hsbrZKPZaJg,酸性クリーナー・アルカリクリーナーって危険なの❓#洗車 #ながら洗車 #車 #車好き,2026-07-29,5336,0.2320,,,1,short,2.0,0,https://www.youtube.com/watch?v=hsbrZKPZaJg,https://i.ytimg.com/vi/hsbrZKPZaJg/hqdefault.jpg
センスアールのRYUYA,UCXCy0fYOsvGFDSOHXJX4JUw,27500,GkO-4gmib8E,【悪魔のZ】カラーリング決定！日産フェアレディZS30ついにペイント突入！,2025-12-16,6337,0.2304,12:41,761,0,video,2.0,0,https://www.youtube.com/watch?v=GkO-4gmib8E,https://i.ytimg.com/vi/GkO-4gmib8E/hqdefault.jpg
僕たちの洗車旅。,UCBHG2P_CcPLCQkFQROGxjLA,23000,bRj_9VNP1_Q,車を磨きすぎるとこうなります…#洗車 #洗車用品 #ながら洗車 #車 #車磨き #車好き #板金塗装,2026-02-03,5296,0.2303,,,1,short,2.0,0,https://www.youtube.com/watch?v=bRj_9VNP1_Q,https://i.ytimg.com/vi/bRj_9VNP1_Q/hqdefault.jpg
ピットワン,UCW3rbAgw8x0brFr29v50FJg,257000,Ri42zjkJll0,東京オートサロンで化ける！？ホンダの名車がまさかの形でお披露目！？Will Honda's famous cars be transformed at the Tokyo Auto Salon?,2026-01-09,59089,0.2299,33:32,2012,0,video,1.0,0,https://www.youtube.com/watch?v=Ri42zjkJll0,https://i.ytimg.com/vi/Ri42zjkJll0/hqdefault.jpg
ワイズ社長のワイズチャンネル,UCr65_J7H0Lu_zJHOCuHswww,125000,stLN93p2YC4,車検が半年や１年残っている車を販売し、次回車検時に高額請求する車屋は信用できません。,2026-02-26,28685,0.2295,10:46,646,0,video,1.0,0,https://www.youtube.com/watch?v=stLN93p2YC4,https://i.ytimg.com/vi/stLN93p2YC4/hqdefault.jpg
センスアールのRYUYA,UCXCy0fYOsvGFDSOHXJX4JUw,27500,EcvtUR47SuU,【ムラなしって本当？】レインドロップ新作を黒ボディで検証！本当にムラにならないのか本気で検証します1＃レインドロップ＃洗車＃撥水,2026-06-20,6284,0.2285,,,1,short,2.0,0,https://www.youtube.com/watch?v=EcvtUR47SuU,https://i.ytimg.com/vi/EcvtUR47SuU/hqdefault.jpg
僕たちの洗車旅。,UCBHG2P_CcPLCQkFQROGxjLA,23000,8wJJrPP5htA,NGな洗車スポンジとは❓#洗車 #洗車グッズ #ながら洗車 #車 #車好き,2026-07-20,5218,0.2269,,,1,short,2.0,0,https://www.youtube.com/watch?v=8wJJrPP5htA,https://i.ytimg.com/vi/8wJJrPP5htA/hqdefault.jpg
僕たちの洗車旅。,UCBHG2P_CcPLCQkFQROGxjLA,23000,hKnZ73fBv30,夏洗車のコツ☀️3パネル洗車‼️ #洗車 #洗車グッズ #ながら洗車 #車 #車好き,2026-08-26,5213,0.2267,,,1,short,2.0,0,https://www.youtube.com/watch?v=hKnZ73fBv30,https://i.ytimg.com/vi/hKnZ73fBv30/hqdefault.jpg
ピットワン,UCW3rbAgw8x0brFr29v50FJg,257000,PoBOSbDOepw,GR86を高級車にする方法!?,2026-04-10,58227,0.2266,19:37,1177,0,video,1.0,0,https://www.youtube.com/watch?v=PoBOSbDOepw,https://i.ytimg.com/vi/PoBOSbDOepw/hqdefault.jpg
センスアールのRYUYA,UCXCy0fYOsvGFDSOHXJX4JUw,27500,6D8DYz9u9RM,【コメリ洗車】CRUZARDのブラシ1本でドロドロ汚れのレクサスNXはどこまで綺麗になる？検証してみた,2025-10-18,6193,0.2252,16:47,1007,0,video,2.0,0,https://www.youtube.com/watch?v=6D8DYz9u9RM,https://i.ytimg.com/vi/6D8DYz9u9RM/hqdefault.jpg
チャンネル隊長,UCEgvzVCeW2MnHV-M62CxBDQ,217000,bIDd6fjXd2k,【故障】ザビートルまさかの故障…地獄の200kmレッカーの旅,2025-11-15,48738,0.2246,9:42,582,0,video,1.0,0,https://www.youtube.com/watch?v=bIDd6fjXd2k,https://i.ytimg.com/vi/bIDd6fjXd2k/hqdefault.jpg
ピットワン,UCW3rbAgw8x0brFr29v50FJg,257000,GSJSVNBXsYc,DIY史上最強の撥水剤!?超絶簡単に水を寄せ付けないスプレーがこれ！,2025-12-05,57684,0.2245,17:27,1047,0,video,1.0,0,https://www.youtube.com/watch?v=GSJSVNBXsYc,https://i.ytimg.com/vi/GSJSVNBXsYc/hqdefault.jpg
センスアールのRYUYA,UCXCy0fYOsvGFDSOHXJX4JUw,27500,fuvVW5bqkbQ,【プロが本音で検証】temuで3万円分買ってみたら〇〇個届いた件。忖度なしでガチ採点！,2025-11-18,6172,0.2244,32:13,1933,0,video,2.0,0,https://www.youtube.com/watch?v=fuvVW5bqkbQ,https://i.ytimg.com/vi/fuvVW5bqkbQ/hqdefault.jpg
僕たちの洗車旅。,UCBHG2P_CcPLCQkFQROGxjLA,23000,yMd9L2y-5g4,ながら洗車のクイックディテーラー2種を徹底比較してみた‼️#洗車  #ながら洗車 #車 #シャドウ #ビギナーズラック,2026-09-05,5155,0.2241,,,1,short,2.0,0,https://www.youtube.com/watch?v=yMd9L2y-5g4,https://i.ytimg.com/vi/yMd9L2y-5g4/hqdefault.jpg
ワイズ社長のワイズチャンネル,UCr65_J7H0Lu_zJHOCuHswww,125000,aEk1hwqwWaA,３０万ｋｍ30アルファード、事故りました汗,2025-12-20,28014,0.2241,8:09,489,0,video,1.0,0,https://www.youtube.com/watch?v=aEk1hwqwWaA,https://i.ytimg.com/vi/aEk1hwqwWaA/hqdefault.jpg
僕たちの洗車旅。,UCBHG2P_CcPLCQkFQROGxjLA,23000,yFdxgTOrzwg,新しい小型ポリッシャーでヘッドライトを磨いた結果… #洗車 #洗車グッズ #ポリッシャー #車 #車好き,2026-08-12,5153,0.2240,,,1,short,2.0,0,https://www.youtube.com/watch?v=yFdxgTOrzwg,https://i.ytimg.com/vi/yFdxgTOrzwg/hqdefault.jpg
僕たちの洗車旅。,UCBHG2P_CcPLCQkFQROGxjLA,23000,0E6My_Ei_w0,酸性ケミカルが危険な理由とは？#洗車 #洗車グッズ #酸性 #車 #車好き,2026-07-23,5126,0.2229,,,1,short,2.0,0,https://www.youtube.com/watch?v=0E6My_Ei_w0,https://i.ytimg.com/vi/0E6My_Ei_w0/hqdefault.jpg
ワイズ社長のワイズチャンネル,UCr65_J7H0Lu_zJHOCuHswww,125000,wZwrlH41zQA,お前業者か？相場もわからんくせにマウント取ってくな！,2025-11-14,27827,0.2226,9:23,563,0,video,1.0,0,https://www.youtube.com/watch?v=wZwrlH41zQA,https://i.ytimg.com/vi/wZwrlH41zQA/hqdefault.jpg
ワイズ社長のワイズチャンネル,UCr65_J7H0Lu_zJHOCuHswww,125000,Po_Cep7wBr8,無保険車と事故したので揉めそう,2025-11-02,27803,0.2224,8:09,489,0,video,1.0,0,https://www.youtube.com/watch?v=Po_Cep7wBr8,https://i.ytimg.com/vi/Po_Cep7wBr8/hqdefault.jpg
僕たちの洗車旅。,UCBHG2P_CcPLCQkFQROGxjLA,23000,89_4JsSVyZI,タイヤとホイールでミットを分ける理由‼️#洗車 #洗車グッズ #ながら洗車 #車 #車好き,2026-08-17,5087,0.2212,,,1,short,2.0,0,https://www.youtube.com/watch?v=89_4JsSVyZI,https://i.ytimg.com/vi/89_4JsSVyZI/hqdefault.jpg
僕たちの洗車旅。,UCBHG2P_CcPLCQkFQROGxjLA,23000,fXzEH_OsP_I,車のボディ・タイヤホイール錆防止方法🛞 #洗車 #洗車グッズ #ながら洗車 #車 #車好き,2026-08-13,5080,0.2209,,,1,short,2.0,0,https://www.youtube.com/watch?v=fXzEH_OsP_I,https://i.ytimg.com/vi/fXzEH_OsP_I/hqdefault.jpg
ワイズ社長のワイズチャンネル,UCr65_J7H0Lu_zJHOCuHswww,125000,M-xDY2GYNiE,【10/27最新情報】ジムニーノマド受注再開か？,2025-10-28,27485,0.2199,8:20,500,0,video,1.0,0,https://www.youtube.com/watch?v=M-xDY2GYNiE,https://i.ytimg.com/vi/M-xDY2GYNiE/hqdefault.jpg
ワイズ社長のワイズチャンネル,UCr65_J7H0Lu_zJHOCuHswww,125000,MvBPPKBdECo,新型エルグランドオークション初出品　#新型エルグランド　#オークション初出品,2026-07-22,27461,0.2197,,,1,short,1.0,0,https://www.youtube.com/watch?v=MvBPPKBdECo,https://i.ytimg.com/vi/MvBPPKBdECo/hqdefault.jpg
センスアールのRYUYA,UCXCy0fYOsvGFDSOHXJX4JUw,27500,Z3SaasVCQq4,マツダ RX-7を10時間徹底洗車で甦らせるショート版Part2 #automobile #アウトドア #実験,2026-05-18,6033,0.2194,,,1,short,2.0,0,https://www.youtube.com/watch?v=Z3SaasVCQq4,https://i.ytimg.com/vi/Z3SaasVCQq4/hqdefault.jpg
チャンネル隊長,UCEgvzVCeW2MnHV-M62CxBDQ,217000,PjsiFsbNSQ8,【メルカリ激安中古車】18万円N-BOXの車内を本気で清掃してみた結果,2025-12-28,47106,0.2171,11:11,671,0,video,1.0,0,https://www.youtube.com/watch?v=PjsiFsbNSQ8,https://i.ytimg.com/vi/PjsiFsbNSQ8/hqdefault.jpg
僕たちの洗車旅。,UCBHG2P_CcPLCQkFQROGxjLA,23000,UaRufjDRPY0,そのコーティング、均一ですか？#洗車 #コーティング #ながら洗車 #車 #車好き,2026-06-25,4980,0.2165,,,1,short,2.0,0,https://www.youtube.com/watch?v=UaRufjDRPY0,https://i.ytimg.com/vi/UaRufjDRPY0/hqdefault.jpg
僕たちの洗車旅。,UCBHG2P_CcPLCQkFQROGxjLA,23000,1DRqSqqlTOE,本気で車を磨いたらいくらもらえる❓#洗車 #洗車グッズ #ポリッシャー #車 #車好き,2026-08-08,4968,0.2160,,,1,short,2.0,0,https://www.youtube.com/watch?v=1DRqSqqlTOE,https://i.ytimg.com/vi/1DRqSqqlTOE/hqdefault.jpg
ワイズ社長のワイズチャンネル,UCr65_J7H0Lu_zJHOCuHswww,125000,hyqyxsL_nbw,40アルファード買取でー４０万円喰らうも神客に救われる,2026-03-07,26978,0.2158,9:42,582,0,video,1.0,0,https://www.youtube.com/watch?v=hyqyxsL_nbw,https://i.ytimg.com/vi/hyqyxsL_nbw/hqdefault.jpg
センスアールのRYUYA,UCXCy0fYOsvGFDSOHXJX4JUw,27500,vVLPSEakafU,【実演】ガラコで凍結対策｜洗車屋社長が本当にやってる方法を全部見せます,2026-03-20,5918,0.2152,16:20,980,0,video,2.0,0,https://www.youtube.com/watch?v=vVLPSEakafU,https://i.ytimg.com/vi/vVLPSEakafU/hqdefault.jpg
チャンネル隊長,UCEgvzVCeW2MnHV-M62CxBDQ,217000,qr3dMXg60zo,ジモティ15万円Keiターボのオイル交換＆エンジン内部洗浄,2026-08-25,46338,0.2135,9:18,558,0,video,1.0,0,https://www.youtube.com/watch?v=qr3dMXg60zo,https://i.ytimg.com/vi/qr3dMXg60zo/hqdefault.jpg
僕たちの洗車旅。,UCBHG2P_CcPLCQkFQROGxjLA,23000,KirceZwKmjk,傷付けないミットの使い方‼️#洗車 #洗車グッズ #ながら洗車 #車 #車好き,2026-09-15,4910,0.2135,,,1,short,2.0,0,https://www.youtube.com/watch?v=KirceZwKmjk,https://i.ytimg.com/vi/KirceZwKmjk/hqdefault.jpg
ピットワン,UCW3rbAgw8x0brFr29v50FJg,257000,14YtRcdihIA,洗練されたロードスター！カスタム山盛りで至高の一台に！,2026-03-07,54719,0.2129,15:01,901,0,video,1.0,0,https://www.youtube.com/watch?v=14YtRcdihIA,https://i.ytimg.com/vi/14YtRcdihIA/hqdefault.jpg
センスアールのRYUYA,UCXCy0fYOsvGFDSOHXJX4JUw,27500,fjodklxLTBM,【洗車に8万5千円は高すぎる？】10時間かけるプロの本気の洗車の内容を全て公開します,2026-07-08,5847,0.2126,,,1,short,2.0,0,https://www.youtube.com/watch?v=fjodklxLTBM,https://i.ytimg.com/vi/fjodklxLTBM/hqdefault.jpg
ピットワン,UCW3rbAgw8x0brFr29v50FJg,257000,H0fM6xBbK3c,ここだけで車が出来上がる！？謎が詰まった夢の倉庫とは！？,2026-02-14,54599,0.2124,13:22,802,0,video,1.0,0,https://www.youtube.com/watch?v=H0fM6xBbK3c,https://i.ytimg.com/vi/H0fM6xBbK3c/hqdefault.jpg
ワイズ社長のワイズチャンネル,UCr65_J7H0Lu_zJHOCuHswww,125000,q-Rq9ZDdREA,実は、全然売れてない。。。事に気が付いた涙,2025-10-27,26476,0.2118,10:54,654,0,video,1.0,0,https://www.youtube.com/watch?v=q-Rq9ZDdREA,https://i.ytimg.com/vi/q-Rq9ZDdREA/hqdefault.jpg
チャンネル隊長,UCEgvzVCeW2MnHV-M62CxBDQ,217000,2Er9Ki2xTGI,【2万円台で全部入り】キーボードもマウスも付く最新泥タブ「Blackview LINK5」が価格破壊すぎる件,2026-09-05,45930,0.2117,12:57,777,0,video,1.0,0,https://www.youtube.com/watch?v=2Er9Ki2xTGI,https://i.ytimg.com/vi/2Er9Ki2xTGI/hqdefault.jpg
センスアールのRYUYA,UCXCy0fYOsvGFDSOHXJX4JUw,27500,aftrnXXEvUI,【徹底比較】今一番買うべき簡易コーティングはどれ？人気5商品をプロが本気検証！ 切り抜き2,2026-09-04,5804,0.2111,,,1,short,2.0,0,https://www.youtube.com/watch?v=aftrnXXEvUI,https://i.ytimg.com/vi/aftrnXXEvUI/hqdefault.jpg
ピットワン,UCW3rbAgw8x0brFr29v50FJg,257000,8ze261xaF4c,【90ヴォクシー】トヨタの超人気ファミリーカーを一番活かすカスタムはこれ!? Make Toyota family cars universally cool!,2025-12-12,54056,0.2103,16:37,997,0,video,1.0,0,https://www.youtube.com/watch?v=8ze261xaF4c,https://i.ytimg.com/vi/8ze261xaF4c/hqdefault.jpg
僕たちの洗車旅。,UCBHG2P_CcPLCQkFQROGxjLA,23000,ld5zq1YpYKU,ワックスをポリッシャーで塗る⁉️#洗車 #洗車グッズ #ながら洗車 #車 #ワックス,2026-09-10,4836,0.2103,,,1,short,2.0,0,https://www.youtube.com/watch?v=ld5zq1YpYKU,https://i.ytimg.com/vi/ld5zq1YpYKU/hqdefault.jpg
チャンネル隊長,UCEgvzVCeW2MnHV-M62CxBDQ,217000,ocLb4Xuu5_A,【検証】15万円の激安Keiの内装を全部剥がしたら何キロ軽くなるのか？,2026-09-19,45413,0.2093,11:41,701,0,video,1.0,0,https://www.youtube.com/watch?v=ocLb4Xuu5_A,https://i.ytimg.com/vi/ocLb4Xuu5_A/hqdefault.jpg
ピットワン,UCW3rbAgw8x0brFr29v50FJg,257000,ES2nuH8aU7c,【新作】ヴェルファイアを攻めのカスタム！大一番の東京オートサロンに向けてリフレッシュ！,2026-01-03,53749,0.2091,10:16,616,0,video,1.0,0,https://www.youtube.com/watch?v=ES2nuH8aU7c,https://i.ytimg.com/vi/ES2nuH8aU7c/hqdefault.jpg
WAX-WASH,UClwYG24hyQ2fUcCMyXNxRpg,160000,gzplTlnEtYQ,このやり方でドアノブがピカピカに！？,2025-11-17,33216,0.2076,,,1,short,1.0,0,https://www.youtube.com/watch?v=gzplTlnEtYQ,https://i.ytimg.com/vi/gzplTlnEtYQ/hqdefault.jpg
ワイズ社長のワイズチャンネル,UCr65_J7H0Lu_zJHOCuHswww,125000,z686zXWOi5M,最近のワイズオート事情を話します　＃遠方の車を安心して買う方法　＃業販は安いのか　＃業販の仕方　＃遠方の車の名義変更,2025-10-18,25891,0.2071,10:25,625,0,video,1.0,0,https://www.youtube.com/watch?v=z686zXWOi5M,https://i.ytimg.com/vi/z686zXWOi5M/hqdefault.jpg
ピットワン,UCW3rbAgw8x0brFr29v50FJg,257000,m8VAgfsUR8M,超人気のハリアーがこうなる！？モデリスタに合わせた統一感のあるスマートカスタム！,2025-10-11,53211,0.2070,17:08,1028,0,video,1.0,0,https://www.youtube.com/watch?v=m8VAgfsUR8M,https://i.ytimg.com/vi/m8VAgfsUR8M/hqdefault.jpg
チャンネル隊長,UCEgvzVCeW2MnHV-M62CxBDQ,217000,DFX-wYEVimI,酔っ払って自分のオナラを嗅がせにくる妻,2026-04-17,44846,0.2067,,,1,short,1.0,0,https://www.youtube.com/watch?v=DFX-wYEVimI,https://i.ytimg.com/vi/DFX-wYEVimI/hqdefault.jpg
センスアールのRYUYA,UCXCy0fYOsvGFDSOHXJX4JUw,27500,98WwcCUPoNw,40年前のワンダーシビックが徹底洗車で蘇る！旧車・クラシックカーが生まれ変わる40万円のWAXとは,2026-07-19,5683,0.2067,20:26,1226,0,video,2.0,0,https://www.youtube.com/watch?v=98WwcCUPoNw,https://i.ytimg.com/vi/98WwcCUPoNw/hqdefault.jpg
僕たちの洗車旅。,UCBHG2P_CcPLCQkFQROGxjLA,23000,78pj6QnPSOg,アポなし突撃洗車訪問の現実 #洗車 #車 #車好き #ながら洗車,2026-05-31,4731,0.2057,,,1,short,2.0,0,https://www.youtube.com/watch?v=78pj6QnPSOg,https://i.ytimg.com/vi/78pj6QnPSOg/hqdefault.jpg
僕たちの洗車旅。,UCBHG2P_CcPLCQkFQROGxjLA,23000,1neAH_b7vM8,バーコード水シミの落とし方！#洗車 #洗車用品 #ながら洗車 #車 #車好き #BASE,2026-02-12,4720,0.2052,,,1,short,2.0,0,https://www.youtube.com/watch?v=1neAH_b7vM8,https://i.ytimg.com/vi/1neAH_b7vM8/hqdefault.jpg
センスアールのRYUYA,UCXCy0fYOsvGFDSOHXJX4JUw,27500,wAYijxzJUHI,【感動】奥様から旦那様へ最高の誕生日プレゼント｜マツダ RX-7 FDを徹底洗車＆研磨で蘇らせる,2026-03-16,5624,0.2045,13:28,808,0,video,2.0,0,https://www.youtube.com/watch?v=wAYijxzJUHI,https://i.ytimg.com/vi/wAYijxzJUHI/hqdefault.jpg
ピットワン,UCW3rbAgw8x0brFr29v50FJg,257000,S50ttPZIukw,超有名工具が超激安に手に入るラストチャンス!?#automobile#gr86 #世界一黒い#gtr#軽自動車#カスタム#diy #交通事故 #トヨタ#toyota#日産#RX-7#レクサス#事故車,2026-04-01,52289,0.2035,,,1,short,1.0,0,https://www.youtube.com/watch?v=S50ttPZIukw,https://i.ytimg.com/vi/S50ttPZIukw/hqdefault.jpg
チャンネル隊長,UCEgvzVCeW2MnHV-M62CxBDQ,217000,qfqj-UyjmLs,【2026最新】車中泊にもピッタリ！エアコンいらず？極寒バケモノ卓上冷風機が電気代5Wでヤバすぎるwww【iSinbox】,2026-05-25,44081,0.2031,10:30,630,0,video,1.0,0,https://www.youtube.com/watch?v=qfqj-UyjmLs,https://i.ytimg.com/vi/qfqj-UyjmLs/hqdefault.jpg
僕たちの洗車旅。,UCBHG2P_CcPLCQkFQROGxjLA,23000,2yb_zjop9QQ,カーシャンプーってどうやって汚れを落としてる❓#洗車 #カーシャンプー #ながら洗車 #車 #車好き,2026-06-10,4670,0.2030,,,1,short,2.0,0,https://www.youtube.com/watch?v=2yb_zjop9QQ,https://i.ytimg.com/vi/2yb_zjop9QQ/hqdefault.jpg
ワイズ社長のワイズチャンネル,UCr65_J7H0Lu_zJHOCuHswww,125000,TcICtTgXUqA,ジムニーノマド受注再開するけど買えないでしょう。それは忖度があるから？抽選になるからなのか？,2025-12-26,25321,0.2026,10:09,609,0,video,1.0,0,https://www.youtube.com/watch?v=TcICtTgXUqA,https://i.ytimg.com/vi/TcICtTgXUqA/hqdefault.jpg
僕たちの洗車旅。,UCBHG2P_CcPLCQkFQROGxjLA,23000,kEIyHsfTWFA,車につく傷別の原因と対策！#洗車 #洗車用品 #ながら洗車 #車の傷 #小傷 #車磨き,2025-11-26,4646,0.2020,,,1,short,2.0,0,https://www.youtube.com/watch?v=kEIyHsfTWFA,https://i.ytimg.com/vi/kEIyHsfTWFA/hqdefault.jpg
ピットワン,UCW3rbAgw8x0brFr29v50FJg,257000,AC6MhmF_byQ,KTCから出た最強で安全なブローガンの正体とは？,2026-08-07,51769,0.2014,16:12,972,0,video,1.0,0,https://www.youtube.com/watch?v=AC6MhmF_byQ,https://i.ytimg.com/vi/AC6MhmF_byQ/hqdefault.jpg
ワイズ社長のワイズチャンネル,UCr65_J7H0Lu_zJHOCuHswww,125000,410erE3bFt4,【速報】全国的にオートローン金利が上がります,2026-04-21,25179,0.2014,13:26,806,0,video,1.0,0,https://www.youtube.com/watch?v=410erE3bFt4,https://i.ytimg.com/vi/410erE3bFt4/hqdefault.jpg
ピットワン,UCW3rbAgw8x0brFr29v50FJg,257000,F76WTt7MBfA,車の全盛期っていつ？名車談義で懐かしさが爆発した…,2026-06-20,51627,0.2009,13:07,787,0,video,1.0,0,https://www.youtube.com/watch?v=F76WTt7MBfA,https://i.ytimg.com/vi/F76WTt7MBfA/hqdefault.jpg
僕たちの洗車旅。,UCBHG2P_CcPLCQkFQROGxjLA,23000,9IeX7dtEr9w,【暴露回】GYEON JAPAN社長登場！洗車とコーティングの疑問を全て解決 GYEONコラボ#4,2026-09-26,4595,0.1998,45:12,2712,0,video,2.0,0,https://www.youtube.com/watch?v=9IeX7dtEr9w,https://i.ytimg.com/vi/9IeX7dtEr9w/hqdefault.jpg
僕たちの洗車旅。,UCBHG2P_CcPLCQkFQROGxjLA,23000,XUnO1nXD-xU,タイヤと樹脂には結論これ。#洗車 #ながら洗車 #タイヤ #樹脂 #車 #車好き,2026-06-30,4584,0.1993,,,1,short,2.0,0,https://www.youtube.com/watch?v=XUnO1nXD-xU,https://i.ytimg.com/vi/XUnO1nXD-xU/hqdefault.jpg
ワイズ社長のワイズチャンネル,UCr65_J7H0Lu_zJHOCuHswww,125000,EuMizwSdgus,普通のミニに見えるけど実は違うレアなミニ買ってみた,2025-09-26,24796,0.1984,8:20,500,0,video,1.0,0,https://www.youtube.com/watch?v=EuMizwSdgus,https://i.ytimg.com/vi/EuMizwSdgus/hqdefault.jpg
チャンネル隊長,UCEgvzVCeW2MnHV-M62CxBDQ,217000,ImNs4v_MXkI,【故障】ザビートルのタイヤ終了のお知らせ,2025-11-26,43036,0.1983,11:43,703,0,video,1.0,0,https://www.youtube.com/watch?v=ImNs4v_MXkI,https://i.ytimg.com/vi/ImNs4v_MXkI/hqdefault.jpg
ピットワン,UCW3rbAgw8x0brFr29v50FJg,257000,XmWo7hylaSw,プリウスは乗り潰しても売れる！？車を高価買取してもらうための秘訣とは！？,2025-10-24,50846,0.1978,13:03,783,0,video,1.0,0,https://www.youtube.com/watch?v=XmWo7hylaSw,https://i.ytimg.com/vi/XmWo7hylaSw/hqdefault.jpg
センスアールのRYUYA,UCXCy0fYOsvGFDSOHXJX4JUw,27500,ND-sd100-Xk,【これは売れる】油膜もウロコも即落ち!プロ仕様のキイロビン新作がスゴすぎる！ショート3,2026-06-05,5434,0.1976,,,1,short,2.0,0,https://www.youtube.com/watch?v=ND-sd100-Xk,https://i.ytimg.com/vi/ND-sd100-Xk/hqdefault.jpg
ピットワン,UCW3rbAgw8x0brFr29v50FJg,257000,0pc5nmXa-n0,GR86ボンネット交換でここまで変わる、、！！,2026-08-15,50659,0.1971,11:34,694,0,video,1.0,0,https://www.youtube.com/watch?v=0pc5nmXa-n0,https://i.ytimg.com/vi/0pc5nmXa-n0/hqdefault.jpg
センスアールのRYUYA,UCXCy0fYOsvGFDSOHXJX4JUw,27500,HFD7vv84iTk,ショート動画④＿【速報】コメリの2026年最新展示会に潜入！アップデートされるアイテムや新商品など洗車のプロが厳選レビュー,2026-09-16,5410,0.1967,,,1,short,2.0,0,https://www.youtube.com/watch?v=HFD7vv84iTk,https://i.ytimg.com/vi/HFD7vv84iTk/hqdefault.jpg
僕たちの洗車旅。,UCBHG2P_CcPLCQkFQROGxjLA,23000,GYD-VkMPQTY,レンタカーって洗車していいの？ #洗車 #レンタカー #ながら洗車 #車 #車好き,2026-07-13,4503,0.1958,,,1,short,2.0,0,https://www.youtube.com/watch?v=GYD-VkMPQTY,https://i.ytimg.com/vi/GYD-VkMPQTY/hqdefault.jpg
チャンネル隊長,UCEgvzVCeW2MnHV-M62CxBDQ,217000,mRsNBcbDCd0,妻が初めての試乗で 新たな故障を発見！？,2026-03-26,42328,0.1951,,,1,short,1.0,0,https://www.youtube.com/watch?v=mRsNBcbDCd0,https://i.ytimg.com/vi/mRsNBcbDCd0/hqdefault.jpg
ワイズ社長のワイズチャンネル,UCr65_J7H0Lu_zJHOCuHswww,125000,TCZ2Ye6RAh0,ホーン鳴りっぱなしで困ってる車が県外から来た,2025-11-19,24377,0.1950,10:42,642,0,video,1.0,0,https://www.youtube.com/watch?v=TCZ2Ye6RAh0,https://i.ytimg.com/vi/TCZ2Ye6RAh0/hqdefault.jpg
ピットワン,UCW3rbAgw8x0brFr29v50FJg,257000,GBDY-zQN9j8,【モデリスタ】レクサスGSを最速でカスタムする方法とは？,2026-01-16,49944,0.1943,9:18,558,0,video,1.0,0,https://www.youtube.com/watch?v=GBDY-zQN9j8,https://i.ytimg.com/vi/GBDY-zQN9j8/hqdefault.jpg
センスアールのRYUYA,UCXCy0fYOsvGFDSOHXJX4JUw,27500,8saYEvERmCQ,【悪魔のZ】遂にエンジンが完成！50年前の伝説のS30フェアレディZが蘇りました。,2026-03-05,5324,0.1936,14:41,881,0,video,2.0,0,https://www.youtube.com/watch?v=8saYEvERmCQ,https://i.ytimg.com/vi/8saYEvERmCQ/hqdefault.jpg
チャンネル隊長,UCEgvzVCeW2MnHV-M62CxBDQ,217000,s9y9r8V7ioo,新東名で緊急事態発生。ザビートルまさかの故障レッカー　 #トラブル  #故障  #中古車,2026-01-02,41826,0.1927,,,1,short,1.0,0,https://www.youtube.com/watch?v=s9y9r8V7ioo,https://i.ytimg.com/vi/s9y9r8V7ioo/hqdefault.jpg
チャンネル隊長,UCEgvzVCeW2MnHV-M62CxBDQ,217000,JgKc1QWAnKs,車バイク売ります,2026-05-24,41493,0.1912,11:39,699,0,video,1.0,0,https://www.youtube.com/watch?v=JgKc1QWAnKs,https://i.ytimg.com/vi/JgKc1QWAnKs/hqdefault.jpg
チャンネル隊長,UCEgvzVCeW2MnHV-M62CxBDQ,217000,0mR72nEdmM0,激安15万！ジモティーで買ったスズキKei15万キロの下回りを見たらヤバすぎたww【HN11S】,2026-08-23,41328,0.1905,12:00,720,0,video,1.0,0,https://www.youtube.com/watch?v=0mR72nEdmM0,https://i.ytimg.com/vi/0mR72nEdmM0/hqdefault.jpg
僕たちの洗車旅。,UCBHG2P_CcPLCQkFQROGxjLA,23000,d1Hn7ASe1-k,【コインパーキング】高額請求の防ぎ方と対処法！絶対停めてはいけない駐車場,2026-06-07,4377,0.1903,19:31,1171,0,video,2.0,0,https://www.youtube.com/watch?v=d1Hn7ASe1-k,https://i.ytimg.com/vi/d1Hn7ASe1-k/hqdefault.jpg
センスアールのRYUYA,UCXCy0fYOsvGFDSOHXJX4JUw,27500,mtvcPBJfEvE,40万円のワックス！？旧車が蘇る！,2026-07-24,5196,0.1889,,,1,short,2.0,0,https://www.youtube.com/watch?v=mtvcPBJfEvE,https://i.ytimg.com/vi/mtvcPBJfEvE/hqdefault.jpg
ワイズ社長のワイズチャンネル,UCr65_J7H0Lu_zJHOCuHswww,125000,tyzLS8u5kKg,ホンマにイラっとしました,2026-02-11,23553,0.1884,8:15,495,0,video,1.0,0,https://www.youtube.com/watch?v=tyzLS8u5kKg,https://i.ytimg.com/vi/tyzLS8u5kKg/hqdefault.jpg
ピットワン,UCW3rbAgw8x0brFr29v50FJg,257000,JYgBfiWfttE,GRスープラって…？#automobile #プラド #gtr##旧車#カスタム#スープラ #diy #交通事故 #トヨタ#toyota,2026-01-06,47973,0.1867,,,1,short,1.0,0,https://www.youtube.com/watch?v=JYgBfiWfttE,https://i.ytimg.com/vi/JYgBfiWfttE/hqdefault.jpg
僕たちの洗車旅。,UCBHG2P_CcPLCQkFQROGxjLA,23000,aEvoRFYGk_k,水シミ最大の対策は〇〇でした。#洗車 #ながら洗車 #水シミ #ウォータースポット #車 #車好き,2026-08-04,4292,0.1866,,,1,short,2.0,0,https://www.youtube.com/watch?v=aEvoRFYGk_k,https://i.ytimg.com/vi/aEvoRFYGk_k/hqdefault.jpg
チャンネル隊長,UCEgvzVCeW2MnHV-M62CxBDQ,217000,MSOsL0m97rg,ハイエースが盗難未遂に遭いました…,2025-10-09,40398,0.1862,9:47,587,0,video,1.0,0,https://www.youtube.com/watch?v=MSOsL0m97rg,https://i.ytimg.com/vi/MSOsL0m97rg/hqdefault.jpg
センスアールのRYUYA,UCXCy0fYOsvGFDSOHXJX4JUw,27500,yST8g0VhG9c,【検証】業界初「塗るだけで涼しくなる」コーティングは本当に効果があるのか,2026-02-10,5116,0.1860,18:13,1093,0,video,2.0,0,https://www.youtube.com/watch?v=yST8g0VhG9c,https://i.ytimg.com/vi/yST8g0VhG9c/hqdefault.jpg
チャンネル隊長,UCEgvzVCeW2MnHV-M62CxBDQ,217000,qGUXlVHZDdk,砂利駐車場を車DIY出来るように改造してみた！,2025-10-07,40240,0.1854,9:07,547,0,video,1.0,0,https://www.youtube.com/watch?v=qGUXlVHZDdk,https://i.ytimg.com/vi/qGUXlVHZDdk/hqdefault.jpg
僕たちの洗車旅。,UCBHG2P_CcPLCQkFQROGxjLA,23000,ByF194TUBvU,カーシャンプーの働きを知っておこう‼️その❹摩擦軽減　#洗車 #カーシャンプー #ながら洗車 #車 #車好き,2026-06-18,4264,0.1854,,,1,short,2.0,0,https://www.youtube.com/watch?v=ByF194TUBvU,https://i.ytimg.com/vi/ByF194TUBvU/hqdefault.jpg
僕たちの洗車旅。,UCBHG2P_CcPLCQkFQROGxjLA,23000,CoDKNLgFljg,用途に合わせて希釈倍率を変える洗車‼️ #洗車 #洗車グッズ #ながら洗車 #車 #車好き,2026-08-24,4241,0.1844,,,1,short,2.0,0,https://www.youtube.com/watch?v=CoDKNLgFljg,https://i.ytimg.com/vi/CoDKNLgFljg/hqdefault.jpg
僕たちの洗車旅。,UCBHG2P_CcPLCQkFQROGxjLA,23000,2ehZec1tRLI,膝下の固い汚れから洗おう‼️#洗車 #洗車グッズ #ながら洗車 #車 #車好き,2026-08-19,4225,0.1837,,,1,short,2.0,0,https://www.youtube.com/watch?v=2ehZec1tRLI,https://i.ytimg.com/vi/2ehZec1tRLI/hqdefault.jpg
チャンネル隊長,UCEgvzVCeW2MnHV-M62CxBDQ,217000,qlQ2OXuEGmI,100万円以下で購入できる高級セダン『日産フーガ』が満足度高くて驚いた,2026-02-08,39748,0.1832,11:14,674,0,video,1.0,0,https://www.youtube.com/watch?v=qlQ2OXuEGmI,https://i.ytimg.com/vi/qlQ2OXuEGmI/hqdefault.jpg
ワイズ社長のワイズチャンネル,UCr65_J7H0Lu_zJHOCuHswww,125000,u89i37CIjoI,緊急で客の文句言わして！！,2025-12-22,22820,0.1826,8:05,485,0,video,1.0,0,https://www.youtube.com/watch?v=u89i37CIjoI,https://i.ytimg.com/vi/u89i37CIjoI/hqdefault.jpg
チャンネル隊長,UCEgvzVCeW2MnHV-M62CxBDQ,217000,5SqQj8ASDeU,【規格外】エブリイワゴンに13.3インチの超巨大ナビを付けたら車内が映画館になったw【PORMID PRA 109B】,2026-09-25,39399,0.1816,14:00,840,0,video,1.0,0,https://www.youtube.com/watch?v=5SqQj8ASDeU,https://i.ytimg.com/vi/5SqQj8ASDeU/hqdefault.jpg
僕たちの洗車旅。,UCBHG2P_CcPLCQkFQROGxjLA,23000,iNmHvikv-k8,ポリッシャーでやりがちな失敗😞 #洗車 #洗車グッズ #ながら洗車 #車 #ポリッシャー,2026-09-17,4158,0.1808,,,1,short,2.0,0,https://www.youtube.com/watch?v=iNmHvikv-k8,https://i.ytimg.com/vi/iNmHvikv-k8/hqdefault.jpg
チャンネル隊長,UCEgvzVCeW2MnHV-M62CxBDQ,217000,PzmutRFHcDs,自宅にラジコンサーキット作ってみた！【古民家DIY】,2026-05-04,39060,0.1800,15:33,933,0,video,1.0,0,https://www.youtube.com/watch?v=PzmutRFHcDs,https://i.ytimg.com/vi/PzmutRFHcDs/hqdefault.jpg
僕たちの洗車旅。,UCBHG2P_CcPLCQkFQROGxjLA,23000,5jAkMRN90Ds,ステップやリア内側綺麗にしてる❓ #洗車 #洗車グッズ #ながら洗車 #車 #車好き,2026-08-25,4131,0.1796,,,1,short,2.0,0,https://www.youtube.com/watch?v=5jAkMRN90Ds,https://i.ytimg.com/vi/5jAkMRN90Ds/hqdefault.jpg
ワイズ社長のワイズチャンネル,UCr65_J7H0Lu_zJHOCuHswww,125000,MsS8W4ALTfY,【苦渋の決断】ですが車の値段上げるしかないのでごめんなさい。,2026-03-18,22269,0.1782,9:02,542,0,video,1.0,0,https://www.youtube.com/watch?v=MsS8W4ALTfY,https://i.ytimg.com/vi/MsS8W4ALTfY/hqdefault.jpg
チャンネル隊長,UCEgvzVCeW2MnHV-M62CxBDQ,217000,daVPpgR3-dI,【ラジコン改造】俺フィギュア作ってみた【Hitem3D】,2026-05-19,38589,0.1778,16:27,987,0,video,1.0,0,https://www.youtube.com/watch?v=daVPpgR3-dI,https://i.ytimg.com/vi/daVPpgR3-dI/hqdefault.jpg
僕たちの洗車旅。,UCBHG2P_CcPLCQkFQROGxjLA,23000,fexOwv_3V_Y,【閲覧注意】心霊スポットに行った車を洗車で除霊!?できるかガチ検証してみた,2026-08-15,4070,0.1770,30:45,1845,0,video,2.0,0,https://www.youtube.com/watch?v=fexOwv_3V_Y,https://i.ytimg.com/vi/fexOwv_3V_Y/hqdefault.jpg
ワイズ社長のワイズチャンネル,UCr65_J7H0Lu_zJHOCuHswww,125000,V4Az-LOc-3w,最低グレードアルファードXにHDMI入力端子が無くてもNETFLIXとYouTubeが見れるようにできる！アルファードを快適にしてみよう,2026-08-23,22068,0.1765,11:51,711,0,video,1.0,0,https://www.youtube.com/watch?v=V4Az-LOc-3w,https://i.ytimg.com/vi/V4Az-LOc-3w/hqdefault.jpg
ワイズ社長のワイズチャンネル,UCr65_J7H0Lu_zJHOCuHswww,125000,U3Kuq25ORHA,【車屋の裏側】１円でも高く売れる為に、これだけの事をやってからオークションに出品しています,2026-05-23,21923,0.1754,8:58,538,0,video,1.0,0,https://www.youtube.com/watch?v=U3Kuq25ORHA,https://i.ytimg.com/vi/U3Kuq25ORHA/hqdefault.jpg
ピットワン,UCW3rbAgw8x0brFr29v50FJg,257000,o_bV5kTvHGw,様子のおかしいレクサスSC…#automobile#gr86  #プラド #gtr#軽自動車#Nボックス#カスタム#diy #交通事故 #トヨタ#toyota#日産#RX-7#レクサス#事故車,2026-02-05,44970,0.1750,,,1,short,1.0,0,https://www.youtube.com/watch?v=o_bV5kTvHGw,https://i.ytimg.com/vi/o_bV5kTvHGw/hqdefault.jpg
ピットワン,UCW3rbAgw8x0brFr29v50FJg,257000,HTN_DOfK_wg,車好きに朗報の神ホイール!?SSRの新作を履いたGR86が仕上がりすぎた…,2026-05-16,44803,0.1743,20:02,1202,0,video,1.0,0,https://www.youtube.com/watch?v=HTN_DOfK_wg,https://i.ytimg.com/vi/HTN_DOfK_wg/hqdefault.jpg
WAX-WASH,UClwYG24hyQ2fUcCMyXNxRpg,160000,AhYNR14AnJM,車につく鉄粉汚れ、実は・・・,2026-08-25,27806,0.1738,,,1,short,1.0,0,https://www.youtube.com/watch?v=AhYNR14AnJM,https://i.ytimg.com/vi/AhYNR14AnJM/hqdefault.jpg
チャンネル隊長,UCEgvzVCeW2MnHV-M62CxBDQ,217000,Mh7gAvvvGnI,ボロい純正ハンドルが激変！スズキKei(HN11S)をMOMOステ化してみた結果…,2026-09-01,37638,0.1734,9:54,594,0,video,1.0,0,https://www.youtube.com/watch?v=Mh7gAvvvGnI,https://i.ytimg.com/vi/Mh7gAvvvGnI/hqdefault.jpg
ワイズ社長のワイズチャンネル,UCr65_J7H0Lu_zJHOCuHswww,125000,CWz0x8ueVZI,それ万が一の時に全く意味無いかもしれません,2026-07-10,21636,0.1731,10:34,634,0,video,1.0,0,https://www.youtube.com/watch?v=CWz0x8ueVZI,https://i.ytimg.com/vi/CWz0x8ueVZI/hqdefault.jpg
ピットワン,UCW3rbAgw8x0brFr29v50FJg,257000,ftUOraUvMxo,即完売した超簡単洗車シャンプーとは！？#automobile#gr86 #世界一黒い#gtr#軽自動車#カスタム#diy #交通事故 #トヨタ#toyota#日産#RX-7#レクサス#事故車,2026-04-26,44193,0.1720,,,1,short,1.0,0,https://www.youtube.com/watch?v=ftUOraUvMxo,https://i.ytimg.com/vi/ftUOraUvMxo/hqdefault.jpg
僕たちの洗車旅。,UCBHG2P_CcPLCQkFQROGxjLA,23000,wB_rkr2W5EY,ワックスの耐久性を上げるにはこうしよう‼️#洗車 #洗車グッズ #ながら洗車 #車 #車好き,2026-09-23,3955,0.1720,,,1,short,2.0,0,https://www.youtube.com/watch?v=wB_rkr2W5EY,https://i.ytimg.com/vi/wB_rkr2W5EY/hqdefault.jpg
ピットワン,UCW3rbAgw8x0brFr29v50FJg,257000,n33bGJt0CLg,これで中古車!?1000キロ以下のカスタム済みランクル250を激安販売！盗難対策万全の超人気車の全貌とは？,2025-11-07,44185,0.1719,9:48,588,0,video,1.0,0,https://www.youtube.com/watch?v=n33bGJt0CLg,https://i.ytimg.com/vi/n33bGJt0CLg/hqdefault.jpg
僕たちの洗車旅。,UCBHG2P_CcPLCQkFQROGxjLA,23000,kAlVZNc8bhU,内窓や内装を一瞬で綺麗にする方法 #洗車 #洗車用品 #ながら洗車 #車 #車好き #内窓,2026-01-15,3937,0.1712,,,1,short,2.0,0,https://www.youtube.com/watch?v=kAlVZNc8bhU,https://i.ytimg.com/vi/kAlVZNc8bhU/hqdefault.jpg
センスアールのRYUYA,UCXCy0fYOsvGFDSOHXJX4JUw,27500,MYEizN3ki5s,【重大発表】昨年大爆発したクラファン、再始動します。全3弾・4商品を公開（SENSE-R）艶守（TSUYAMORI）グラフェンコート,2026-05-26,4669,0.1698,,,1,short,2.0,0,https://www.youtube.com/watch?v=MYEizN3ki5s,https://i.ytimg.com/vi/MYEizN3ki5s/hqdefault.jpg
僕たちの洗車旅。,UCBHG2P_CcPLCQkFQROGxjLA,23000,F7WzgkUDfQs,【知らないと逆効果】Googleマップの罠と使いこなす裏技,2026-08-21,3893,0.1693,17:51,1071,0,video,2.0,0,https://www.youtube.com/watch?v=F7WzgkUDfQs,https://i.ytimg.com/vi/F7WzgkUDfQs/hqdefault.jpg
チャンネル隊長,UCEgvzVCeW2MnHV-M62CxBDQ,217000,NR9rTciq_Cw,【素人DIY】注意喚起 ロードスターのスタッドレスをサマータイヤに交換しようとしたらまさかの落とし穴・・・,2026-02-24,36475,0.1681,18:07,1087,0,video,1.0,0,https://www.youtube.com/watch?v=NR9rTciq_Cw,https://i.ytimg.com/vi/NR9rTciq_Cw/hqdefault.jpg
チャンネル隊長,UCEgvzVCeW2MnHV-M62CxBDQ,217000,a4znYP_YXWA,【N-BOX 改造】激安13年落ち軽自動車に最新ディスプレイオーディオぶち込んでみた結果【ATOTO X10】,2026-01-19,36250,0.1671,11:02,662,0,video,1.0,0,https://www.youtube.com/watch?v=a4znYP_YXWA,https://i.ytimg.com/vi/a4znYP_YXWA/hqdefault.jpg
センスアールのRYUYA,UCXCy0fYOsvGFDSOHXJX4JUw,27500,uOs6G7Diwz8,【要注意】室内の汚れは人体に悪影響！？プロが清掃術を教えます,2025-10-11,4568,0.1661,18:46,1126,0,video,2.0,0,https://www.youtube.com/watch?v=uOs6G7Diwz8,https://i.ytimg.com/vi/uOs6G7Diwz8/hqdefault.jpg
センスアールのRYUYA,UCXCy0fYOsvGFDSOHXJX4JUw,27500,5q_4Zyym_ik,【激変】10年落ちの愛車がプロが作った新商品だけで新車級に復活 切り抜き2,2026-08-27,4550,0.1655,,,1,short,2.0,0,https://www.youtube.com/watch?v=5q_4Zyym_ik,https://i.ytimg.com/vi/5q_4Zyym_ik/hqdefault.jpg
ワイズ社長のワイズチャンネル,UCr65_J7H0Lu_zJHOCuHswww,125000,eXlUomS975k,ワイズ社長は何を買い取ったのか？,2025-10-06,20244,0.1620,10:45,645,0,video,1.0,0,https://www.youtube.com/watch?v=eXlUomS975k,https://i.ytimg.com/vi/eXlUomS975k/hqdefault.jpg
僕たちの洗車旅。,UCBHG2P_CcPLCQkFQROGxjLA,23000,ZVDZBcM0w0s,GYEONの鉄粉除去‼️#洗車 #洗車グッズ #ながら洗車 #車 #車好き #鉄粉除去,2026-09-21,3721,0.1618,,,1,short,2.0,0,https://www.youtube.com/watch?v=ZVDZBcM0w0s,https://i.ytimg.com/vi/ZVDZBcM0w0s/hqdefault.jpg
ワイズ社長のワイズチャンネル,UCr65_J7H0Lu_zJHOCuHswww,125000,5ISqnfHdXpM,【告知ですいません】小田オートではない、まさかの人とコラボしました,2026-03-10,20104,0.1608,8:11,491,0,video,1.0,0,https://www.youtube.com/watch?v=5ISqnfHdXpM,https://i.ytimg.com/vi/5ISqnfHdXpM/hqdefault.jpg
ワイズ社長のワイズチャンネル,UCr65_J7H0Lu_zJHOCuHswww,125000,yJrKJ9l00GQ,【無料公開】200本以上あるメンバーシップ動画の一部を公開します,2026-05-04,19935,0.1595,36:57,2217,0,video,1.0,0,https://www.youtube.com/watch?v=yJrKJ9l00GQ,https://i.ytimg.com/vi/yJrKJ9l00GQ/hqdefault.jpg
センスアールのRYUYA,UCXCy0fYOsvGFDSOHXJX4JUw,27500,fI6Ixtp75Ng,【プロが検証】激安ブランドの洗車アイテムは使えるのか！？TEMU商品検証,2025-12-23,4375,0.1591,22:17,1337,0,video,2.0,0,https://www.youtube.com/watch?v=fI6Ixtp75Ng,https://i.ytimg.com/vi/fI6Ixtp75Ng/hqdefault.jpg
チャンネル隊長,UCEgvzVCeW2MnHV-M62CxBDQ,217000,wDcOG-yj5EI,【DIY】愛車のエアコン掃除。13年分の汚れをエバポレーター洗浄で一掃してみた！,2026-01-08,34317,0.1581,8:44,524,0,video,1.0,0,https://www.youtube.com/watch?v=wDcOG-yj5EI,https://i.ytimg.com/vi/wDcOG-yj5EI/hqdefault.jpg
ピットワン,UCW3rbAgw8x0brFr29v50FJg,257000,oCvX60UImZg,レクサスLXはこう進化する！モデリスタがさらにかっこよくなるカスタムとは!?,2026-03-13,40284,0.1567,10:20,620,0,video,1.0,0,https://www.youtube.com/watch?v=oCvX60UImZg,https://i.ytimg.com/vi/oCvX60UImZg/hqdefault.jpg
チャンネル隊長,UCEgvzVCeW2MnHV-M62CxBDQ,217000,VR7KQqJ2ZzQ,ずっと悩んでた事をお話しします。,2026-05-27,33896,0.1562,11:30,690,0,video,1.0,0,https://www.youtube.com/watch?v=VR7KQqJ2ZzQ,https://i.ytimg.com/vi/VR7KQqJ2ZzQ/hqdefault.jpg
ワイズ社長のワイズチャンネル,UCr65_J7H0Lu_zJHOCuHswww,125000,mpDmdzNFAkY,【過去最大１２０件バイク詐偽】そこ見落としていました。これは車の詐欺より件数が多くなりそうです,2026-02-13,19521,0.1562,10:59,659,0,video,1.0,0,https://www.youtube.com/watch?v=mpDmdzNFAkY,https://i.ytimg.com/vi/mpDmdzNFAkY/hqdefault.jpg
センスアールのRYUYA,UCXCy0fYOsvGFDSOHXJX4JUw,27500,3TWZtQQKwr8,【これは売れる】油膜もウロコも即落ち!プロ仕様のキイロビン新作がスゴすぎる！ショート1,2026-06-02,4287,0.1559,,,1,short,2.0,0,https://www.youtube.com/watch?v=3TWZtQQKwr8,https://i.ytimg.com/vi/3TWZtQQKwr8/hqdefault.jpg
チャンネル隊長,UCEgvzVCeW2MnHV-M62CxBDQ,217000,iZbSKLmcWew,【車整備】超カンタンなオイル交換方法,2026-08-08,33735,0.1555,,,1,short,1.0,0,https://www.youtube.com/watch?v=iZbSKLmcWew,https://i.ytimg.com/vi/iZbSKLmcWew/hqdefault.jpg
チャンネル隊長,UCEgvzVCeW2MnHV-M62CxBDQ,217000,lNALHE-Heeo,オートバックスで買える電動キックボードがマジで便利すぎた 【SAGA lite】を徹底レビュー!,2026-01-27,33701,0.1553,12:14,734,0,video,1.0,0,https://www.youtube.com/watch?v=lNALHE-Heeo,https://i.ytimg.com/vi/lNALHE-Heeo/hqdefault.jpg
センスアールのRYUYA,UCXCy0fYOsvGFDSOHXJX4JUw,27500,DFK_bnHngCA,【中古車買ったらこれやれ】くすんだ黒いヴォクシーを甦らせる。プロが教える納車後の徹底洗車｜ショート,2026-09-24,4255,0.1547,,,1,short,2.0,0,https://www.youtube.com/watch?v=DFK_bnHngCA,https://i.ytimg.com/vi/DFK_bnHngCA/hqdefault.jpg
チャンネル隊長,UCEgvzVCeW2MnHV-M62CxBDQ,217000,uRtoiJeMjxg,【ご報告】本日放送された「NHKのど自慢 in 大府市」に出演していた疑惑について。,2026-08-09,33018,0.1522,8:31,511,0,video,1.0,0,https://www.youtube.com/watch?v=uRtoiJeMjxg,https://i.ytimg.com/vi/uRtoiJeMjxg/hqdefault.jpg
僕たちの洗車旅。,UCBHG2P_CcPLCQkFQROGxjLA,23000,Ll1l74m3p-k,KeePerだけでは綺麗にならない⁉︎KeePerでは出来ないこと全てDIYでやってみた‼️#洗車 #keeper #ながら洗車 #車 #車好き,2026-07-06,3451,0.1500,,,1,short,2.0,0,https://www.youtube.com/watch?v=Ll1l74m3p-k,https://i.ytimg.com/vi/Ll1l74m3p-k/hqdefault.jpg
僕たちの洗車旅。,UCBHG2P_CcPLCQkFQROGxjLA,23000,RCjAOVY8YKI,【車の寿命】この運転が車を壊す！9割が知らない致命的な行動13選【前編】,2026-06-12,3445,0.1498,15:13,913,0,video,2.0,0,https://www.youtube.com/watch?v=RCjAOVY8YKI,https://i.ytimg.com/vi/RCjAOVY8YKI/hqdefault.jpg
チャンネル隊長,UCEgvzVCeW2MnHV-M62CxBDQ,217000,vD_IsAlPQQo,【悲報】出先でバッテリー上がって詰んだ・・・,2025-11-04,31814,0.1466,10:27,627,0,video,1.0,0,https://www.youtube.com/watch?v=vD_IsAlPQQo,https://i.ytimg.com/vi/vD_IsAlPQQo/hqdefault.jpg
ピットワン,UCW3rbAgw8x0brFr29v50FJg,257000,D1Q4yVDxeRk,【GR86】工賃破綻！？新開発のドライカーボングリルが良すぎて純正が物足りなくなった？？,2025-10-17,37545,0.1461,14:33,873,0,video,1.0,0,https://www.youtube.com/watch?v=D1Q4yVDxeRk,https://i.ytimg.com/vi/D1Q4yVDxeRk/hqdefault.jpg
チャンネル隊長,UCEgvzVCeW2MnHV-M62CxBDQ,217000,9lrvVek9xaE,3Dプリンターで子どもの玩具を作ってみた！Creality K2 COMBOを最速レビュー,2025-12-25,31678,0.1460,15:48,948,0,video,1.0,0,https://www.youtube.com/watch?v=9lrvVek9xaE,https://i.ytimg.com/vi/9lrvVek9xaE/hqdefault.jpg
僕たちの洗車旅。,UCBHG2P_CcPLCQkFQROGxjLA,23000,zkeHNzR1ONE,部位によって付く汚れが違う⁉️#洗車 #洗車グッズ #ながら洗車 #車 #車好き,2026-08-30,3351,0.1457,,,1,short,2.0,0,https://www.youtube.com/watch?v=zkeHNzR1ONE,https://i.ytimg.com/vi/zkeHNzR1ONE/hqdefault.jpg
チャンネル隊長,UCEgvzVCeW2MnHV-M62CxBDQ,217000,ZXqAuGUUo10,【メルカリ中古車】最安級N-BOXの闇ヘタリきったサスペンションをラバースペーサーでドーピングしてみた。,2026-01-03,31294,0.1442,13:13,793,0,video,1.0,0,https://www.youtube.com/watch?v=ZXqAuGUUo10,https://i.ytimg.com/vi/ZXqAuGUUo10/hqdefault.jpg
ピットワン,UCW3rbAgw8x0brFr29v50FJg,257000,-sl5sutj-mE,お待たせしている件について…！#automobile #プラド #gtr#東京オートサロン#旧車#カスタム#スープラ #diy #交通事故 #トヨタ#toyota#センチュリー,2026-01-20,36992,0.1439,,,1,short,1.0,0,https://www.youtube.com/watch?v=-sl5sutj-mE,https://i.ytimg.com/vi/-sl5sutj-mE/hqdefault.jpg
僕たちの洗車旅。,UCBHG2P_CcPLCQkFQROGxjLA,23000,AHJApqZVNeo,"地元民が本気で止める""車で通ってはいけない道路""10選",2026-07-24,3278,0.1425,18:06,1086,0,video,2.0,0,https://www.youtube.com/watch?v=AHJApqZVNeo,https://i.ytimg.com/vi/AHJApqZVNeo/hqdefault.jpg
ピットワン,UCW3rbAgw8x0brFr29v50FJg,257000,QEv8piqGOCA,【DIY】90ヴォクシーが2度と黄ばまない理由はヘッドライトプロテクションにあった！？,2026-01-23,36176,0.1408,17:06,1026,0,video,1.0,0,https://www.youtube.com/watch?v=QEv8piqGOCA,https://i.ytimg.com/vi/QEv8piqGOCA/hqdefault.jpg
チャンネル隊長,UCEgvzVCeW2MnHV-M62CxBDQ,217000,C6LKJhP3hII,【車DIY】素人がスイフトスポーツにダウンサス入れてみた！,2025-09-26,30409,0.1401,25:10,1510,0,video,1.0,0,https://www.youtube.com/watch?v=C6LKJhP3hII,https://i.ytimg.com/vi/C6LKJhP3hII/hqdefault.jpg
ワイズ社長のワイズチャンネル,UCr65_J7H0Lu_zJHOCuHswww,125000,unNxsBwkK2g,車屋同士で不義理させるな、それ辞めてくれ！！,2026-05-09,17487,0.1399,10:16,616,0,video,1.0,0,https://www.youtube.com/watch?v=unNxsBwkK2g,https://i.ytimg.com/vi/unNxsBwkK2g/hqdefault.jpg
ワイズ社長のワイズチャンネル,UCr65_J7H0Lu_zJHOCuHswww,125000,G6qkl8EAf7Q,爆　益,2025-11-08,17312,0.1385,10:27,627,0,video,1.0,0,https://www.youtube.com/watch?v=G6qkl8EAf7Q,https://i.ytimg.com/vi/G6qkl8EAf7Q/hqdefault.jpg
チャンネル隊長,UCEgvzVCeW2MnHV-M62CxBDQ,217000,pvEaf6jys8k,【カー用品】車に疎いウクライナハーフの妻が1万円でカー用品選んだ結果…!?【イエローハット】,2025-11-12,30044,0.1385,13:02,782,0,video,1.0,0,https://www.youtube.com/watch?v=pvEaf6jys8k,https://i.ytimg.com/vi/pvEaf6jys8k/hqdefault.jpg
チャンネル隊長,UCEgvzVCeW2MnHV-M62CxBDQ,217000,Ox835w-Mb-s,【コスパ最強】カロッツェリアの人気サブウーファー『TS-WX010A』をN BOXに取り付けてみた！,2026-01-18,30031,0.1384,10:01,601,0,video,1.0,0,https://www.youtube.com/watch?v=Ox835w-Mb-s,https://i.ytimg.com/vi/Ox835w-Mb-s/hqdefault.jpg
チャンネル隊長,UCEgvzVCeW2MnHV-M62CxBDQ,217000,0ohKCXIxdc8,【軽自動車カスタム】メルカリN-BOXをウィンカーポジション化＆ヘッドライト黄ばみ取り！,2026-01-11,29864,0.1376,9:03,543,0,video,1.0,0,https://www.youtube.com/watch?v=0ohKCXIxdc8,https://i.ytimg.com/vi/0ohKCXIxdc8/hqdefault.jpg
ワイズ社長のワイズチャンネル,UCr65_J7H0Lu_zJHOCuHswww,125000,TStwUD6UgfE,ライブ配信してたらトラスト企画のみーくんが来た,2025-09-29,17178,0.1374,9:28,568,0,video,1.0,0,https://www.youtube.com/watch?v=TStwUD6UgfE,https://i.ytimg.com/vi/TStwUD6UgfE/hqdefault.jpg
チャンネル隊長,UCEgvzVCeW2MnHV-M62CxBDQ,217000,HpD7iIryCak,【完全保存版】初心者のためのポータブル電源の選び方。車中泊や防災に備える準備と活用方法【AFERIY P280】,2026-02-06,29429,0.1356,19:33,1173,0,video,1.0,0,https://www.youtube.com/watch?v=HpD7iIryCak,https://i.ytimg.com/vi/HpD7iIryCak/hqdefault.jpg
チャンネル隊長,UCEgvzVCeW2MnHV-M62CxBDQ,217000,LQoTNBfvdkA,【クルマ勝手に改造】シガソケに差すだけで高性能Androidナビ！ポータブルディスプレイオーディオがスゴイ【GetPairr Vista】,2025-11-07,29392,0.1354,9:42,582,0,video,1.0,0,https://www.youtube.com/watch?v=LQoTNBfvdkA,https://i.ytimg.com/vi/LQoTNBfvdkA/hqdefault.jpg
僕たちの洗車旅。,UCBHG2P_CcPLCQkFQROGxjLA,23000,oymvaux6bbg,【洗車】研磨剤の使い分け方‼️#洗車 #洗車グッズ #ながら洗車 #車 #車好き,2026-08-27,3075,0.1337,,,1,short,2.0,0,https://www.youtube.com/watch?v=oymvaux6bbg,https://i.ytimg.com/vi/oymvaux6bbg/hqdefault.jpg
僕たちの洗車旅。,UCBHG2P_CcPLCQkFQROGxjLA,23000,aLqXhqIrTco,塩カルはコレで防ぐ‼️#洗車 #洗車グッズ #ながら洗車 #車 #塩カル,2026-09-14,3033,0.1319,,,1,short,2.0,0,https://www.youtube.com/watch?v=aLqXhqIrTco,https://i.ytimg.com/vi/aLqXhqIrTco/hqdefault.jpg
チャンネル隊長,UCEgvzVCeW2MnHV-M62CxBDQ,217000,pMjA1tdyuTU,嫁に内緒でメルカリ激安N-BOXを改造してみた結果【音響強化デッドニング】,2026-01-21,28529,0.1315,12:09,729,0,video,1.0,0,https://www.youtube.com/watch?v=pMjA1tdyuTU,https://i.ytimg.com/vi/pMjA1tdyuTU/hqdefault.jpg
センスアールのRYUYA,UCXCy0fYOsvGFDSOHXJX4JUw,27500,wihp8wks2HQ,【最初にやれ】艶が戻らない原因はコレ。“研磨なし”でも艶が変わる理由を全部話します　 #センスアール　 #徹底洗車　＃ワックス,2026-07-04,3611,0.1313,,,1,short,2.0,0,https://www.youtube.com/watch?v=wihp8wks2HQ,https://i.ytimg.com/vi/wihp8wks2HQ/hqdefault.jpg
ワイズ社長のワイズチャンネル,UCr65_J7H0Lu_zJHOCuHswww,125000,q7cOvJIS-wU,本日は納車に間に合わず、ご迷惑おかけしました。,2025-11-09,16311,0.1305,10:03,603,0,video,1.0,0,https://www.youtube.com/watch?v=q7cOvJIS-wU,https://i.ytimg.com/vi/q7cOvJIS-wU/hqdefault.jpg
ワイズ社長のワイズチャンネル,UCr65_J7H0Lu_zJHOCuHswww,125000,sZuCl8eMGso,【売りたい車を売るのではなく、買いたい車を売ってくれる】車屋を探せ,2025-12-29,16093,0.1287,11:00,660,0,video,1.0,0,https://www.youtube.com/watch?v=sZuCl8eMGso,https://i.ytimg.com/vi/sZuCl8eMGso/hqdefault.jpg
センスアールのRYUYA,UCXCy0fYOsvGFDSOHXJX4JUw,27500,RPPA2Xn8CD8,【激変】10年落ちの愛車がプロが作った新商品だけで新車級に復活 切り抜き3,2026-08-29,3525,0.1282,,,1,short,2.0,0,https://www.youtube.com/watch?v=RPPA2Xn8CD8,https://i.ytimg.com/vi/RPPA2Xn8CD8/hqdefault.jpg
僕たちの洗車旅。,UCBHG2P_CcPLCQkFQROGxjLA,23000,JZ1GiIvTd4E,火山灰が車に及ぼす影響とは？#洗車 #洗車用品 #ながら洗車 #火山灰 #車 #車好き,2025-11-09,2939,0.1278,,,1,short,2.0,0,https://www.youtube.com/watch?v=JZ1GiIvTd4E,https://i.ytimg.com/vi/JZ1GiIvTd4E/hqdefault.jpg
チャンネル隊長,UCEgvzVCeW2MnHV-M62CxBDQ,217000,5pr6wE4MELI,【魔改造】素人が本気で1/10 RC 86を作ったら、実車を超えてしまった…,2026-05-31,27544,0.1269,16:57,1017,0,video,1.0,0,https://www.youtube.com/watch?v=5pr6wE4MELI,https://i.ytimg.com/vi/5pr6wE4MELI/hqdefault.jpg
ピットワン,UCW3rbAgw8x0brFr29v50FJg,257000,_hxXCVR4UHs,DIYがプロを超える時代！？高圧洗浄機を持ち運んで車をどこでも綺麗に！！,2025-09-27,32499,0.1265,11:21,681,0,video,1.0,0,https://www.youtube.com/watch?v=_hxXCVR4UHs,https://i.ytimg.com/vi/_hxXCVR4UHs/hqdefault.jpg
ピットワン,UCW3rbAgw8x0brFr29v50FJg,257000,6Wd5T--t5-M,【DIY】新車で保存！？GRヤリスを自分で守る1番簡単な方法がこちら！,2026-03-10,32223,0.1254,23:25,1405,0,video,1.0,0,https://www.youtube.com/watch?v=6Wd5T--t5-M,https://i.ytimg.com/vi/6Wd5T--t5-M/hqdefault.jpg
僕たちの洗車旅。,UCBHG2P_CcPLCQkFQROGxjLA,23000,pTAk6rucXhY,【大型車乗り必見】洗車機なしで“ほぼ疲れない”DIY洗車＆コーティング術,2026-02-07,2881,0.1253,25:06,1506,0,video,2.0,0,https://www.youtube.com/watch?v=pTAk6rucXhY,https://i.ytimg.com/vi/pTAk6rucXhY/hqdefault.jpg
チャンネル隊長,UCEgvzVCeW2MnHV-M62CxBDQ,217000,S-UJztrKiRA,「カセットボンベで高圧洗浄機が動く!?」話題のガス式発電機で洗車してみたら予想外のパワーだった【JESIMAIK JM1700iK】,2026-09-12,27059,0.1247,12:13,733,0,video,1.0,0,https://www.youtube.com/watch?v=S-UJztrKiRA,https://i.ytimg.com/vi/S-UJztrKiRA/hqdefault.jpg
チャンネル隊長,UCEgvzVCeW2MnHV-M62CxBDQ,217000,VFhZfWUN9Zk,【ご報告】性別を発表します！,2025-12-31,26837,0.1237,14:14,854,0,video,1.0,0,https://www.youtube.com/watch?v=VFhZfWUN9Zk,https://i.ytimg.com/vi/VFhZfWUN9Zk/hqdefault.jpg
チャンネル隊長,UCEgvzVCeW2MnHV-M62CxBDQ,217000,niThLzkU79w,【4年越しの約束】視聴者から頂いたギフトをついに開封…！伝説のラリーカー「ランチア・デルタ」を作る,2026-04-29,26786,0.1234,12:28,748,0,video,1.0,0,https://www.youtube.com/watch?v=niThLzkU79w,https://i.ytimg.com/vi/niThLzkU79w/hqdefault.jpg
僕たちの洗車旅。,UCBHG2P_CcPLCQkFQROGxjLA,23000,er-Ix1xsdrs,【ドライバー必見】日本全国パーキングエリア・サービスエリアおすすめ10選！200箇所のマニア厳選,2026-08-14,2811,0.1222,16:44,1004,0,video,2.0,0,https://www.youtube.com/watch?v=er-Ix1xsdrs,https://i.ytimg.com/vi/er-Ix1xsdrs/hqdefault.jpg
チャンネル隊長,UCEgvzVCeW2MnHV-M62CxBDQ,217000,O7aQH1or0Xg,ロードスターのナビ交換,2026-04-05,26371,0.1215,14:17,857,0,video,1.0,0,https://www.youtube.com/watch?v=O7aQH1or0Xg,https://i.ytimg.com/vi/O7aQH1or0Xg/hqdefault.jpg
僕たちの洗車旅。,UCBHG2P_CcPLCQkFQROGxjLA,23000,eErz6-T-SJk,【車の寿命】この運転が車を壊す！9割が知らない致命的な行動13選【後編】,2026-06-19,2787,0.1212,11:19,679,0,video,2.0,0,https://www.youtube.com/watch?v=eErz6-T-SJk,https://i.ytimg.com/vi/eErz6-T-SJk/hqdefault.jpg
ピットワン,UCW3rbAgw8x0brFr29v50FJg,257000,PXPADXHG-FA,一年放置の汚すぎる車を自分でピカピカに！最強のシャンプーで輝く車に！！,2025-10-07,31081,0.1209,22:00,1320,0,video,1.0,0,https://www.youtube.com/watch?v=PXPADXHG-FA,https://i.ytimg.com/vi/PXPADXHG-FA/hqdefault.jpg
チャンネル隊長,UCEgvzVCeW2MnHV-M62CxBDQ,217000,iIKsmqcj_1s,13年前のナビを最新10インチに変えたら世界が変わった件　 #中古車 #自動車整備 #honda #atoto,2026-01-19,26011,0.1199,,,1,short,1.0,0,https://www.youtube.com/watch?v=iIKsmqcj_1s,https://i.ytimg.com/vi/iIKsmqcj_1s/hqdefault.jpg
僕たちの洗車旅。,UCBHG2P_CcPLCQkFQROGxjLA,23000,xyF6jdGlO0I,仕事に対してわがままになった方がいい理由。#洗車 #僕旅 #ながら洗車 #車 #車好き,2026-05-26,2738,0.1190,,,1,short,2.0,0,https://www.youtube.com/watch?v=xyF6jdGlO0I,https://i.ytimg.com/vi/xyF6jdGlO0I/hqdefault.jpg
チャンネル隊長,UCEgvzVCeW2MnHV-M62CxBDQ,217000,NMMWmPCYd74,【クルマ改造】挿すだけで純正ナビが激変！？話題の最新ガジェットを検証【Otto Aibox E2】,2026-08-27,25674,0.1183,8:23,503,0,video,1.0,0,https://www.youtube.com/watch?v=NMMWmPCYd74,https://i.ytimg.com/vi/NMMWmPCYd74/hqdefault.jpg
チャンネル隊長,UCEgvzVCeW2MnHV-M62CxBDQ,217000,-8DKvlQ6B1o,妻に内緒で改造した 車内カラオケが凄すぎる,2026-03-21,25621,0.1181,,,1,short,1.0,0,https://www.youtube.com/watch?v=-8DKvlQ6B1o,https://i.ytimg.com/vi/-8DKvlQ6B1o/hqdefault.jpg
センスアールのRYUYA,UCXCy0fYOsvGFDSOHXJX4JUw,27500,6s_aEjsRr_c,40万円のワックス！？旧車が蘇る！,2026-07-20,3229,0.1174,,,1,short,2.0,0,https://www.youtube.com/watch?v=6s_aEjsRr_c,https://i.ytimg.com/vi/6s_aEjsRr_c/hqdefault.jpg
ピットワン,UCW3rbAgw8x0brFr29v50FJg,257000,sbRagVkMGd8,アルトワークスから粉が…？#アルトワークス#automobile #プラド #gtr#軽自動車#Nボックス#カスタム#スープラ #diy #交通事故 #トヨタ#toyota#パジェロ,2026-01-26,30082,0.1171,,,1,short,1.0,0,https://www.youtube.com/watch?v=sbRagVkMGd8,https://i.ytimg.com/vi/sbRagVkMGd8/hqdefault.jpg
チャンネル隊長,UCEgvzVCeW2MnHV-M62CxBDQ,217000,puqckW4S-aQ,【メルカリ】不動チョイノリを買ってみたら…中身がドロドロすぎてヤバいw キャブ清掃で復活！【原付】,2026-03-26,25341,0.1168,9:53,593,0,video,1.0,0,https://www.youtube.com/watch?v=puqckW4S-aQ,https://i.ytimg.com/vi/puqckW4S-aQ/hqdefault.jpg
ピットワン,UCW3rbAgw8x0brFr29v50FJg,257000,3ynFql6TBUQ,GR86を唯一無二のスポーツカーにするエアロとは!?,2026-04-18,29928,0.1165,18:10,1090,0,video,1.0,0,https://www.youtube.com/watch?v=3ynFql6TBUQ,https://i.ytimg.com/vi/3ynFql6TBUQ/hqdefault.jpg
チャンネル隊長,UCEgvzVCeW2MnHV-M62CxBDQ,217000,z2x4Ul4TCJY,【地元ドライブ】思い出の店巡り！妻の地元をのんびりドライブしてきた,2025-12-03,25160,0.1159,10:24,624,0,video,1.0,0,https://www.youtube.com/watch?v=z2x4Ul4TCJY,https://i.ytimg.com/vi/z2x4Ul4TCJY/hqdefault.jpg
チャンネル隊長,UCEgvzVCeW2MnHV-M62CxBDQ,217000,uK-nRo2Fldg,もう終わりだよこれ,2026-03-15,25136,0.1158,8:32,512,0,video,1.0,0,https://www.youtube.com/watch?v=uK-nRo2Fldg,https://i.ytimg.com/vi/uK-nRo2Fldg/hqdefault.jpg
ピットワン,UCW3rbAgw8x0brFr29v50FJg,257000,_qmYbVXdwO8,激動の一年に向けてのご挨拶 #automobile #gtr #カスタム #カスタム #自動車整備 #diy# ピットワン,2026-01-01,29671,0.1155,,,1,short,1.0,0,https://www.youtube.com/watch?v=_qmYbVXdwO8,https://i.ytimg.com/vi/_qmYbVXdwO8/hqdefault.jpg
チャンネル隊長,UCEgvzVCeW2MnHV-M62CxBDQ,217000,q7eIDKFAL1s,エッッなフィギュアをお家で気軽につくれちゃう！高性能3Dプリンター『Phrozen Sonic Mighty Revo 16K』がスゴイ,2025-11-28,25046,0.1154,13:39,819,0,video,1.0,0,https://www.youtube.com/watch?v=q7eIDKFAL1s,https://i.ytimg.com/vi/q7eIDKFAL1s/hqdefault.jpg
チャンネル隊長,UCEgvzVCeW2MnHV-M62CxBDQ,217000,pLjV__8SeA4,【東京→愛知】メルカリ激安NBOXで燃費チャレンジ！まさかの燃費に驚愕,2026-02-22,25041,0.1154,17:45,1065,0,video,1.0,0,https://www.youtube.com/watch?v=pLjV__8SeA4,https://i.ytimg.com/vi/pLjV__8SeA4/hqdefault.jpg
ピットワン,UCW3rbAgw8x0brFr29v50FJg,257000,WXtfSThzVpY,ジムニーシエラを超丈夫に!?どこでも走れる武装の正体とは？,2026-05-23,29648,0.1154,11:42,702,0,video,1.0,0,https://www.youtube.com/watch?v=WXtfSThzVpY,https://i.ytimg.com/vi/WXtfSThzVpY/hqdefault.jpg
チャンネル隊長,UCEgvzVCeW2MnHV-M62CxBDQ,217000,fvxdFWzz_to,【車整備】スイスポのバッテリ交換！最新カーバッテリーGSユアサの『ECO.R Revolution』ぶち込んでみた！,2025-09-30,24936,0.1149,11:14,674,0,video,1.0,0,https://www.youtube.com/watch?v=fvxdFWzz_to,https://i.ytimg.com/vi/fvxdFWzz_to/hqdefault.jpg
僕たちの洗車旅。,UCBHG2P_CcPLCQkFQROGxjLA,23000,C_Mar91eric,ポリッシャー始めたい人へ#洗車 #洗車グッズ #ながら洗車 #車 #車好き #ポリッシャー,2026-09-13,2631,0.1144,,,1,short,2.0,0,https://www.youtube.com/watch?v=C_Mar91eric,https://i.ytimg.com/vi/C_Mar91eric/hqdefault.jpg
ピットワン,UCW3rbAgw8x0brFr29v50FJg,257000,e5HgwDZOLNM,車は税金の温床…？#automobile#automobile#gr86  #プラド #gtr#軽自動車#カスタム#diy #交通事故 #トヨタ#toyota#日産#RX-7#レクサス#事故車,2026-02-11,29303,0.1140,,,1,short,1.0,0,https://www.youtube.com/watch?v=e5HgwDZOLNM,https://i.ytimg.com/vi/e5HgwDZOLNM/hqdefault.jpg
僕たちの洗車旅。,UCBHG2P_CcPLCQkFQROGxjLA,23000,A3j887RTF3Y,【危険】スマホは一瞬見ただけでも交通違反？9割が勘違いする交通ルール8選,2026-07-31,2618,0.1138,17:43,1063,0,video,2.0,0,https://www.youtube.com/watch?v=A3j887RTF3Y,https://i.ytimg.com/vi/A3j887RTF3Y/hqdefault.jpg
センスアールのRYUYA,UCXCy0fYOsvGFDSOHXJX4JUw,27500,jF0w4OLH0rw,【速報】コメリの2026年最新展示会に潜入！アップデートされるアイテムや新商品など洗車のプロが厳選レビュー,2026-09-10,3111,0.1131,,,1,short,2.0,0,https://www.youtube.com/watch?v=jF0w4OLH0rw,https://i.ytimg.com/vi/jF0w4OLH0rw/hqdefault.jpg
チャンネル隊長,UCEgvzVCeW2MnHV-M62CxBDQ,217000,-mboE4p6UbA,Ryzen7 Pro 6850U搭載で8万円台! 性能と拡張性が最強なミニPCをレビュー！【GMKtec NucBox M7Ultra】,2026-02-26,24101,0.1111,11:35,695,0,video,1.0,0,https://www.youtube.com/watch?v=-mboE4p6UbA,https://i.ytimg.com/vi/-mboE4p6UbA/hqdefault.jpg
ピットワン,UCW3rbAgw8x0brFr29v50FJg,257000,7vHmY5lUL6o,車系チャンネルの感謝と覚悟 #automobile #gtr #カスタム#ピットワン #自動車整備 #diy,2025-12-31,28349,0.1103,,,1,short,1.0,0,https://www.youtube.com/watch?v=7vHmY5lUL6o,https://i.ytimg.com/vi/7vHmY5lUL6o/hqdefault.jpg
ピットワン,UCW3rbAgw8x0brFr29v50FJg,257000,s2yRNjovLoE,2026東京オートサロンの目玉とは!?#automobile#automobile #プラド #gtr#東京オートサロン#旧車#カスタム#スープラ #diy #交通事故 #トヨタ#toyota,2026-01-07,28216,0.1098,,,1,short,1.0,0,https://www.youtube.com/watch?v=s2yRNjovLoE,https://i.ytimg.com/vi/s2yRNjovLoE/hqdefault.jpg
センスアールのRYUYA,UCXCy0fYOsvGFDSOHXJX4JUw,27500,mlJYH5eviG0,【研磨なしで傷が消える！？】クラファン第一弾始動 #センスアール #automobile #徹底洗車#洗車#洗車道具#中古車,2026-06-09,3007,0.1093,,,1,short,2.0,0,https://www.youtube.com/watch?v=mlJYH5eviG0,https://i.ytimg.com/vi/mlJYH5eviG0/hqdefault.jpg
センスアールのRYUYA,UCXCy0fYOsvGFDSOHXJX4JUw,27500,CdSEpTsLcYM,【徹底比較】今一番買うべき簡易コーティングはどれ？人気5商品をプロが本気検証！ 切り抜き3,2026-09-02,3000,0.1091,,,1,short,2.0,0,https://www.youtube.com/watch?v=CdSEpTsLcYM,https://i.ytimg.com/vi/CdSEpTsLcYM/hqdefault.jpg
センスアールのRYUYA,UCXCy0fYOsvGFDSOHXJX4JUw,27500,gJ5rS3f_eW0,【速報】コメリの2026年最新展示会に潜入！アップデートされるアイテムや新商品など洗車のプロが厳選レビュー,2026-09-12,2993,0.1088,,,1,short,2.0,0,https://www.youtube.com/watch?v=gJ5rS3f_eW0,https://i.ytimg.com/vi/gJ5rS3f_eW0/hqdefault.jpg
チャンネル隊長,UCEgvzVCeW2MnHV-M62CxBDQ,217000,AnbajwOh8i0,出所不明マフラーを10万円で買ってきたミニクーパーに取り付けてみた！,2026-01-04,23615,0.1088,16:47,1007,0,video,1.0,0,https://www.youtube.com/watch?v=AnbajwOh8i0,https://i.ytimg.com/vi/AnbajwOh8i0/hqdefault.jpg
センスアールのRYUYA,UCXCy0fYOsvGFDSOHXJX4JUw,27500,msHjfrf6OzM,【プロが検証】TEMUの300円で買えるヘッドライトクリーニングは本当に使えるのか？,2026-01-09,2990,0.1087,28:05,1685,0,video,2.0,0,https://www.youtube.com/watch?v=msHjfrf6OzM,https://i.ytimg.com/vi/msHjfrf6OzM/hqdefault.jpg
センスアールのRYUYA,UCXCy0fYOsvGFDSOHXJX4JUw,27500,YWWYiLWP7zI,【売ります】ポルシェ718GT4が入庫！NAミッドシップ究極の一台をご紹介！,2026-04-18,2987,0.1086,31:43,1903,0,video,2.0,0,https://www.youtube.com/watch?v=YWWYiLWP7zI,https://i.ytimg.com/vi/YWWYiLWP7zI/hqdefault.jpg
センスアールのRYUYA,UCXCy0fYOsvGFDSOHXJX4JUw,27500,IVZfwiBUVwk,【愛車が増えました】ベンツG350をオークション仕入れ→200万円カスタムします,2026-03-28,2964,0.1078,9:15,555,0,video,2.0,0,https://www.youtube.com/watch?v=IVZfwiBUVwk,https://i.ytimg.com/vi/IVZfwiBUVwk/hqdefault.jpg
ピットワン,UCW3rbAgw8x0brFr29v50FJg,257000,pvBf7Wxx0JI,世界一黒いレクサス!?#automobile#gr86 #プラド #世界一黒い#gtr#軽自動車#カスタム#diy #交通事故 #トヨタ#toyota#日産#RX-7#レクサス#事故車,2026-03-23,27685,0.1077,,,1,short,1.0,0,https://www.youtube.com/watch?v=pvBf7Wxx0JI,https://i.ytimg.com/vi/pvBf7Wxx0JI/hqdefault.jpg
ピットワン,UCW3rbAgw8x0brFr29v50FJg,257000,5CdltCqdGPc,DIY洗車史上最短でツヤを出す方法!?,2026-03-31,27349,0.1064,12:09,729,0,video,1.0,0,https://www.youtube.com/watch?v=5CdltCqdGPc,https://i.ytimg.com/vi/5CdltCqdGPc/hqdefault.jpg
僕たちの洗車旅。,UCBHG2P_CcPLCQkFQROGxjLA,23000,F3DgccfDJd8,カーシャンプーの働きを知っておこう‼️その①#洗車 #カーシャンプー #ながら洗車 #車 #車好き,2026-06-15,2445,0.1063,,,1,short,2.0,0,https://www.youtube.com/watch?v=F3DgccfDJd8,https://i.ytimg.com/vi/F3DgccfDJd8/hqdefault.jpg
チャンネル隊長,UCEgvzVCeW2MnHV-M62CxBDQ,217000,MFn6hoBvxiE,激安中古ビートルに“ベルハンマー”入れてみたら驚きの変化！カーセンサー最安の限界を検証,2025-11-14,22883,0.1055,12:04,724,0,video,1.0,0,https://www.youtube.com/watch?v=MFn6hoBvxiE,https://i.ytimg.com/vi/MFn6hoBvxiE/hqdefault.jpg
チャンネル隊長,UCEgvzVCeW2MnHV-M62CxBDQ,217000,TAM9kw-sUKI,自宅が部品工場に！？卓上CNC「Genmits Cubiko」を素人がレビューしてみた！,2025-10-28,22720,0.1047,8:48,528,0,video,1.0,0,https://www.youtube.com/watch?v=TAM9kw-sUKI,https://i.ytimg.com/vi/TAM9kw-sUKI/hqdefault.jpg
ピットワン,UCW3rbAgw8x0brFr29v50FJg,257000,EKGI3_jsvhE,近未来エルグランド!?#automobile #プラド #gtr#東京オートサロン#旧車#カスタム#スープラ #diy #交通事故 #トヨタ#toyota#センチュリー#エルグランド,2026-01-19,26879,0.1046,,,1,short,1.0,0,https://www.youtube.com/watch?v=EKGI3_jsvhE,https://i.ytimg.com/vi/EKGI3_jsvhE/hqdefault.jpg
チャンネル隊長,UCEgvzVCeW2MnHV-M62CxBDQ,217000,0fVHmV-n_uk,メルカリで激安ワケあり軽自動車を買ってみた結果　 #自動車整備 #中古車 #メルカリ #honda #nbox,2026-01-02,22499,0.1037,,,1,short,1.0,0,https://www.youtube.com/watch?v=0fVHmV-n_uk,https://i.ytimg.com/vi/0fVHmV-n_uk/hqdefault.jpg
チャンネル隊長,UCEgvzVCeW2MnHV-M62CxBDQ,217000,J63AKPYeKkY,【車DIY】黒ボディに黄色のキャリパーが似合いすぎた！筆塗りで足元が激変,2025-12-09,22470,0.1035,10:09,609,0,video,1.0,0,https://www.youtube.com/watch?v=J63AKPYeKkY,https://i.ytimg.com/vi/J63AKPYeKkY/hqdefault.jpg
チャンネル隊長,UCEgvzVCeW2MnHV-M62CxBDQ,217000,UqFsIiH6u7g,視界に超巨大スクリーン！？最新ARグラス「RayNeo GT Max」を本音レビュー,2026-09-20,22460,0.1035,12:46,766,0,video,1.0,0,https://www.youtube.com/watch?v=UqFsIiH6u7g,https://i.ytimg.com/vi/UqFsIiH6u7g/hqdefault.jpg
ピットワン,UCW3rbAgw8x0brFr29v50FJg,257000,etXFHr_Isj4,賛否両論！？GR86カスタムで見たことないエアロが完成！？,2026-06-30,26496,0.1031,18:30,1110,0,video,1.0,0,https://www.youtube.com/watch?v=etXFHr_Isj4,https://i.ytimg.com/vi/etXFHr_Isj4/hqdefault.jpg
僕たちの洗車旅。,UCBHG2P_CcPLCQkFQROGxjLA,23000,uNc5vcEGO7s,洗車のNG行動はコレ！洗車に最適な時間帯とは？ #洗車 #洗車用品 #ながら洗車 #車 #車好き,2025-12-28,2370,0.1030,,,1,short,2.0,0,https://www.youtube.com/watch?v=uNc5vcEGO7s,https://i.ytimg.com/vi/uNc5vcEGO7s/hqdefault.jpg
チャンネル隊長,UCEgvzVCeW2MnHV-M62CxBDQ,217000,unVo5DqU47k,名古屋モビリティーショープロスタッフブースに遊びに来た　　　#カー用品 #ジャパンモビリティショー #プロスタッフ,2025-11-22,22225,0.1024,,,1,short,1.0,0,https://www.youtube.com/watch?v=unVo5DqU47k,https://i.ytimg.com/vi/unVo5DqU47k/hqdefault.jpg
チャンネル隊長,UCEgvzVCeW2MnHV-M62CxBDQ,217000,azQaK03XY64,【DIY】暗い玄関やガレージに最適！超強力センサーライト「オウルアイ」を設置してみた,2026-09-04,22190,0.1023,9:33,573,0,video,1.0,0,https://www.youtube.com/watch?v=azQaK03XY64,https://i.ytimg.com/vi/azQaK03XY64/hqdefault.jpg
チャンネル隊長,UCEgvzVCeW2MnHV-M62CxBDQ,217000,L3pMz2p3bnA,【バイク】これがXJR1300の最終形態。大人の本気カスタムがヤバすぎる,2026-01-12,22063,0.1017,11:41,701,0,video,1.0,0,https://www.youtube.com/watch?v=L3pMz2p3bnA,https://i.ytimg.com/vi/L3pMz2p3bnA/hqdefault.jpg
ピットワン,UCW3rbAgw8x0brFr29v50FJg,257000,gDnXRKWBK7Y,日本中のカスタム職人が大集合！ピットワンモーターフェス前日情報でまさかのアレが！？,2025-11-01,26077,0.1015,19:43,1183,0,video,1.0,0,https://www.youtube.com/watch?v=gDnXRKWBK7Y,https://i.ytimg.com/vi/gDnXRKWBK7Y/hqdefault.jpg
チャンネル隊長,UCEgvzVCeW2MnHV-M62CxBDQ,217000,307yWhraxlQ,【3COINS】カー用品が優秀過ぎた！妻のオススメコスパ最強カー用品8選！,2026-01-23,21915,0.1010,21:00,1260,0,video,1.0,0,https://www.youtube.com/watch?v=307yWhraxlQ,https://i.ytimg.com/vi/307yWhraxlQ/hqdefault.jpg
チャンネル隊長,UCEgvzVCeW2MnHV-M62CxBDQ,217000,lwfwCM3NyFM,【素人DIY】お金をかけずにメルカリ激安N-BOXのホイール＆キャリパー塗装してみた,2026-02-28,21721,0.1001,10:06,606,0,video,1.0,0,https://www.youtube.com/watch?v=lwfwCM3NyFM,https://i.ytimg.com/vi/lwfwCM3NyFM/hqdefault.jpg
チャンネル隊長,UCEgvzVCeW2MnHV-M62CxBDQ,217000,gnlcUqwJYvI,緊急事態が発生しました,2026-05-01,21705,0.1000,9:13,553,0,video,1.0,0,https://www.youtube.com/watch?v=gnlcUqwJYvI,https://i.ytimg.com/vi/gnlcUqwJYvI/hqdefault.jpg
チャンネル隊長,UCEgvzVCeW2MnHV-M62CxBDQ,217000,_imvG6oGsT8,大画面でファン〇見たい,2026-03-14,21641,0.0997,15:05,905,0,video,1.0,0,https://www.youtube.com/watch?v=_imvG6oGsT8,https://i.ytimg.com/vi/_imvG6oGsT8/hqdefault.jpg
センスアールのRYUYA,UCXCy0fYOsvGFDSOHXJX4JUw,27500,16VExR4yaHc,【車屋が緊急解説】災害時に車を守るために今すぐできる対策10選,2026-08-21,2740,0.0996,15:05,905,0,video,2.0,0,https://www.youtube.com/watch?v=16VExR4yaHc,https://i.ytimg.com/vi/16VExR4yaHc/hqdefault.jpg
ピットワン,UCW3rbAgw8x0brFr29v50FJg,257000,HyHiUMn5leo,【DIY】デリカを黄ばみから守る近道!?GRヤリスとGRカローラがさらに映える方法とは？,2026-04-14,25405,0.0989,27:15,1635,0,video,1.0,0,https://www.youtube.com/watch?v=HyHiUMn5leo,https://i.ytimg.com/vi/HyHiUMn5leo/hqdefault.jpg
チャンネル隊長,UCEgvzVCeW2MnHV-M62CxBDQ,217000,EH26xTJFRuw,ウクライナハーフ妻にローソンのお酒と合いそうな食べ物を食べてもらった結果【BROOKLYN Ice Maker】,2025-10-30,21297,0.0981,16:38,998,0,video,1.0,0,https://www.youtube.com/watch?v=EH26xTJFRuw,https://i.ytimg.com/vi/EH26xTJFRuw/hqdefault.jpg
WAX-WASH,UClwYG24hyQ2fUcCMyXNxRpg,160000,WVO5a1RO6bw,意外と見落としがちな窓ガラスの汚れの正体,2026-06-03,15685,0.0980,,,1,short,1.0,0,https://www.youtube.com/watch?v=WVO5a1RO6bw,https://i.ytimg.com/vi/WVO5a1RO6bw/hqdefault.jpg
チャンネル隊長,UCEgvzVCeW2MnHV-M62CxBDQ,217000,G7sXQhU-usI,【悲報】お盆休み中に洗濯機が故障！素人が修理してみた【DIY】,2026-08-12,21272,0.0980,10:03,603,0,video,1.0,0,https://www.youtube.com/watch?v=G7sXQhU-usI,https://i.ytimg.com/vi/G7sXQhU-usI/hqdefault.jpg
ピットワン,UCW3rbAgw8x0brFr29v50FJg,257000,4myTxC57llY,あの大企業とのコラボ？来るだけでお得？オートメッセin愛知の全容解明！,2026-04-21,25037,0.0974,16:21,981,0,video,1.0,0,https://www.youtube.com/watch?v=4myTxC57llY,https://i.ytimg.com/vi/4myTxC57llY/hqdefault.jpg
チャンネル隊長,UCEgvzVCeW2MnHV-M62CxBDQ,217000,JXpH3mLt2ZE,【カー用品】まるで水風呂！？水冷シートクーラー「瞬冷」の効果がスゴすぎた,2026-06-10,20942,0.0965,8:41,521,0,video,1.0,0,https://www.youtube.com/watch?v=JXpH3mLt2ZE,https://i.ytimg.com/vi/JXpH3mLt2ZE/hqdefault.jpg
チャンネル隊長,UCEgvzVCeW2MnHV-M62CxBDQ,217000,c0ggVCGZOWo,ゼータガンダムでスイカバー作ってみた！,2025-09-20,20823,0.0960,11:33,693,0,video,1.0,0,https://www.youtube.com/watch?v=c0ggVCGZOWo,https://i.ytimg.com/vi/c0ggVCGZOWo/hqdefault.jpg
チャンネル隊長,UCEgvzVCeW2MnHV-M62CxBDQ,217000,FcRgfTZ1ziU,車内クリーニングの正解。リンサー×スチームの合わせ技で、汚れたシートが新品同様に！？,2025-10-04,20405,0.0940,16:49,1009,0,video,1.0,0,https://www.youtube.com/watch?v=FcRgfTZ1ziU,https://i.ytimg.com/vi/FcRgfTZ1ziU/hqdefault.jpg
チャンネル隊長,UCEgvzVCeW2MnHV-M62CxBDQ,217000,arkfx2scyhc,【車改造】ロードスターにRAYS TE37ぶち込んでみた,2026-03-03,20141,0.0928,9:09,549,0,video,1.0,0,https://www.youtube.com/watch?v=arkfx2scyhc,https://i.ytimg.com/vi/arkfx2scyhc/hqdefault.jpg
チャンネル隊長,UCEgvzVCeW2MnHV-M62CxBDQ,217000,cVutSbWcoHc,【車整備】エアコンが臭い人必見！たった1本で劇的に空気を綺麗にする方法,2026-07-21,20129,0.0928,11:00,660,0,video,1.0,0,https://www.youtube.com/watch?v=cVutSbWcoHc,https://i.ytimg.com/vi/cVutSbWcoHc/hqdefault.jpg
チャンネル隊長,UCEgvzVCeW2MnHV-M62CxBDQ,217000,2cdK6HHLx10,メルカリで不動車買ってみた！,2026-03-23,19730,0.0909,12:51,771,0,video,1.0,0,https://www.youtube.com/watch?v=2cdK6HHLx10,https://i.ytimg.com/vi/2cdK6HHLx10/hqdefault.jpg
ピットワン,UCW3rbAgw8x0brFr29v50FJg,257000,HtM5hRa38Iw,最近の軽自動車がつまらん!?#automobile #プラド #gtr#軽自動車#Nボックス#カスタム#スープラ #diy #交通事故 #トヨタ#toyota#エルグランド#パジェロ #パジェロミニ,2026-01-22,23289,0.0906,,,1,short,1.0,0,https://www.youtube.com/watch?v=HtM5hRa38Iw,https://i.ytimg.com/vi/HtM5hRa38Iw/hqdefault.jpg
チャンネル隊長,UCEgvzVCeW2MnHV-M62CxBDQ,217000,qRiw_2mzYHU,助っ人の妻を召喚 DIY取り付け作業,2026-07-08,19654,0.0906,,,1,short,1.0,0,https://www.youtube.com/watch?v=qRiw_2mzYHU,https://i.ytimg.com/vi/qRiw_2mzYHU/hqdefault.jpg
ピットワン,UCW3rbAgw8x0brFr29v50FJg,257000,zzRI9OwGBH0,未来の車、、、？？#GR86#automobile #プラド #gtr#軽自動車#Nボックス#カスタム#スープラ #diy #交通事故 #トヨタ#toyota#パジェロ#日産#RX-7,2026-02-03,23067,0.0898,,,1,short,1.0,0,https://www.youtube.com/watch?v=zzRI9OwGBH0,https://i.ytimg.com/vi/zzRI9OwGBH0/hqdefault.jpg
ピットワン,UCW3rbAgw8x0brFr29v50FJg,257000,Xd0xLVbdPkM,青春の終わり…？#automobile #プラド #gtr##旧車#カスタム#スープラ #diy #交通事故 #トヨタ#toyota,2026-01-12,22812,0.0888,,,1,short,1.0,0,https://www.youtube.com/watch?v=Xd0xLVbdPkM,https://i.ytimg.com/vi/Xd0xLVbdPkM/hqdefault.jpg
センスアールのRYUYA,UCXCy0fYOsvGFDSOHXJX4JUw,27500,dGhb4DXsojc,【激変】10年落ちの愛車がプロが作った新商品だけで新車級に復活 切り抜き1,2026-08-23,2434,0.0885,,,1,short,2.0,0,https://www.youtube.com/watch?v=dGhb4DXsojc,https://i.ytimg.com/vi/dGhb4DXsojc/hqdefault.jpg
センスアールのRYUYA,UCXCy0fYOsvGFDSOHXJX4JUw,27500,viv3PWKbXcI,【裏ワザ公開】車は“この方法”で買うだけで総額が一番安くなる,2026-01-29,2412,0.0877,17:19,1039,0,video,2.0,0,https://www.youtube.com/watch?v=viv3PWKbXcI,https://i.ytimg.com/vi/viv3PWKbXcI/hqdefault.jpg
チャンネル隊長,UCEgvzVCeW2MnHV-M62CxBDQ,217000,JNfGJpIKyx0,氷点下の軽車中泊。DJIの新型ポータブル電源があれば冬の夜も驚くほど快適だった。【DJI Power 1000 Mini】,2026-02-27,19014,0.0876,13:15,795,0,video,1.0,0,https://www.youtube.com/watch?v=JNfGJpIKyx0,https://i.ytimg.com/vi/JNfGJpIKyx0/hqdefault.jpg
チャンネル隊長,UCEgvzVCeW2MnHV-M62CxBDQ,217000,iR5hHHLtbAs,【キャンプギア】真夏の車中泊・キャンプを劇的に変える！ポータブル冷蔵庫CL38が最強すぎた【EENOUR】,2026-07-11,18839,0.0868,17:01,1021,0,video,1.0,0,https://www.youtube.com/watch?v=iR5hHHLtbAs,https://i.ytimg.com/vi/iR5hHHLtbAs/hqdefault.jpg
チャンネル隊長,UCEgvzVCeW2MnHV-M62CxBDQ,217000,j0YqnclGpcc,【悲報】自称YouTuber 34歳男性、ドライブレコーダーを購入するも使用を断念,2026-02-15,18765,0.0865,8:42,522,0,video,1.0,0,https://www.youtube.com/watch?v=j0YqnclGpcc,https://i.ytimg.com/vi/j0YqnclGpcc/hqdefault.jpg
チャンネル隊長,UCEgvzVCeW2MnHV-M62CxBDQ,217000,RUtvHYBTUgA,【家電購入】Amzonブラックフライデーで冷蔵庫買ってみた！,2025-12-02,18715,0.0862,12:52,772,0,video,1.0,0,https://www.youtube.com/watch?v=RUtvHYBTUgA,https://i.ytimg.com/vi/RUtvHYBTUgA/hqdefault.jpg
ピットワン,UCW3rbAgw8x0brFr29v50FJg,257000,WpNpWEZlxg4,車が事故する前兆…？#GR86#automobile #プラド #gtr#軽自動車#Nボックス#カスタム#レクサス #ls  #diy #交通事故 #トヨタ#toyota#パジェロ#日産#RX-7,2026-02-02,22108,0.0860,,,1,short,1.0,0,https://www.youtube.com/watch?v=WpNpWEZlxg4,https://i.ytimg.com/vi/WpNpWEZlxg4/hqdefault.jpg
チャンネル隊長,UCEgvzVCeW2MnHV-M62CxBDQ,217000,cLizkcePvfQ,【洗車】スイスポをコスパ最強高圧洗浄機【JESIMAIK BT1400】で洗浄してみた！,2026-05-30,18400,0.0848,14:03,843,0,video,1.0,0,https://www.youtube.com/watch?v=cLizkcePvfQ,https://i.ytimg.com/vi/cLizkcePvfQ/hqdefault.jpg
チャンネル隊長,UCEgvzVCeW2MnHV-M62CxBDQ,217000,LbZzFZmiZQw,【悲報】メルカリで買ったチョイノリを速くしようとしたら大失敗した件・・・【原付】,2026-04-30,18345,0.0845,15:16,916,0,video,1.0,0,https://www.youtube.com/watch?v=LbZzFZmiZQw,https://i.ytimg.com/vi/LbZzFZmiZQw/hqdefault.jpg
センスアールのRYUYA,UCXCy0fYOsvGFDSOHXJX4JUw,27500,Q2adkn1FMd4,【新入庫】日本に1台の名車「アルピーヌA110」を徹底紹介！実際の乗り心地など試乗インプレッション,2025-12-09,2323,0.0845,18:23,1103,0,video,2.0,0,https://www.youtube.com/watch?v=Q2adkn1FMd4,https://i.ytimg.com/vi/Q2adkn1FMd4/hqdefault.jpg
チャンネル隊長,UCEgvzVCeW2MnHV-M62CxBDQ,217000,e4Ri1e3_jlg,【DIY】1万円台でAI搭載！？バイク・車好き必見の最新半自動溶接機がコスパの化け物だった！【JESIMAIK M135D】,2026-03-06,18329,0.0845,10:37,637,0,video,1.0,0,https://www.youtube.com/watch?v=e4Ri1e3_jlg,https://i.ytimg.com/vi/e4Ri1e3_jlg/hqdefault.jpg
ピットワン,UCW3rbAgw8x0brFr29v50FJg,257000,ZsFpXgvX0CM,大人気ハイエースの未来は!?#automobile #プラド #gtr##旧車#カスタム#スープラ #diy #交通事故 #トヨタ#toyota#ハイエース,2026-01-13,21670,0.0843,,,1,short,1.0,0,https://www.youtube.com/watch?v=ZsFpXgvX0CM,https://i.ytimg.com/vi/ZsFpXgvX0CM/hqdefault.jpg
チャンネル隊長,UCEgvzVCeW2MnHV-M62CxBDQ,217000,8YfFuJQ3FDE,日本一遅い原付を買ってみた,2026-04-13,18140,0.0836,11:30,690,0,video,1.0,0,https://www.youtube.com/watch?v=8YfFuJQ3FDE,https://i.ytimg.com/vi/8YfFuJQ3FDE/hqdefault.jpg
ピットワン,UCW3rbAgw8x0brFr29v50FJg,257000,2GJlcEhWbqk,東京オートサロン2026へ！#automobile#automobile #プラド #gtr#東京オートサロン#旧車#カスタム#スープラ #diy #交通事故 #トヨタ#toyota,2026-01-07,21463,0.0835,,,1,short,1.0,0,https://www.youtube.com/watch?v=2GJlcEhWbqk,https://i.ytimg.com/vi/2GJlcEhWbqk/hqdefault.jpg
ピットワン,UCW3rbAgw8x0brFr29v50FJg,257000,vdVciEvEmeo,RX-7が復活!?#アルトワークス#automobile #プラド #gtr#軽自動車#Nボックス#カスタム#スープラ #diy #交通事故 #トヨタ#toyota#パジェロ#日産#RX-7,2026-01-28,21348,0.0831,,,1,short,1.0,0,https://www.youtube.com/watch?v=vdVciEvEmeo,https://i.ytimg.com/vi/vdVciEvEmeo/hqdefault.jpg
センスアールのRYUYA,UCXCy0fYOsvGFDSOHXJX4JUw,27500,NeHLGB1NOto,【最初にやれ】艶が戻らない原因はコレ。“研磨なし”でも艶が変わる理由を全部話しますショート1 ＃洗車　 #センスアール　 #徹底洗車　  #手洗い洗車,2026-07-03,2284,0.0831,,,1,short,2.0,0,https://www.youtube.com/watch?v=NeHLGB1NOto,https://i.ytimg.com/vi/NeHLGB1NOto/hqdefault.jpg
チャンネル隊長,UCEgvzVCeW2MnHV-M62CxBDQ,217000,s6FIKjnOYcs,【QOL爆上がり】コンビニコーヒー卒業！EPEIOS MOCCAを導入した正直な感想,2026-09-18,17995,0.0829,9:28,568,0,video,1.0,0,https://www.youtube.com/watch?v=s6FIKjnOYcs,https://i.ytimg.com/vi/s6FIKjnOYcs/hqdefault.jpg
チャンネル隊長,UCEgvzVCeW2MnHV-M62CxBDQ,217000,Jrh9KiA93cI,免許がない！,2026-01-26,17960,0.0828,16:18,978,0,video,1.0,0,https://www.youtube.com/watch?v=Jrh9KiA93cI,https://i.ytimg.com/vi/Jrh9KiA93cI/hqdefault.jpg
チャンネル隊長,UCEgvzVCeW2MnHV-M62CxBDQ,217000,kNpHwR4Uggs,【DIY初心者必見】12Vバッテリー繋ぐだけでオイル交換！一番ラクなオイル交換のやり方＆電動ポンプ検証,2026-08-08,17904,0.0825,9:16,556,0,video,1.0,0,https://www.youtube.com/watch?v=kNpHwR4Uggs,https://i.ytimg.com/vi/kNpHwR4Uggs/hqdefault.jpg
僕たちの洗車旅。,UCBHG2P_CcPLCQkFQROGxjLA,23000,L_xpgCLNaAY,これぞ！GYEONの磨き🔥#洗車 #洗車グッズ #ながら洗車 #車 #車好き,2026-09-22,1883,0.0819,,,1,short,2.0,0,https://www.youtube.com/watch?v=L_xpgCLNaAY,https://i.ytimg.com/vi/L_xpgCLNaAY/hqdefault.jpg
チャンネル隊長,UCEgvzVCeW2MnHV-M62CxBDQ,217000,7FABdeFy1d8,【車DIY】激安ガラスフィルムを上手に貼る方法,2026-08-18,17713,0.0816,11:53,713,0,video,1.0,0,https://www.youtube.com/watch?v=7FABdeFy1d8,https://i.ytimg.com/vi/7FABdeFy1d8/hqdefault.jpg
ピットワン,UCW3rbAgw8x0brFr29v50FJg,257000,KH9XC3obKL0,ハリウッドスターサン・カンに公式インタビュー!? #automobile #プラド #カスタム#ワイルドスピード #ドリフター#東京オートサロン2026,2026-01-11,20866,0.0812,,,1,short,1.0,0,https://www.youtube.com/watch?v=KH9XC3obKL0,https://i.ytimg.com/vi/KH9XC3obKL0/hqdefault.jpg
ピットワン,UCW3rbAgw8x0brFr29v50FJg,257000,YrWncgSDz2U,人生最後に乗りたいセンチュリー!?#automobile #プラド #gtr#東京オートサロン#旧車#カスタム#スープラ #diy #交通事故 #トヨタ#toyota#センチュリー,2026-01-14,20622,0.0802,,,1,short,1.0,0,https://www.youtube.com/watch?v=YrWncgSDz2U,https://i.ytimg.com/vi/YrWncgSDz2U/hqdefault.jpg
チャンネル隊長,UCEgvzVCeW2MnHV-M62CxBDQ,217000,bXFyFgMwMf8,【クルマ改造】ゲーミング軽自動車に改造！？走るゲーム部屋にしてみた！【JESIMAIK UHD TVlink】,2026-03-04,17381,0.0801,16:33,993,0,video,1.0,0,https://www.youtube.com/watch?v=bXFyFgMwMf8,https://i.ytimg.com/vi/bXFyFgMwMf8/hqdefault.jpg
チャンネル隊長,UCEgvzVCeW2MnHV-M62CxBDQ,217000,-pn_sr3-9tY,嫁に内緒で車をカラオケルームに改造してみた！【ATOTO V10 Car Stereo】,2026-02-25,17315,0.0798,21:46,1306,0,video,1.0,0,https://www.youtube.com/watch?v=-pn_sr3-9tY,https://i.ytimg.com/vi/-pn_sr3-9tY/hqdefault.jpg
センスアールのRYUYA,UCXCy0fYOsvGFDSOHXJX4JUw,27500,4wX5smP4fKE,【甦らせる】廃車寸前22万kmバモスホビオ｜整備士点検で“修理費いくら？”全部出します,2026-05-26,2192,0.0797,16:08,968,0,video,2.0,0,https://www.youtube.com/watch?v=4wX5smP4fKE,https://i.ytimg.com/vi/4wX5smP4fKE/hqdefault.jpg
センスアールのRYUYA,UCXCy0fYOsvGFDSOHXJX4JUw,27500,8jv3Q-uk3Mc,【閲覧注意】車内で嘔吐して地獄‥プロが市販の酵素系洗剤で徹底洗浄してみた,2025-10-01,2191,0.0797,18:49,1129,0,video,2.0,0,https://www.youtube.com/watch?v=8jv3Q-uk3Mc,https://i.ytimg.com/vi/8jv3Q-uk3Mc/hqdefault.jpg
チャンネル隊長,UCEgvzVCeW2MnHV-M62CxBDQ,217000,6gI0e2wfa0E,【車改造】ボロボロのN-BOXのグリルを劇的に綺麗にする方法【軽自動車カスタム】,2026-07-24,17177,0.0792,8:33,513,0,video,1.0,0,https://www.youtube.com/watch?v=6gI0e2wfa0E,https://i.ytimg.com/vi/6gI0e2wfa0E/hqdefault.jpg
チャンネル隊長,UCEgvzVCeW2MnHV-M62CxBDQ,217000,aJTt7Dp2llw,ガチのラジコンプロポでPCゲームをやったら操作不能で詰んだww,2026-06-03,17091,0.0788,10:45,645,0,video,1.0,0,https://www.youtube.com/watch?v=aJTt7Dp2llw,https://i.ytimg.com/vi/aJTt7Dp2llw/hqdefault.jpg
チャンネル隊長,UCEgvzVCeW2MnHV-M62CxBDQ,217000,OQxvyIb2x0g,【衝撃】メルカリで買った中古車から「謎のドラレコ」を発見。データ復元したら中身がヤバすぎた…【Wondershare Recoverit】,2026-03-24,17010,0.0784,10:59,659,0,video,1.0,0,https://www.youtube.com/watch?v=OQxvyIb2x0g,https://i.ytimg.com/vi/OQxvyIb2x0g/hqdefault.jpg
ピットワン,UCW3rbAgw8x0brFr29v50FJg,257000,n7kT2g2KVT8,超便利なコンテナボックスって!? #自動車整備 #カスタム#アネスト岩田#DIY,2025-11-26,20074,0.0781,,,1,short,1.0,0,https://www.youtube.com/watch?v=n7kT2g2KVT8,https://i.ytimg.com/vi/n7kT2g2KVT8/hqdefault.jpg
チャンネル隊長,UCEgvzVCeW2MnHV-M62CxBDQ,217000,FjgYyCGHcoY,日産リーフに乗ってみた結果,2025-10-20,16896,0.0779,14:25,865,0,video,1.0,0,https://www.youtube.com/watch?v=FjgYyCGHcoY,https://i.ytimg.com/vi/FjgYyCGHcoY/hqdefault.jpg
ピットワン,UCW3rbAgw8x0brFr29v50FJg,257000,lgdhDMLG4Rs,大阪オートメッセは来場必須!?#automobile#gr86  #プラド #gtr#軽自動車#diy #交通事故 #トヨタ#toyota#日産#RX-7#レクサス#事故車#大阪オートメッセ,2026-02-12,19977,0.0777,,,1,short,1.0,0,https://www.youtube.com/watch?v=lgdhDMLG4Rs,https://i.ytimg.com/vi/lgdhDMLG4Rs/hqdefault.jpg
ピットワン,UCW3rbAgw8x0brFr29v50FJg,257000,9b3JOfyCBcI,プロテクションフィルムって何が凄い？愛車を守る最後の砦!?,2026-07-17,19968,0.0777,17:08,1028,0,video,1.0,0,https://www.youtube.com/watch?v=9b3JOfyCBcI,https://i.ytimg.com/vi/9b3JOfyCBcI/hqdefault.jpg
チャンネル隊長,UCEgvzVCeW2MnHV-M62CxBDQ,217000,QT6NihetFLQ,ドリラジ買ってみた！,2026-05-07,16807,0.0775,11:48,708,0,video,1.0,0,https://www.youtube.com/watch?v=QT6NihetFLQ,https://i.ytimg.com/vi/QT6NihetFLQ/hqdefault.jpg
チャンネル隊長,UCEgvzVCeW2MnHV-M62CxBDQ,217000,UENvFUWbjTE,私、絶対に濡れないので…コスパ最強バイクレインウェアKEMIMOTO商品レビュー,2026-03-31,16770,0.0773,17:15,1035,0,video,1.0,0,https://www.youtube.com/watch?v=UENvFUWbjTE,https://i.ytimg.com/vi/UENvFUWbjTE/hqdefault.jpg
チャンネル隊長,UCEgvzVCeW2MnHV-M62CxBDQ,217000,DOrbRJ0PwQg,清楚すぎる彼女の 隠された過去がヤバい,2026-04-03,16748,0.0772,,,1,short,1.0,0,https://www.youtube.com/watch?v=DOrbRJ0PwQg,https://i.ytimg.com/vi/DOrbRJ0PwQg/hqdefault.jpg
チャンネル隊長,UCEgvzVCeW2MnHV-M62CxBDQ,217000,T9J9zdb9Nx4,"【ミニPC最強】GEEKOM A6、この""欠点なし""の性能は万人におすすめできるか？",2025-12-01,16544,0.0762,11:46,706,0,video,1.0,0,https://www.youtube.com/watch?v=T9J9zdb9Nx4,https://i.ytimg.com/vi/T9J9zdb9Nx4/hqdefault.jpg
センスアールのRYUYA,UCXCy0fYOsvGFDSOHXJX4JUw,27500,HtKB5jsIKR4,【本音】車のコーティングって本当に意味あるの？10万〜30万払う価値があるのかプロが徹底解説【切り抜き3】,2026-09-26,2059,0.0749,,,1,short,2.0,0,https://www.youtube.com/watch?v=HtKB5jsIKR4,https://i.ytimg.com/vi/HtKB5jsIKR4/hqdefault.jpg
ピットワン,UCW3rbAgw8x0brFr29v50FJg,257000,OVN15uHfDj8,スポーツカーで大暴走！？#GR86#automobile #プラド #gtr#軽自動車#Nボックス#カスタム#スープラ #diy #交通事故 #トヨタ#toyota#パジェロ#日産#RX-7,2026-01-29,19044,0.0741,,,1,short,1.0,0,https://www.youtube.com/watch?v=OVN15uHfDj8,https://i.ytimg.com/vi/OVN15uHfDj8/hqdefault.jpg
チャンネル隊長,UCEgvzVCeW2MnHV-M62CxBDQ,217000,Gr-Osda3nSA,絶望から1年。人生を諦めかけた僕に、最高の奇跡が起きました。#チャンネル隊長 #性別発表 #ジェンダーリビール #感動 #パパになる,2026-01-02,16030,0.0739,,,1,short,1.0,0,https://www.youtube.com/watch?v=Gr-Osda3nSA,https://i.ytimg.com/vi/Gr-Osda3nSA/hqdefault.jpg
ピットワン,UCW3rbAgw8x0brFr29v50FJg,257000,ZzGNZu-IAww,完全オリジナルのアレを作っちゃった！？#カスタム #gtr #自動車整備 #雑誌,2025-11-24,18833,0.0733,,,1,short,1.0,0,https://www.youtube.com/watch?v=ZzGNZu-IAww,https://i.ytimg.com/vi/ZzGNZu-IAww/hqdefault.jpg
チャンネル隊長,UCEgvzVCeW2MnHV-M62CxBDQ,217000,E0Tj4EmVtA4,【電気代0円】ソーラーパネルとポタ電で作る最強のオフグリッド秘密基地が爆誕【PECRON F3000】,2026-03-19,15821,0.0729,16:01,961,0,video,1.0,0,https://www.youtube.com/watch?v=E0Tj4EmVtA4,https://i.ytimg.com/vi/E0Tj4EmVtA4/hqdefault.jpg
ピットワン,UCW3rbAgw8x0brFr29v50FJg,257000,aR7Rx2W3_58,日産が外車を出した!?#アルトワークス#automobile #プラド #gtr#軽自動車#Nボックス#カスタム#スープラ #diy #交通事故 #トヨタ#toyota#パジェロ#日産#パトロール,2026-01-27,18359,0.0714,,,1,short,1.0,0,https://www.youtube.com/watch?v=aR7Rx2W3_58,https://i.ytimg.com/vi/aR7Rx2W3_58/hqdefault.jpg
チャンネル隊長,UCEgvzVCeW2MnHV-M62CxBDQ,217000,zxkVBdq6qWk,【愛車紹介】隠れたマツダの名車！1.5L女子力高めコンパクトカー「ベリーサ」をご紹介！,2025-11-20,15457,0.0712,15:42,942,0,video,1.0,0,https://www.youtube.com/watch?v=zxkVBdq6qWk,https://i.ytimg.com/vi/zxkVBdq6qWk/hqdefault.jpg
チャンネル隊長,UCEgvzVCeW2MnHV-M62CxBDQ,217000,Divxw38pOh0,【爆音】ラジコンから実車のエンジン音が！？「ESS ONE+」の迫力がヤバすぎる！,2026-05-09,15020,0.0692,18:54,1134,0,video,1.0,0,https://www.youtube.com/watch?v=Divxw38pOh0,https://i.ytimg.com/vi/Divxw38pOh0/hqdefault.jpg
ピットワン,UCW3rbAgw8x0brFr29v50FJg,257000,m0sRnCv1h18,黄ばみから超簡単に車を守る！DIYプロテクションフィルムとは！？,2026-05-26,17737,0.0690,14:46,886,0,video,1.0,0,https://www.youtube.com/watch?v=m0sRnCv1h18,https://i.ytimg.com/vi/m0sRnCv1h18/hqdefault.jpg
チャンネル隊長,UCEgvzVCeW2MnHV-M62CxBDQ,217000,E_H7n_RxGRE,【超軽量】片手で持てる電動アシスト自転車？カーボンフレームのERWAY-A06が軽すぎた,2026-03-21,14943,0.0689,13:28,808,0,video,1.0,0,https://www.youtube.com/watch?v=E_H7n_RxGRE,https://i.ytimg.com/vi/E_H7n_RxGRE/hqdefault.jpg
チャンネル隊長,UCEgvzVCeW2MnHV-M62CxBDQ,217000,pxm_wX4AFNo,【故障】メルカリ激安チョイノリ ナンバーを取得したがまさかのトラブル続出…,2026-04-08,14939,0.0688,9:52,592,0,video,1.0,0,https://www.youtube.com/watch?v=pxm_wX4AFNo,https://i.ytimg.com/vi/pxm_wX4AFNo/hqdefault.jpg
センスアールのRYUYA,UCXCy0fYOsvGFDSOHXJX4JUw,27500,ctcjXm46RIA,【秋の必須メンテ】車のエアコンのカビ臭はこれで取る！3000円の神アイテムで検証,2025-10-28,1869,0.0680,9:59,599,0,video,2.0,0,https://www.youtube.com/watch?v=ctcjXm46RIA,https://i.ytimg.com/vi/ctcjXm46RIA/hqdefault.jpg
ピットワン,UCW3rbAgw8x0brFr29v50FJg,257000,w7XD3CiZCC0,つまらない世の中に…#automobile#gr86  #プラド #gtr#軽自動車#Nボックス#カスタム#diy #交通事故 #トヨタ#toyota#日産#RX-7#レクサス#事故車,2026-02-09,17451,0.0679,,,1,short,1.0,0,https://www.youtube.com/watch?v=w7XD3CiZCC0,https://i.ytimg.com/vi/w7XD3CiZCC0/hqdefault.jpg
チャンネル隊長,UCEgvzVCeW2MnHV-M62CxBDQ,217000,nAtLfNQiNYg,【カー用品】どんな車にも取り付けられる！最強ポータブルディスプレイオーディオ【GETPAIRR VISTA 2 0】,2025-11-21,14725,0.0679,11:58,718,0,video,1.0,0,https://www.youtube.com/watch?v=nAtLfNQiNYg,https://i.ytimg.com/vi/nAtLfNQiNYg/hqdefault.jpg
僕たちの洗車旅。,UCBHG2P_CcPLCQkFQROGxjLA,23000,jkKpkZGMX_k,カーシャンプーの働きを知っておこう‼️その❸分散作用　#洗車 #カーシャンプー #ながら洗車 #車 #車好き,2026-06-17,1557,0.0677,,,1,short,2.0,0,https://www.youtube.com/watch?v=jkKpkZGMX_k,https://i.ytimg.com/vi/jkKpkZGMX_k/hqdefault.jpg
チャンネル隊長,UCEgvzVCeW2MnHV-M62CxBDQ,217000,FSpK60eceAk,【検証】スマートプロジェクターはテレビの代わりになるのか？メリット・デメリット全て話します。【TCL PLAYCUBE】,2025-12-14,14658,0.0675,8:55,535,0,video,1.0,0,https://www.youtube.com/watch?v=FSpK60eceAk,https://i.ytimg.com/vi/FSpK60eceAk/hqdefault.jpg
チャンネル隊長,UCEgvzVCeW2MnHV-M62CxBDQ,217000,oNyxqm4K7IY,ついに娘が初登場！我が家のルームツアーしてみた！,2026-07-22,14573,0.0672,12:45,765,0,video,1.0,0,https://www.youtube.com/watch?v=oNyxqm4K7IY,https://i.ytimg.com/vi/oNyxqm4K7IY/hqdefault.jpg
チャンネル隊長,UCEgvzVCeW2MnHV-M62CxBDQ,217000,oBgJZPYhIEY,サーキット仕様のガチドリフトラジコンを買ってみた！,2026-05-16,14335,0.0661,11:04,664,0,video,1.0,0,https://www.youtube.com/watch?v=oBgJZPYhIEY,https://i.ytimg.com/vi/oBgJZPYhIEY/hqdefault.jpg
僕たちの洗車旅。,UCBHG2P_CcPLCQkFQROGxjLA,23000,rmDT1_z3gHo,【衝撃】クラクションでありがとうは違反？9割が知らない交通ルール8選,2026-07-03,1508,0.0656,19:27,1167,0,video,2.0,0,https://www.youtube.com/watch?v=rmDT1_z3gHo,https://i.ytimg.com/vi/rmDT1_z3gHo/hqdefault.jpg
チャンネル隊長,UCEgvzVCeW2MnHV-M62CxBDQ,217000,1_2rBl5diRc,【警告】SDカードを初期化しても諦めるな！消えたはずの思い出が最新ソフトで蘇る瞬間がヤバすぎた【EaseUS】,2026-06-15,14058,0.0648,11:19,679,0,video,1.0,0,https://www.youtube.com/watch?v=1_2rBl5diRc,https://i.ytimg.com/vi/1_2rBl5diRc/hqdefault.jpg
チャンネル隊長,UCEgvzVCeW2MnHV-M62CxBDQ,217000,eDTfVNc1iRY,激安ミニクーパーに電子スロコンぶち込んでみたらとんでもない結果に…,2026-01-03,13964,0.0644,12:57,777,0,video,1.0,0,https://www.youtube.com/watch?v=eDTfVNc1iRY,https://i.ytimg.com/vi/eDTfVNc1iRY/hqdefault.jpg
ピットワン,UCW3rbAgw8x0brFr29v50FJg,257000,ARBsTcPjUYc,過去最大級の車イベント！？ピットワンモーターフェスの謎の中身とは？？,2025-09-26,16367,0.0637,15:05,905,0,video,1.0,0,https://www.youtube.com/watch?v=ARBsTcPjUYc,https://i.ytimg.com/vi/ARBsTcPjUYc/hqdefault.jpg
チャンネル隊長,UCEgvzVCeW2MnHV-M62CxBDQ,217000,ALnGTXu8tUE,【総額70万円】かけて改造した「赤い彗星」ハヤブサの実力とは？ロンスイ・全塗装・ホイール交換,2026-01-14,13794,0.0636,11:10,670,0,video,1.0,0,https://www.youtube.com/watch?v=ALnGTXu8tUE,https://i.ytimg.com/vi/ALnGTXu8tUE/hqdefault.jpg
チャンネル隊長,UCEgvzVCeW2MnHV-M62CxBDQ,217000,PhTx3Sv5KTo,10万円で買ってきたミニクーパーのエンジン不調を修理してみた！,2026-01-03,13585,0.0626,15:25,925,0,video,1.0,0,https://www.youtube.com/watch?v=PhTx3Sv5KTo,https://i.ytimg.com/vi/PhTx3Sv5KTo/hqdefault.jpg
チャンネル隊長,UCEgvzVCeW2MnHV-M62CxBDQ,217000,YEuOnOo5gcM,【カー用品】カーナビをスマホ化する「Mini Ultra」と「UHD Lite」徹底レビュー。【JESIMAIK】,2026-01-24,13550,0.0624,10:21,621,0,video,1.0,0,https://www.youtube.com/watch?v=YEuOnOo5gcM,https://i.ytimg.com/vi/YEuOnOo5gcM/hqdefault.jpg
チャンネル隊長,UCEgvzVCeW2MnHV-M62CxBDQ,217000,Uz3okuw9cmg,進化したハーフ彼女が 強すぎた衝撃の理由,2026-04-02,13506,0.0622,,,1,short,1.0,0,https://www.youtube.com/watch?v=Uz3okuw9cmg,https://i.ytimg.com/vi/Uz3okuw9cmg/hqdefault.jpg
チャンネル隊長,UCEgvzVCeW2MnHV-M62CxBDQ,217000,Rgkzmcl2jdc,AIで自分を3D化してミニ四駆に載せた結果…まさかの展開にww【Hitem3D】,2026-06-26,13432,0.0619,11:03,663,0,video,1.0,0,https://www.youtube.com/watch?v=Rgkzmcl2jdc,https://i.ytimg.com/vi/Rgkzmcl2jdc/hqdefault.jpg
チャンネル隊長,UCEgvzVCeW2MnHV-M62CxBDQ,217000,3EXiMk4LnUk,【無給油の旅】中古ステップワゴンで愛知から牛久大仏へ。果たして完走できるのか？,2026-01-04,13397,0.0617,20:17,1217,0,video,1.0,0,https://www.youtube.com/watch?v=3EXiMk4LnUk,https://i.ytimg.com/vi/3EXiMk4LnUk/hqdefault.jpg
チャンネル隊長,UCEgvzVCeW2MnHV-M62CxBDQ,217000,nELE_HIjJb0,【10万円で購入】激安中古ミニクーパーでサーキット走行してみた,2026-01-05,13395,0.0617,14:49,889,0,video,1.0,0,https://www.youtube.com/watch?v=nELE_HIjJb0,https://i.ytimg.com/vi/nELE_HIjJb0/hqdefault.jpg
チャンネル隊長,UCEgvzVCeW2MnHV-M62CxBDQ,217000,xabuNFNZ6s0,【クルマ改造】0円でN-BOXのリアワイパーを「倒立化」してみた結果,2026-07-29,13373,0.0616,8:13,493,0,video,1.0,0,https://www.youtube.com/watch?v=xabuNFNZ6s0,https://i.ytimg.com/vi/xabuNFNZ6s0/hqdefault.jpg
チャンネル隊長,UCEgvzVCeW2MnHV-M62CxBDQ,217000,ro6tSaSV4pA,【車DIY】ドンキの激安LEDフットランプをヒューズボックスから取って配線を完全に隠す方法！,2026-08-10,13300,0.0613,8:03,483,0,video,1.0,0,https://www.youtube.com/watch?v=ro6tSaSV4pA,https://i.ytimg.com/vi/ro6tSaSV4pA/hqdefault.jpg
チャンネル隊長,UCEgvzVCeW2MnHV-M62CxBDQ,217000,psxGAjcy8Ow,中古のクリーンディーゼル車は危険？原因と解決策について,2026-05-17,13271,0.0612,12:15,735,0,video,1.0,0,https://www.youtube.com/watch?v=psxGAjcy8Ow,https://i.ytimg.com/vi/psxGAjcy8Ow/hqdefault.jpg
センスアールのRYUYA,UCXCy0fYOsvGFDSOHXJX4JUw,27500,4MMAtpFmEXA,【研磨なしで傷が消える！？】クラファン第一弾始動 #センスアール #automobile #徹底洗車#洗車#洗車道具#中古車,2026-06-17,1678,0.0610,,,1,short,2.0,0,https://www.youtube.com/watch?v=4MMAtpFmEXA,https://i.ytimg.com/vi/4MMAtpFmEXA/hqdefault.jpg
チャンネル隊長,UCEgvzVCeW2MnHV-M62CxBDQ,217000,4cI-dc8R7uA,【生後8ヶ月】初めてのお祭りに連れて行ったら娘の反応が可愛すぎたｗ【家族Vlog】,2026-08-15,13159,0.0606,8:29,509,0,video,1.0,0,https://www.youtube.com/watch?v=4cI-dc8R7uA,https://i.ytimg.com/vi/4cI-dc8R7uA/hqdefault.jpg
チャンネル隊長,UCEgvzVCeW2MnHV-M62CxBDQ,217000,Fy3sdR7rVZ8,【神洗車アイテム】3分でピカピカ!? 『エックスマールワン』でクルマとバイクを時短洗車してみた！,2025-09-24,13079,0.0603,11:16,676,0,video,1.0,0,https://www.youtube.com/watch?v=Fy3sdR7rVZ8,https://i.ytimg.com/vi/Fy3sdR7rVZ8/hqdefault.jpg
チャンネル隊長,UCEgvzVCeW2MnHV-M62CxBDQ,217000,D1eNkDrBrvU,憧れのヨコモから荷物！？ 開封の瞬間が鳥肌モノすぎる,2026-05-22,12858,0.0593,,,1,short,1.0,0,https://www.youtube.com/watch?v=D1eNkDrBrvU,https://i.ytimg.com/vi/D1eNkDrBrvU/hqdefault.jpg
チャンネル隊長,UCEgvzVCeW2MnHV-M62CxBDQ,217000,tQ6S6vcJ2Z8,愛車はガチ勢のソレ 美人ライダーの意外な正体,2026-03-24,12853,0.0592,,,1,short,1.0,0,https://www.youtube.com/watch?v=tQ6S6vcJ2Z8,https://i.ytimg.com/vi/tQ6S6vcJ2Z8/hqdefault.jpg
チャンネル隊長,UCEgvzVCeW2MnHV-M62CxBDQ,217000,TPpva7Ocn-M,メルカリで買った謎のドリフトラジコンの切れ角アップしてみた！【ドリラジ】,2026-05-11,12751,0.0588,13:16,796,0,video,1.0,0,https://www.youtube.com/watch?v=TPpva7Ocn-M,https://i.ytimg.com/vi/TPpva7Ocn-M/hqdefault.jpg
チャンネル隊長,UCEgvzVCeW2MnHV-M62CxBDQ,217000,tr70Q8lM6Uc,我が家をホームシアター化！超大画面でサブスクが観れるコスパ最強スマートプロジェクター【iSinbox】,2026-01-25,12689,0.0585,14:29,869,0,video,1.0,0,https://www.youtube.com/watch?v=tr70Q8lM6Uc,https://i.ytimg.com/vi/tr70Q8lM6Uc/hqdefault.jpg
ピットワン,UCW3rbAgw8x0brFr29v50FJg,257000,-rdcDByFGDk,自分でエアロを直すコツ？#automobile#gr86  #プラド #gtr#軽自動車#カスタム#diy #交通事故 #トヨタ#toyota#日産#RX-7#レクサス#事故車,2026-02-18,14854,0.0578,,,1,short,1.0,0,https://www.youtube.com/watch?v=-rdcDByFGDk,https://i.ytimg.com/vi/-rdcDByFGDk/hqdefault.jpg
チャンネル隊長,UCEgvzVCeW2MnHV-M62CxBDQ,217000,zwFB7q2v7Aw,【実機レビュー】実質600円！？アリエクで見つけた美少女プラモのクオリティが凄すぎる,2026-08-26,12507,0.0576,9:50,590,0,video,1.0,0,https://www.youtube.com/watch?v=zwFB7q2v7Aw,https://i.ytimg.com/vi/zwFB7q2v7Aw/hqdefault.jpg
チャンネル隊長,UCEgvzVCeW2MnHV-M62CxBDQ,217000,4FHJsOThkso,自宅に不審者が現れました,2026-04-07,12222,0.0563,11:38,698,0,video,1.0,0,https://www.youtube.com/watch?v=4FHJsOThkso,https://i.ytimg.com/vi/4FHJsOThkso/hqdefault.jpg
チャンネル隊長,UCEgvzVCeW2MnHV-M62CxBDQ,217000,RR0o4aDZz-8,部屋を85万円の『XGIMI TITAN Noir Pro』で究極のシアターに改造してみた【ロマンの塊】,2026-09-24,12153,0.0560,13:23,803,0,video,1.0,0,https://www.youtube.com/watch?v=RR0o4aDZz-8,https://i.ytimg.com/vi/RR0o4aDZz-8/hqdefault.jpg
チャンネル隊長,UCEgvzVCeW2MnHV-M62CxBDQ,217000,tCUldNgWXRc,アンタ、このままじゃ地獄に堕ちるわよ 占い師から衝撃鑑定されました…,2026-05-06,12057,0.0556,10:45,645,0,video,1.0,0,https://www.youtube.com/watch?v=tCUldNgWXRc,https://i.ytimg.com/vi/tCUldNgWXRc/hqdefault.jpg
チャンネル隊長,UCEgvzVCeW2MnHV-M62CxBDQ,217000,uV4zhYumNBI,【カー用品】1秒設営！夏のドライブが劇的に快適になる最新装備が凄すぎる【シンシェード】,2026-06-25,11985,0.0552,8:03,483,0,video,1.0,0,https://www.youtube.com/watch?v=uV4zhYumNBI,https://i.ytimg.com/vi/uV4zhYumNBI/hqdefault.jpg
チャンネル隊長,UCEgvzVCeW2MnHV-M62CxBDQ,217000,Hi8Hf_Uz3pM,まるで紙！TCL Note A1 NXTPAPER レビュー：デジタルとアナログの融合,2026-02-10,11937,0.0550,17:26,1046,0,video,1.0,0,https://www.youtube.com/watch?v=Hi8Hf_Uz3pM,https://i.ytimg.com/vi/Hi8Hf_Uz3pM/hqdefault.jpg
チャンネル隊長,UCEgvzVCeW2MnHV-M62CxBDQ,217000,m-k2rJs5A94,【最強発電機決定版】フューエルインジェクション式ガソリン発電機！EENOUR DK4500iAEFIが凄い！,2026-07-08,11919,0.0549,10:38,638,0,video,1.0,0,https://www.youtube.com/watch?v=m-k2rJs5A94,https://i.ytimg.com/vi/m-k2rJs5A94/hqdefault.jpg
チャンネル隊長,UCEgvzVCeW2MnHV-M62CxBDQ,217000,GblRIW4cfuo,【速報】もうメモを取る時代は終わりました。【Plaud NotePin S】,2026-03-30,11865,0.0547,12:14,734,0,video,1.0,0,https://www.youtube.com/watch?v=GblRIW4cfuo,https://i.ytimg.com/vi/GblRIW4cfuo/hqdefault.jpg
ピットワン,UCW3rbAgw8x0brFr29v50FJg,257000,p16ziZNcLXM,【DIY】新型ノアにフィルムを貼るだけで維持費が下がる!?,2026-09-26,13792,0.0537,21:42,1302,0,video,1.0,0,https://www.youtube.com/watch?v=p16ziZNcLXM,https://i.ytimg.com/vi/p16ziZNcLXM/hqdefault.jpg
ピットワン,UCW3rbAgw8x0brFr29v50FJg,257000,pS5wxRUonJ4,パジェロといえば…？#automobile #プラド #gtr#東京オートサロン#旧車#カスタム#スープラ #diy #交通事故 #トヨタ#toyota#エルグランド#パジェロ #パジェロミニ,2026-01-21,13775,0.0536,,,1,short,1.0,0,https://www.youtube.com/watch?v=pS5wxRUonJ4,https://i.ytimg.com/vi/pS5wxRUonJ4/hqdefault.jpg
チャンネル隊長,UCEgvzVCeW2MnHV-M62CxBDQ,217000,GuwtjGRksLQ,ハンドルが外れない？ DIY交換のコツと注意,2026-09-05,11601,0.0535,,,1,short,1.0,0,https://www.youtube.com/watch?v=GuwtjGRksLQ,https://i.ytimg.com/vi/GuwtjGRksLQ/hqdefault.jpg
チャンネル隊長,UCEgvzVCeW2MnHV-M62CxBDQ,217000,FF2PvhG2zco,中古車の「消えない臭い」に終止符。全シート取り外してスチーム洗浄したら新車の輝きが復活しました,2026-04-01,11574,0.0533,13:33,813,0,video,1.0,0,https://www.youtube.com/watch?v=FF2PvhG2zco,https://i.ytimg.com/vi/FF2PvhG2zco/hqdefault.jpg
チャンネル隊長,UCEgvzVCeW2MnHV-M62CxBDQ,217000,QUvj9IZEdPM,デカすぎんだろ…32インチの「ドデカタブレット」を導入したら生活が変わった。,2026-06-07,11459,0.0528,9:42,582,0,video,1.0,0,https://www.youtube.com/watch?v=QUvj9IZEdPM,https://i.ytimg.com/vi/QUvj9IZEdPM/hqdefault.jpg
チャンネル隊長,UCEgvzVCeW2MnHV-M62CxBDQ,217000,9cDlcJfZfM4,猫好き必見！AI搭載の「最強猫専用空気清浄機」が凄すぎる…！抜け毛・ニオイ対策から猫の遊び相手までこれ1台？【DREAME AP10】,2026-03-02,11341,0.0523,16:47,1007,0,video,1.0,0,https://www.youtube.com/watch?v=9cDlcJfZfM4,https://i.ytimg.com/vi/9cDlcJfZfM4/hqdefault.jpg
チャンネル隊長,UCEgvzVCeW2MnHV-M62CxBDQ,217000,pCFA0z2ogzw,デカすぎんだろｗ 25インチの巨大タブレットが狂気すぎるｗｗ　#ガジェット #タブレット #スマホ,2026-02-22,11256,0.0519,,,1,short,1.0,0,https://www.youtube.com/watch?v=pCFA0z2ogzw,https://i.ytimg.com/vi/pCFA0z2ogzw/hqdefault.jpg
センスアールのRYUYA,UCXCy0fYOsvGFDSOHXJX4JUw,27500,NcYWRJGXHMU,【速報】コメリの2026年最新展示会に潜入！アップデートされるアイテムや新商品など洗車のプロが厳選レビュー,2026-09-14,1415,0.0515,,,1,short,2.0,0,https://www.youtube.com/watch?v=NcYWRJGXHMU,https://i.ytimg.com/vi/NcYWRJGXHMU/hqdefault.jpg
チャンネル隊長,UCEgvzVCeW2MnHV-M62CxBDQ,217000,FfGGJHek4z4,ヤフオクで買った50cc中華バギーを魔改造する,2026-01-06,11153,0.0514,24:17,1457,0,video,1.0,0,https://www.youtube.com/watch?v=FfGGJHek4z4,https://i.ytimg.com/vi/FfGGJHek4z4/hqdefault.jpg
ピットワン,UCW3rbAgw8x0brFr29v50FJg,257000,A6P2N5eXEm4,ボロボロの32GT-Rの行方とは？#automobile#gr86  #プラド #gtr#軽自動車#カスタム#diy #交通事故 #トヨタ#toyota#日産#RX-7#レクサス#事故車,2026-03-03,13054,0.0508,,,1,short,1.0,0,https://www.youtube.com/watch?v=A6P2N5eXEm4,https://i.ytimg.com/vi/A6P2N5eXEm4/hqdefault.jpg
チャンネル隊長,UCEgvzVCeW2MnHV-M62CxBDQ,217000,u1D6q4wqjRM,【爆釣】初心者が初めて船釣りしてみた結果がスゴかった、、、,2025-09-21,10956,0.0505,10:38,638,0,video,1.0,0,https://www.youtube.com/watch?v=u1D6q4wqjRM,https://i.ytimg.com/vi/u1D6q4wqjRM/hqdefault.jpg
チャンネル隊長,UCEgvzVCeW2MnHV-M62CxBDQ,217000,sa5GLC69eeA,【DIY】初心者でも超簡単！電動ポンプを使ったオイル交換が楽すぎた,2025-12-05,10936,0.0504,8:11,491,0,video,1.0,0,https://www.youtube.com/watch?v=sa5GLC69eeA,https://i.ytimg.com/vi/sa5GLC69eeA/hqdefault.jpg
チャンネル隊長,UCEgvzVCeW2MnHV-M62CxBDQ,217000,mcRQyoLJ4Ik,"【魔改造】3,000円のマリカーラジコンを3Dプリンターで本気改造したら爆速すぎたｗｗ",2026-06-08,10904,0.0502,9:21,561,0,video,1.0,0,https://www.youtube.com/watch?v=mcRQyoLJ4Ik,https://i.ytimg.com/vi/mcRQyoLJ4Ik/hqdefault.jpg
チャンネル隊長,UCEgvzVCeW2MnHV-M62CxBDQ,217000,iPi-mr7RN1E,【魔改造】先輩の軽自動車をスーパーカーに改造してみた！,2026-01-03,10877,0.0501,8:18,498,0,video,1.0,0,https://www.youtube.com/watch?v=iPi-mr7RN1E,https://i.ytimg.com/vi/iPi-mr7RN1E/hqdefault.jpg
チャンネル隊長,UCEgvzVCeW2MnHV-M62CxBDQ,217000,O0CqY9x0pSc,妻、人生初めての オープンカーで大興奮,2026-04-06,10817,0.0498,,,1,short,1.0,0,https://www.youtube.com/watch?v=O0CqY9x0pSc,https://i.ytimg.com/vi/O0CqY9x0pSc/hqdefault.jpg
チャンネル隊長,UCEgvzVCeW2MnHV-M62CxBDQ,217000,p8tSBfQrHJI,【超高音質】スピーカーはこれで間違いなし。圧倒的高音質！Airpulse A60を実機レビューしてみた結果,2026-08-17,10604,0.0489,10:46,646,0,video,1.0,0,https://www.youtube.com/watch?v=p8tSBfQrHJI,https://i.ytimg.com/vi/p8tSBfQrHJI/hqdefault.jpg
チャンネル隊長,UCEgvzVCeW2MnHV-M62CxBDQ,217000,4zB2gKJMydU,激安キーレスDIY 鍵穴生活から卒業？,2026-09-15,10563,0.0487,,,1,short,1.0,0,https://www.youtube.com/watch?v=4zB2gKJMydU,https://i.ytimg.com/vi/4zB2gKJMydU/hqdefault.jpg
チャンネル隊長,UCEgvzVCeW2MnHV-M62CxBDQ,217000,NYnke557HPk,HDMIケーブルを捨てました。,2026-03-17,10562,0.0487,8:14,494,0,video,1.0,0,https://www.youtube.com/watch?v=NYnke557HPk,https://i.ytimg.com/vi/NYnke557HPk/hqdefault.jpg
チャンネル隊長,UCEgvzVCeW2MnHV-M62CxBDQ,217000,bcmsB2IMai4,洗車機で大ピンチ！？ オープンカーの恐怖体験,2026-03-20,10548,0.0486,,,1,short,1.0,0,https://www.youtube.com/watch?v=bcmsB2IMai4,https://i.ytimg.com/vi/bcmsB2IMai4/hqdefault.jpg
チャンネル隊長,UCEgvzVCeW2MnHV-M62CxBDQ,217000,7wHzsRw3gXc,【洗車】話題のウロコ取りモンスターvsキイロビン！最強の油膜・ウロコ落としはどっち？,2026-07-26,10532,0.0485,11:01,661,0,video,1.0,0,https://www.youtube.com/watch?v=7wHzsRw3gXc,https://i.ytimg.com/vi/7wHzsRw3gXc/hqdefault.jpg
ピットワン,UCW3rbAgw8x0brFr29v50FJg,257000,f3a3CVZgN4k,ピットワンがあの祭典に…！！#automobile#gr86  #プラド #gtr#軽自動車#カスタム#diy #交通事故 #トヨタ#toyota#日産#RX-7#レクサス#事故車,2026-03-12,12400,0.0482,,,1,short,1.0,0,https://www.youtube.com/watch?v=f3a3CVZgN4k,https://i.ytimg.com/vi/f3a3CVZgN4k/hqdefault.jpg
ピットワン,UCW3rbAgw8x0brFr29v50FJg,257000,ZZmIfx90fRU,缶スプレーでプロを越えるには？#automobile#gr86  #プラド #gtr#軽自動車#カスタム#diy #交通事故 #トヨタ#toyota#日産#RX-7#レクサス#事故車,2026-02-17,12315,0.0479,,,1,short,1.0,0,https://www.youtube.com/watch?v=ZZmIfx90fRU,https://i.ytimg.com/vi/ZZmIfx90fRU/hqdefault.jpg
チャンネル隊長,UCEgvzVCeW2MnHV-M62CxBDQ,217000,Ur2F1fWpvDc,【カー用品】Ottocastって何ができるの？初心者向けに分かりやすく解説！【OTTOAIBOX P3 Pro】,2026-02-13,10317,0.0475,9:55,595,0,video,1.0,0,https://www.youtube.com/watch?v=Ur2F1fWpvDc,https://i.ytimg.com/vi/Ur2F1fWpvDc/hqdefault.jpg
チャンネル隊長,UCEgvzVCeW2MnHV-M62CxBDQ,217000,g4eVElgm5iU,【DIY】5万円で家中の電化製品が動く！？自作ポータブル電源の作り方【WattCycle 12V100Ah mini BT】,2026-04-20,10291,0.0474,10:47,647,0,video,1.0,0,https://www.youtube.com/watch?v=g4eVElgm5iU,https://i.ytimg.com/vi/g4eVElgm5iU/hqdefault.jpg
チャンネル隊長,UCEgvzVCeW2MnHV-M62CxBDQ,217000,nY-LUOXas_o,【修羅場!?】妻がドン引きした AIフィギュア作り,2026-04-06,10273,0.0473,,,1,short,1.0,0,https://www.youtube.com/watch?v=nY-LUOXas_o,https://i.ytimg.com/vi/nY-LUOXas_o/hqdefault.jpg
チャンネル隊長,UCEgvzVCeW2MnHV-M62CxBDQ,217000,LoeFL9NgNtY,【車掃除】家庭用洗剤でどこまで綺麗になる？N-BOXを本気で洗車してみた！,2026-07-31,10229,0.0471,14:23,863,0,video,1.0,0,https://www.youtube.com/watch?v=LoeFL9NgNtY,https://i.ytimg.com/vi/LoeFL9NgNtY/hqdefault.jpg
チャンネル隊長,UCEgvzVCeW2MnHV-M62CxBDQ,217000,rJY7k05In1w,スマホやPCを無線でHDMI出力が出来るHDMIワイヤレスエクステンダーが便利すぎた,2025-10-08,10188,0.0469,9:35,575,0,video,1.0,0,https://www.youtube.com/watch?v=rJY7k05In1w,https://i.ytimg.com/vi/rJY7k05In1w/hqdefault.jpg
チャンネル隊長,UCEgvzVCeW2MnHV-M62CxBDQ,217000,U-mCmBnZRZQ,「世界一臭い」をバイク女子が食べたら放送事故レベルの地獄だった...,2026-04-02,10178,0.0469,16:23,983,0,video,1.0,0,https://www.youtube.com/watch?v=U-mCmBnZRZQ,https://i.ytimg.com/vi/U-mCmBnZRZQ/hqdefault.jpg
僕たちの洗車旅。,UCBHG2P_CcPLCQkFQROGxjLA,23000,_qxGdnPPWcw,【危険】9割が勘違いする交通ルール|自転車との事故防止9選,2026-06-26,1075,0.0467,26:16,1576,0,video,2.0,0,https://www.youtube.com/watch?v=_qxGdnPPWcw,https://i.ytimg.com/vi/_qxGdnPPWcw/hqdefault.jpg
チャンネル隊長,UCEgvzVCeW2MnHV-M62CxBDQ,217000,XifDZxGfcro,ドラマに出てみた！,2025-10-12,10136,0.0467,8:57,537,0,video,1.0,0,https://www.youtube.com/watch?v=XifDZxGfcro,https://i.ytimg.com/vi/XifDZxGfcro/hqdefault.jpg
チャンネル隊長,UCEgvzVCeW2MnHV-M62CxBDQ,217000,qVSAawg9kvI,【原付改造】サプリの容器でチャンバー製作！？驚異のディアナチュラチャンバー,2026-03-26,10129,0.0467,,,1,short,1.0,0,https://www.youtube.com/watch?v=qVSAawg9kvI,https://i.ytimg.com/vi/qVSAawg9kvI/hqdefault.jpg
チャンネル隊長,UCEgvzVCeW2MnHV-M62CxBDQ,217000,SVR353yEYG0,【閲覧注意】バイク整備中に まさかのクモ襲来w,2026-03-29,9948,0.0458,,,1,short,1.0,0,https://www.youtube.com/watch?v=SVR353yEYG0,https://i.ytimg.com/vi/SVR353yEYG0/hqdefault.jpg
チャンネル隊長,UCEgvzVCeW2MnHV-M62CxBDQ,217000,4L5SkvdUkEA,【愛知→岐阜】カローラクロスで往くオットキャストドライブ【Ottocast P3 Pro】,2026-02-20,9868,0.0455,9:50,590,0,video,1.0,0,https://www.youtube.com/watch?v=4L5SkvdUkEA,https://i.ytimg.com/vi/4L5SkvdUkEA/hqdefault.jpg
チャンネル隊長,UCEgvzVCeW2MnHV-M62CxBDQ,217000,IEaJqh2z8uE,圧倒的なタイヤの切れ角に驚愕 室内ドリフトが滑らかすぎてヤバい,2026-05-18,9859,0.0454,,,1,short,1.0,0,https://www.youtube.com/watch?v=IEaJqh2z8uE,https://i.ytimg.com/vi/IEaJqh2z8uE/hqdefault.jpg
チャンネル隊長,UCEgvzVCeW2MnHV-M62CxBDQ,217000,RZcWIa6rbM0,エロ本買いに行ったつもりが、激安中古ラジコン買ってきちゃった,2026-02-04,9685,0.0446,4:09,249,0,video,1.0,0,https://www.youtube.com/watch?v=RZcWIa6rbM0,https://i.ytimg.com/vi/RZcWIa6rbM0/hqdefault.jpg
チャンネル隊長,UCEgvzVCeW2MnHV-M62CxBDQ,217000,oBC_zZDAu8g,ホムセンの洗車グッズ7選！ガチで使えるおすすめと微妙だった商品を正直レビュー,2026-08-06,9680,0.0446,11:52,712,0,video,1.0,0,https://www.youtube.com/watch?v=oBC_zZDAu8g,https://i.ytimg.com/vi/oBC_zZDAu8g/hqdefault.jpg
チャンネル隊長,UCEgvzVCeW2MnHV-M62CxBDQ,217000,M7y07-3iHv8,【衝撃】AIで描いた「理想の美少女」を3Dプリンターで召喚してみた結果...,2026-04-05,9595,0.0442,10:14,614,0,video,1.0,0,https://www.youtube.com/watch?v=M7y07-3iHv8,https://i.ytimg.com/vi/M7y07-3iHv8/hqdefault.jpg
チャンネル隊長,UCEgvzVCeW2MnHV-M62CxBDQ,217000,gSt7bZlzgFA,【レビュー】スピーカーはこれで間違いなし。圧倒的コスパ！Edifier MR4 ＭＫⅡを実機レビューしてみた結果,2026-07-10,9561,0.0441,11:40,700,0,video,1.0,0,https://www.youtube.com/watch?v=gSt7bZlzgFA,https://i.ytimg.com/vi/gSt7bZlzgFA/hqdefault.jpg
チャンネル隊長,UCEgvzVCeW2MnHV-M62CxBDQ,217000,sew-OoCR_0g,フロントガラスDIY 素人夫婦が挑戦した結果,2026-09-15,9176,0.0423,,,1,short,1.0,0,https://www.youtube.com/watch?v=sew-OoCR_0g,https://i.ytimg.com/vi/sew-OoCR_0g/hqdefault.jpg
チャンネル隊長,UCEgvzVCeW2MnHV-M62CxBDQ,217000,wjf1uq9-3gY,【検証】電動アシスト自転車に「極太オフロードタイヤ」は履けるのか？,2025-12-04,9120,0.0420,8:48,528,0,video,1.0,0,https://www.youtube.com/watch?v=wjf1uq9-3gY,https://i.ytimg.com/vi/wjf1uq9-3gY/hqdefault.jpg
チャンネル隊長,UCEgvzVCeW2MnHV-M62CxBDQ,217000,pqSznW3p8OE,【ガチ検証】赤ちゃん用ミルクって美味いの？父になるので飲んでみたら衝撃の結末に…,2025-12-21,9079,0.0418,25:10,1510,0,video,1.0,0,https://www.youtube.com/watch?v=pqSznW3p8OE,https://i.ytimg.com/vi/pqSznW3p8OE/hqdefault.jpg
チャンネル隊長,UCEgvzVCeW2MnHV-M62CxBDQ,217000,4S7WzzKU3HE,冬のバッテリー上がり対策！車に積んでおくべき最強の防災グッズ【JESIMAIK V9M】,2025-12-18,9053,0.0417,8:16,496,0,video,1.0,0,https://www.youtube.com/watch?v=4S7WzzKU3HE,https://i.ytimg.com/vi/4S7WzzKU3HE/hqdefault.jpg
チャンネル隊長,UCEgvzVCeW2MnHV-M62CxBDQ,217000,U69iTOvBsJU,大人の7桁番号？ 放送事故寸前のトークｗ,2026-03-31,9034,0.0416,,,1,short,1.0,0,https://www.youtube.com/watch?v=U69iTOvBsJU,https://i.ytimg.com/vi/U69iTOvBsJU/hqdefault.jpg
僕たちの洗車旅。,UCBHG2P_CcPLCQkFQROGxjLA,23000,cUhPNfN6Oug,前代未聞の洗車イベント開催⁉️   #洗車 #洗車グッズ #洗車イベント #車 #車好き #ながら洗車,2026-09-24,955,0.0415,,,1,short,2.0,0,https://www.youtube.com/watch?v=cUhPNfN6Oug,https://i.ytimg.com/vi/cUhPNfN6Oug/hqdefault.jpg
チャンネル隊長,UCEgvzVCeW2MnHV-M62CxBDQ,217000,Y5IMsJPzye4,13年前のカーナビから最新のディスプレイオーディオに交換したらドライブが快適すぎた【ATOTO X10】,2026-01-19,8752,0.0403,,,1,short,1.0,0,https://www.youtube.com/watch?v=Y5IMsJPzye4,https://i.ytimg.com/vi/Y5IMsJPzye4/hqdefault.jpg
チャンネル隊長,UCEgvzVCeW2MnHV-M62CxBDQ,217000,eGbtiWe8ltk,ウタマロ洗剤でクルマの内装が見違える！！,2026-08-08,8691,0.0401,,,1,short,1.0,0,https://www.youtube.com/watch?v=eGbtiWe8ltk,https://i.ytimg.com/vi/eGbtiWe8ltk/hqdefault.jpg
チャンネル隊長,UCEgvzVCeW2MnHV-M62CxBDQ,217000,LX_CXa1EwbQ,70万円で自宅映画館を作ってみた！【AWOL Valerion Pro2】,2026-07-13,8668,0.0399,16:39,999,0,video,1.0,0,https://www.youtube.com/watch?v=LX_CXa1EwbQ,https://i.ytimg.com/vi/LX_CXa1EwbQ/hqdefault.jpg
チャンネル隊長,UCEgvzVCeW2MnHV-M62CxBDQ,217000,sbBjmE4pkRY,メルカリで買った軽自動車からとんでもない呪物が出てきた,2026-03-24,8627,0.0398,,,1,short,1.0,0,https://www.youtube.com/watch?v=sbBjmE4pkRY,https://i.ytimg.com/vi/sbBjmE4pkRY/hqdefault.jpg
チャンネル隊長,UCEgvzVCeW2MnHV-M62CxBDQ,217000,COIR3qtlCB8,【AM4の終着点】Ryzen 7 5800X3Dへ！僕のPCが「最強」に生まれ変わりました。,2026-08-14,8581,0.0395,14:55,895,0,video,1.0,0,https://www.youtube.com/watch?v=COIR3qtlCB8,https://i.ytimg.com/vi/COIR3qtlCB8/hqdefault.jpg
チャンネル隊長,UCEgvzVCeW2MnHV-M62CxBDQ,217000,yo2c3YO4ZQc,ハーレーに初挑戦 足が届かない絶望の瞬間,2026-03-25,8575,0.0395,,,1,short,1.0,0,https://www.youtube.com/watch?v=yo2c3YO4ZQc,https://i.ytimg.com/vi/yo2c3YO4ZQc/hqdefault.jpg
チャンネル隊長,UCEgvzVCeW2MnHV-M62CxBDQ,217000,qSCEZXeyIYk,【TEMUの闇】怪しすぎるテムの激安ゲーミング福袋？5点セットの正体を暴きます。,2025-12-07,8448,0.0389,14:22,862,0,video,1.0,0,https://www.youtube.com/watch?v=qSCEZXeyIYk,https://i.ytimg.com/vi/qSCEZXeyIYk/hqdefault.jpg
チャンネル隊長,UCEgvzVCeW2MnHV-M62CxBDQ,217000,iSdRlmJpaz0,ガンダムすぎる中華製ロボが卑怯なくらいカッコ良すぎる件,2026-05-23,8258,0.0381,13:27,807,0,video,1.0,0,https://www.youtube.com/watch?v=iSdRlmJpaz0,https://i.ytimg.com/vi/iSdRlmJpaz0/hqdefault.jpg
チャンネル隊長,UCEgvzVCeW2MnHV-M62CxBDQ,217000,CIuDFJM4m8w,"キンブルの3,980円の極小冷蔵庫から卒業！Amazonブラックフライデーで冷蔵庫買ってみた!!　#amazon  #家電  #結婚",2025-12-09,8218,0.0379,,,1,short,1.0,0,https://www.youtube.com/watch?v=CIuDFJM4m8w,https://i.ytimg.com/vi/CIuDFJM4m8w/hqdefault.jpg
チャンネル隊長,UCEgvzVCeW2MnHV-M62CxBDQ,217000,JWq6UKeushM,納車時より絶好調！ 奇跡の復活にガチ感動,2026-03-19,8172,0.0377,,,1,short,1.0,0,https://www.youtube.com/watch?v=JWq6UKeushM,https://i.ytimg.com/vi/JWq6UKeushM/hqdefault.jpg
ピットワン,UCW3rbAgw8x0brFr29v50FJg,257000,yv_8aAPfmfQ,DIYでのメタリックの極意？#automobile#gr86  #プラド #gtr#軽自動車#カスタム#diy #交通事故 #トヨタ#toyota#日産#RX-7#レクサス#事故車,2026-02-25,9670,0.0376,,,1,short,1.0,0,https://www.youtube.com/watch?v=yv_8aAPfmfQ,https://i.ytimg.com/vi/yv_8aAPfmfQ/hqdefault.jpg
チャンネル隊長,UCEgvzVCeW2MnHV-M62CxBDQ,217000,OKyTJtmPY6s,お家でドリフト大会 ヨコモのYD2ドリラジで遊んでみた！,2026-05-11,8159,0.0376,,,1,short,1.0,0,https://www.youtube.com/watch?v=OKyTJtmPY6s,https://i.ytimg.com/vi/OKyTJtmPY6s/hqdefault.jpg
チャンネル隊長,UCEgvzVCeW2MnHV-M62CxBDQ,217000,xGgfJX5WvU8,【驚愕】手のひらサイズなのに最強スペック！？超小型ガジェット「TALIX & DingTalk A1」を実機レビュー！,2026-05-22,8126,0.0374,14:43,883,0,video,1.0,0,https://www.youtube.com/watch?v=xGgfJX5WvU8,https://i.ytimg.com/vi/xGgfJX5WvU8/hqdefault.jpg
チャンネル隊長,UCEgvzVCeW2MnHV-M62CxBDQ,217000,ZP59C-9MjkE,地球が車内に！？ 驚愕の変形ロードスター,2026-03-20,8039,0.0370,,,1,short,1.0,0,https://www.youtube.com/watch?v=ZP59C-9MjkE,https://i.ytimg.com/vi/ZP59C-9MjkE/hqdefault.jpg
チャンネル隊長,UCEgvzVCeW2MnHV-M62CxBDQ,217000,yUnnkpkClaI,完成したばかりのラジコンが消えた,2026-05-04,7909,0.0364,,,1,short,1.0,0,https://www.youtube.com/watch?v=yUnnkpkClaI,https://i.ytimg.com/vi/yUnnkpkClaI/hqdefault.jpg
チャンネル隊長,UCEgvzVCeW2MnHV-M62CxBDQ,217000,BCWcv5URg6E,【下剋上】あえて今、14年前のコンデジを使う理由。最新iPhone15 Proと画質対決した結果がヤバすぎる…,2026-04-16,7887,0.0363,12:32,752,0,video,1.0,0,https://www.youtube.com/watch?v=BCWcv5URg6E,https://i.ytimg.com/vi/BCWcv5URg6E/hqdefault.jpg
チャンネル隊長,UCEgvzVCeW2MnHV-M62CxBDQ,217000,fRR25eToIVU,キャンプにパソコンぶち込んで理想のキャンプしてみた【GEEKOM A5 Pro】,2026-03-11,7784,0.0359,14:12,852,0,video,1.0,0,https://www.youtube.com/watch?v=fRR25eToIVU,https://i.ytimg.com/vi/fRR25eToIVU/hqdefault.jpg
チャンネル隊長,UCEgvzVCeW2MnHV-M62CxBDQ,217000,6iPtZB50oDI,ガチ勢も驚くラジコンの中身 ミニチュア隊長がガチで乗車？,2026-05-17,7776,0.0358,,,1,short,1.0,0,https://www.youtube.com/watch?v=6iPtZB50oDI,https://i.ytimg.com/vi/6iPtZB50oDI/hqdefault.jpg
チャンネル隊長,UCEgvzVCeW2MnHV-M62CxBDQ,217000,De_ZiHT-CKE,一歩間違えば落下 恐怖の隙間を埋める,2026-05-04,7646,0.0352,,,1,short,1.0,0,https://www.youtube.com/watch?v=De_ZiHT-CKE,https://i.ytimg.com/vi/De_ZiHT-CKE/hqdefault.jpg
チャンネル隊長,UCEgvzVCeW2MnHV-M62CxBDQ,217000,WntJvqFmQDw,【爆笑】調理実習の帽子？ 雨具に大苦戦する妻,2026-03-31,7618,0.0351,,,1,short,1.0,0,https://www.youtube.com/watch?v=WntJvqFmQDw,https://i.ytimg.com/vi/WntJvqFmQDw/hqdefault.jpg
チャンネル隊長,UCEgvzVCeW2MnHV-M62CxBDQ,217000,UowrVa8UWOk,中古車のドラレコから エ●画像が大量発生！？,2026-03-24,7475,0.0344,,,1,short,1.0,0,https://www.youtube.com/watch?v=UowrVa8UWOk,https://i.ytimg.com/vi/UowrVa8UWOk/hqdefault.jpg
チャンネル隊長,UCEgvzVCeW2MnHV-M62CxBDQ,217000,gbKOjqYcY-I,アクセルは優しく【ドリラジ初心者入門】最後に辿り着く真理,2026-08-25,7465,0.0344,,,1,short,1.0,0,https://www.youtube.com/watch?v=gbKOjqYcY-I,https://i.ytimg.com/vi/gbKOjqYcY-I/hqdefault.jpg
チャンネル隊長,UCEgvzVCeW2MnHV-M62CxBDQ,217000,4WKiSEATycM,【最新レビュー】もう高いイヤホンはいらない？EarFun Clip2のコスパが異次元すぎる。,2026-04-28,7302,0.0336,11:11,671,0,video,1.0,0,https://www.youtube.com/watch?v=4WKiSEATycM,https://i.ytimg.com/vi/4WKiSEATycM/hqdefault.jpg
チャンネル隊長,UCEgvzVCeW2MnHV-M62CxBDQ,217000,9YOSohSvHDY,高圧洗浄機を直撃！ 浸水ゼロの衝撃検証,2026-04-02,7219,0.0333,,,1,short,1.0,0,https://www.youtube.com/watch?v=9YOSohSvHDY,https://i.ytimg.com/vi/9YOSohSvHDY/hqdefault.jpg
チャンネル隊長,UCEgvzVCeW2MnHV-M62CxBDQ,217000,M40escqliss,54万円の最安ビートル 半年で動かなくなる？,2026-03-18,7186,0.0331,,,1,short,1.0,0,https://www.youtube.com/watch?v=M40escqliss,https://i.ytimg.com/vi/M40escqliss/hqdefault.jpg
チャンネル隊長,UCEgvzVCeW2MnHV-M62CxBDQ,217000,qIqEFvFAfJg,塗装が溶ける絶望 DIY塗装の落とし穴,2026-08-09,7174,0.0331,,,1,short,1.0,0,https://www.youtube.com/watch?v=qIqEFvFAfJg,https://i.ytimg.com/vi/qIqEFvFAfJg/hqdefault.jpg
チャンネル隊長,UCEgvzVCeW2MnHV-M62CxBDQ,217000,egT_fAoBtM4,【QOL爆上がり】電源レス稼働が超便利！ KTC MegPad A27Q7で叶うスマートな生活,2025-12-15,7084,0.0326,11:47,707,0,video,1.0,0,https://www.youtube.com/watch?v=egT_fAoBtM4,https://i.ytimg.com/vi/egT_fAoBtM4/hqdefault.jpg
チャンネル隊長,UCEgvzVCeW2MnHV-M62CxBDQ,217000,xhEGeHZ9s0A,【破格】10万円超えの画質を5万円台で？TCL A1Sをガチ検証したらコスパがバグりすぎてた。,2026-07-07,6960,0.0321,13:08,788,0,video,1.0,0,https://www.youtube.com/watch?v=xhEGeHZ9s0A,https://i.ytimg.com/vi/xhEGeHZ9s0A/hqdefault.jpg
チャンネル隊長,UCEgvzVCeW2MnHV-M62CxBDQ,217000,kfGK9aN4v-U,Temuで見つけた 最強の軽トララジコン,2026-05-04,6870,0.0317,,,1,short,1.0,0,https://www.youtube.com/watch?v=kfGK9aN4v-U,https://i.ytimg.com/vi/kfGK9aN4v-U/hqdefault.jpg
チャンネル隊長,UCEgvzVCeW2MnHV-M62CxBDQ,217000,sbVMwA87338,【視聴者プレゼントあり】車用バッテリーを牽引！？最新の「怪物」スカニアラジコンのパワーがヤバすぎたｗｗ,2026-06-28,6821,0.0314,11:53,713,0,video,1.0,0,https://www.youtube.com/watch?v=sbVMwA87338,https://i.ytimg.com/vi/sbVMwA87338/hqdefault.jpg
チャンネル隊長,UCEgvzVCeW2MnHV-M62CxBDQ,217000,N_KJaQOVljE,【ジモティ15万円中古車】まさかのF6Aエンジン 旧車乗りの理想の一台,2026-08-25,6791,0.0313,,,1,short,1.0,0,https://www.youtube.com/watch?v=N_KJaQOVljE,https://i.ytimg.com/vi/N_KJaQOVljE/hqdefault.jpg
チャンネル隊長,UCEgvzVCeW2MnHV-M62CxBDQ,217000,s8MU51xhJW8,【衝撃】神アップデート 紙の書き心地を完全再現！？最新ガジェット「TCL NoteA1 NEXTPAPER」が凄すぎた,2026-07-09,6547,0.0302,11:47,707,0,video,1.0,0,https://www.youtube.com/watch?v=s8MU51xhJW8,https://i.ytimg.com/vi/s8MU51xhJW8/hqdefault.jpg
チャンネル隊長,UCEgvzVCeW2MnHV-M62CxBDQ,217000,4knwFcs_QSw,まるで実車のような音 ラジコンの常識が変わる,2026-05-09,6494,0.0299,,,1,short,1.0,0,https://www.youtube.com/watch?v=4knwFcs_QSw,https://i.ytimg.com/vi/4knwFcs_QSw/hqdefault.jpg
チャンネル隊長,UCEgvzVCeW2MnHV-M62CxBDQ,217000,-wT0A9Q9KUY,【ジモティ15万円中古車】エアバッグは飾り？ 中古車のリアルな内装,2026-09-04,6486,0.0299,,,1,short,1.0,0,https://www.youtube.com/watch?v=-wT0A9Q9KUY,https://i.ytimg.com/vi/-wT0A9Q9KUY/hqdefault.jpg
チャンネル隊長,UCEgvzVCeW2MnHV-M62CxBDQ,217000,IIb3CdlpqIA,エアコンが地獄の臭い 解決する最強の方法,2026-08-10,6358,0.0293,,,1,short,1.0,0,https://www.youtube.com/watch?v=IIb3CdlpqIA,https://i.ytimg.com/vi/IIb3CdlpqIA/hqdefault.jpg
チャンネル隊長,UCEgvzVCeW2MnHV-M62CxBDQ,217000,Woa3hEv8bvk,車内がまるで水風呂 即冷え水冷シート瞬冷が神,2026-06-11,6319,0.0291,,,1,short,1.0,0,https://www.youtube.com/watch?v=Woa3hEv8bvk,https://i.ytimg.com/vi/Woa3hEv8bvk/hqdefault.jpg
チャンネル隊長,UCEgvzVCeW2MnHV-M62CxBDQ,217000,7BMiflIiNPY,【プレゼント企画】最新ミニPC『SOAYAN EXR1』を２週間かけてレビューしてみた！,2025-10-25,6197,0.0286,11:09,669,0,video,1.0,0,https://www.youtube.com/watch?v=7BMiflIiNPY,https://i.ytimg.com/vi/7BMiflIiNPY/hqdefault.jpg
チャンネル隊長,UCEgvzVCeW2MnHV-M62CxBDQ,217000,QanPkX47uLE,触ってないのに コントローラーの悲劇,2026-03-16,6097,0.0281,,,1,short,1.0,0,https://www.youtube.com/watch?v=QanPkX47uLE,https://i.ytimg.com/vi/QanPkX47uLE/hqdefault.jpg
チャンネル隊長,UCEgvzVCeW2MnHV-M62CxBDQ,217000,PKI5PV6XWCU,初心者でもプロ級の滑り？ 一番操作しやすい最新マシン,2026-05-22,6019,0.0277,,,1,short,1.0,0,https://www.youtube.com/watch?v=PKI5PV6XWCU,https://i.ytimg.com/vi/PKI5PV6XWCU/hqdefault.jpg
チャンネル隊長,UCEgvzVCeW2MnHV-M62CxBDQ,217000,Q3ZUpRiD8OA,修理代はたった3千円 外車故障の意外な真実,2026-03-19,5688,0.0262,,,1,short,1.0,0,https://www.youtube.com/watch?v=Q3ZUpRiD8OA,https://i.ytimg.com/vi/Q3ZUpRiD8OA/hqdefault.jpg
チャンネル隊長,UCEgvzVCeW2MnHV-M62CxBDQ,217000,5AYzk_Z1l5Q,たった10分で激変 エアコンがマイナス3度,2026-08-08,5607,0.0258,,,1,short,1.0,0,https://www.youtube.com/watch?v=5AYzk_Z1l5Q,https://i.ytimg.com/vi/5AYzk_Z1l5Q/hqdefault.jpg
チャンネル隊長,UCEgvzVCeW2MnHV-M62CxBDQ,217000,h9eiLUxvXjw,10万円で買ってきた ミニクーパーで サーキット爆走,2026-04-30,5529,0.0255,,,1,short,1.0,0,https://www.youtube.com/watch?v=h9eiLUxvXjw,https://i.ytimg.com/vi/h9eiLUxvXjw/hqdefault.jpg
チャンネル隊長,UCEgvzVCeW2MnHV-M62CxBDQ,217000,J1bLngNLtsc,Kawasakiバイクウェア 驚きの30%オフ！？ 名古屋モーターサイクルショー,2026-03-26,5507,0.0254,,,1,short,1.0,0,https://www.youtube.com/watch?v=J1bLngNLtsc,https://i.ytimg.com/vi/J1bLngNLtsc/hqdefault.jpg
チャンネル隊長,UCEgvzVCeW2MnHV-M62CxBDQ,217000,LSGbLtTm9_M,ラジコン操作で レースゲーは地獄？,2026-06-03,5504,0.0254,,,1,short,1.0,0,https://www.youtube.com/watch?v=LSGbLtTm9_M,https://i.ytimg.com/vi/LSGbLtTm9_M/hqdefault.jpg
チャンネル隊長,UCEgvzVCeW2MnHV-M62CxBDQ,217000,Jf24YyYtPNs,10ヶ月放置した 真っ黒オイルの衝撃【CBR250RR】,2026-03-29,5447,0.0251,,,1,short,1.0,0,https://www.youtube.com/watch?v=Jf24YyYtPNs,https://i.ytimg.com/vi/Jf24YyYtPNs/hqdefault.jpg
チャンネル隊長,UCEgvzVCeW2MnHV-M62CxBDQ,217000,6NQ2FH_xjYo,【日産】3.7Lの極上サウンド 脳が溶ける咆哮を聞け,2026-03-16,5445,0.0251,,,1,short,1.0,0,https://www.youtube.com/watch?v=6NQ2FH_xjYo,https://i.ytimg.com/vi/6NQ2FH_xjYo/hqdefault.jpg
チャンネル隊長,UCEgvzVCeW2MnHV-M62CxBDQ,217000,eIhBsU-2amw,視点はまさにWRC！ 爆走RCカーの迫力がやばい,2026-04-30,5402,0.0249,,,1,short,1.0,0,https://www.youtube.com/watch?v=eIhBsU-2amw,https://i.ytimg.com/vi/eIhBsU-2amw/hqdefault.jpg
チャンネル隊長,UCEgvzVCeW2MnHV-M62CxBDQ,217000,8vupZ9e04v8,外車DIYの落とし穴 専用工具がムズすぎ,2026-03-19,5363,0.0247,,,1,short,1.0,0,https://www.youtube.com/watch?v=8vupZ9e04v8,https://i.ytimg.com/vi/8vupZ9e04v8/hqdefault.jpg
チャンネル隊長,UCEgvzVCeW2MnHV-M62CxBDQ,217000,HhZ-zfEGBck,【27年落ちKei ターボ】軽とは思えないパワー F6Aエンジンの実力,2026-09-04,5343,0.0246,,,1,short,1.0,0,https://www.youtube.com/watch?v=HhZ-zfEGBck,https://i.ytimg.com/vi/HhZ-zfEGBck/hqdefault.jpg
チャンネル隊長,UCEgvzVCeW2MnHV-M62CxBDQ,217000,w9XFiiS9_Jk,究極の省スペースPC、降臨。　#pc #gmktec #ガジェット,2026-03-04,5225,0.0241,,,1,short,1.0,0,https://www.youtube.com/watch?v=w9XFiiS9_Jk,https://i.ytimg.com/vi/w9XFiiS9_Jk/hqdefault.jpg
チャンネル隊長,UCEgvzVCeW2MnHV-M62CxBDQ,217000,00yGwkZaDBQ,ラジコンから衝撃の爆音！？ エンジン音を完全再現してみた,2026-05-09,5131,0.0236,,,1,short,1.0,0,https://www.youtube.com/watch?v=00yGwkZaDBQ,https://i.ytimg.com/vi/00yGwkZaDBQ/hqdefault.jpg
チャンネル隊長,UCEgvzVCeW2MnHV-M62CxBDQ,217000,C6uFuQHhV1g,車にそのまま乗る？驚きのサイズ感を大公開,2026-03-17,5125,0.0236,,,1,short,1.0,0,https://www.youtube.com/watch?v=C6uFuQHhV1g,https://i.ytimg.com/vi/C6uFuQHhV1g/hqdefault.jpg
チャンネル隊長,UCEgvzVCeW2MnHV-M62CxBDQ,217000,geLnnn1wRf8,27年落ち5MT軽自動車1 5万キロで極上車？ 驚きのワンオーナー,2026-08-26,5124,0.0236,,,1,short,1.0,0,https://www.youtube.com/watch?v=geLnnn1wRf8,https://i.ytimg.com/vi/geLnnn1wRf8/hqdefault.jpg
チャンネル隊長,UCEgvzVCeW2MnHV-M62CxBDQ,217000,JokMY3fk6JY,AIにエチエチな美少女フィギュアを作ってもらったら修羅場に…,2026-04-05,5036,0.0232,,,1,short,1.0,0,https://www.youtube.com/watch?v=JokMY3fk6JY,https://i.ytimg.com/vi/JokMY3fk6JY/hqdefault.jpg
チャンネル隊長,UCEgvzVCeW2MnHV-M62CxBDQ,217000,qh88jrEoLHo,キャンプが変わる 最強冷蔵庫の秘密【EENOUR CL38】,2026-07-13,4934,0.0227,,,1,short,1.0,0,https://www.youtube.com/watch?v=qh88jrEoLHo,https://i.ytimg.com/vi/qh88jrEoLHo/hqdefault.jpg
チャンネル隊長,UCEgvzVCeW2MnHV-M62CxBDQ,217000,xBkqfIYY4Ys,射的で神業連発 豪華景品を総なめ,2026-08-16,4867,0.0224,,,1,short,1.0,0,https://www.youtube.com/watch?v=xBkqfIYY4Ys,https://i.ytimg.com/vi/xBkqfIYY4Ys/hqdefault.jpg
チャンネル隊長,UCEgvzVCeW2MnHV-M62CxBDQ,217000,FwdJMq25OuU,AIイラストが立体に！ 驚異の3Dプリンタ造形,2026-04-06,4814,0.0222,,,1,short,1.0,0,https://www.youtube.com/watch?v=FwdJMq25OuU,https://i.ytimg.com/vi/FwdJMq25OuU/hqdefault.jpg
チャンネル隊長,UCEgvzVCeW2MnHV-M62CxBDQ,217000,Uplb-FhdLlo,嫁に内緒で自宅の駐車場に「男の秘密基地」作ってみた！　#パソコン #キャンプ  #ガジェット,2026-03-12,4811,0.0222,,,1,short,1.0,0,https://www.youtube.com/watch?v=Uplb-FhdLlo,https://i.ytimg.com/vi/Uplb-FhdLlo/hqdefault.jpg
チャンネル隊長,UCEgvzVCeW2MnHV-M62CxBDQ,217000,KmT37KEbqnw,脳内に直接響いてくる 異次元のリスニング体験,2026-04-28,4759,0.0219,,,1,short,1.0,0,https://www.youtube.com/watch?v=KmT37KEbqnw,https://i.ytimg.com/vi/KmT37KEbqnw/hqdefault.jpg
チャンネル隊長,UCEgvzVCeW2MnHV-M62CxBDQ,217000,YrRKoo-FGpM,カーステの進化が ヤバすぎる衝撃の機能,2026-03-22,4719,0.0217,,,1,short,1.0,0,https://www.youtube.com/watch?v=YrRKoo-FGpM,https://i.ytimg.com/vi/YrRKoo-FGpM/hqdefault.jpg
チャンネル隊長,UCEgvzVCeW2MnHV-M62CxBDQ,217000,6_Iy9D39MXQ,坂道が平坦に見える 魔法のような電動アシスト自転車【ERWAY-A06】,2026-03-21,4671,0.0215,,,1,short,1.0,0,https://www.youtube.com/watch?v=6_Iy9D39MXQ,https://i.ytimg.com/vi/6_Iy9D39MXQ/hqdefault.jpg
チャンネル隊長,UCEgvzVCeW2MnHV-M62CxBDQ,217000,kYDE0bD8vq4,頭皮だけ冷凍庫級！超極寒クールシャンプー SUMMERBAR COOL10,2026-08-11,4642,0.0214,,,1,short,1.0,0,https://www.youtube.com/watch?v=kYDE0bD8vq4,https://i.ytimg.com/vi/kYDE0bD8vq4/hqdefault.jpg
チャンネル隊長,UCEgvzVCeW2MnHV-M62CxBDQ,217000,-WXneXdF88E,口の中が豚小屋に？ ドリアンの絶望的な味,2026-04-03,4619,0.0213,,,1,short,1.0,0,https://www.youtube.com/watch?v=-WXneXdF88E,https://i.ytimg.com/vi/-WXneXdF88E/hqdefault.jpg
チャンネル隊長,UCEgvzVCeW2MnHV-M62CxBDQ,217000,CkBJ2Pu1yBE,【防災】電子レンジが動く！驚愕のパワー！【AFERIY P110】,2025-10-06,4580,0.0211,13:27,807,0,video,1.0,0,https://www.youtube.com/watch?v=CkBJ2Pu1yBE,https://i.ytimg.com/vi/CkBJ2Pu1yBE/hqdefault.jpg
チャンネル隊長,UCEgvzVCeW2MnHV-M62CxBDQ,217000,gIiS-kEBYi0,敵の居場所が丸分かり ゲーム専用モードが最強,2026-04-28,4579,0.0211,,,1,short,1.0,0,https://www.youtube.com/watch?v=gIiS-kEBYi0,https://i.ytimg.com/vi/gIiS-kEBYi0/hqdefault.jpg
チャンネル隊長,UCEgvzVCeW2MnHV-M62CxBDQ,217000,KL2NPQUV5Uw,Grokに美少女フィギュアを作ってもらった結果,2026-04-05,4568,0.0211,,,1,short,1.0,0,https://www.youtube.com/watch?v=KL2NPQUV5Uw,https://i.ytimg.com/vi/KL2NPQUV5Uw/hqdefault.jpg
チャンネル隊長,UCEgvzVCeW2MnHV-M62CxBDQ,217000,yAQdgw7sx7A,手のひらサイズの 怪物ミニPCを開封 【GEEKOM A5 Pro】,2026-03-30,4522,0.0208,,,1,short,1.0,0,https://www.youtube.com/watch?v=yAQdgw7sx7A,https://i.ytimg.com/vi/yAQdgw7sx7A/hqdefault.jpg
チャンネル隊長,UCEgvzVCeW2MnHV-M62CxBDQ,217000,7mMbhc-zTXE,【ラジコン】プロが徹底解説！初心者が一番最初に覚えるべきステアリング＆スロットル操作【ドリラジ】,2026-08-16,4500,0.0207,9:05,545,0,video,1.0,0,https://www.youtube.com/watch?v=7mMbhc-zTXE,https://i.ytimg.com/vi/7mMbhc-zTXE/hqdefault.jpg
チャンネル隊長,UCEgvzVCeW2MnHV-M62CxBDQ,217000,y80kae-99MQ,【神カー用品】猛暑も余裕で克服 驚異の水冷シート瞬冷,2026-06-11,4488,0.0207,,,1,short,1.0,0,https://www.youtube.com/watch?v=y80kae-99MQ,https://i.ytimg.com/vi/y80kae-99MQ/hqdefault.jpg
チャンネル隊長,UCEgvzVCeW2MnHV-M62CxBDQ,217000,PMh_akvHkp8,昨夜は激しかったね？ 衝撃の暴露に視聴者仰天,2026-03-31,4445,0.0205,,,1,short,1.0,0,https://www.youtube.com/watch?v=PMh_akvHkp8,https://i.ytimg.com/vi/PMh_akvHkp8/hqdefault.jpg
チャンネル隊長,UCEgvzVCeW2MnHV-M62CxBDQ,217000,Zu5gcaESGJg,鼻をつまめば天国？ ドリアンを実食してみた,2026-04-03,4405,0.0203,,,1,short,1.0,0,https://www.youtube.com/watch?v=Zu5gcaESGJg,https://i.ytimg.com/vi/Zu5gcaESGJg/hqdefault.jpg
チャンネル隊長,UCEgvzVCeW2MnHV-M62CxBDQ,217000,SSJJOiBBuOg,【カー用品】前後左右を完全監視 最強の4面ドラレコ,2026-03-21,4353,0.0201,,,1,short,1.0,0,https://www.youtube.com/watch?v=SSJJOiBBuOg,https://i.ytimg.com/vi/SSJJOiBBuOg/hqdefault.jpg
チャンネル隊長,UCEgvzVCeW2MnHV-M62CxBDQ,217000,9GSAq5Ze6Xg,あったらいいなが詰まってる車載冷蔵庫ＣＬ３８が便利過ぎる件,2026-07-14,4324,0.0199,,,1,short,1.0,0,https://www.youtube.com/watch?v=9GSAq5Ze6Xg,https://i.ytimg.com/vi/9GSAq5Ze6Xg/hqdefault.jpg
チャンネル隊長,UCEgvzVCeW2MnHV-M62CxBDQ,217000,Gpk3oFqJesY,激安N-BOXで挑戦 高速120キロの限界,2026-03-16,4294,0.0198,,,1,short,1.0,0,https://www.youtube.com/watch?v=Gpk3oFqJesY,https://i.ytimg.com/vi/Gpk3oFqJesY/hqdefault.jpg
チャンネル隊長,UCEgvzVCeW2MnHV-M62CxBDQ,217000,yq1BImFVUnw,部屋がガチサーキット!? 夢のレーシングシムが完成,2026-05-09,4239,0.0195,,,1,short,1.0,0,https://www.youtube.com/watch?v=yq1BImFVUnw,https://i.ytimg.com/vi/yq1BImFVUnw/hqdefault.jpg
チャンネル隊長,UCEgvzVCeW2MnHV-M62CxBDQ,217000,hflvRZcFIzE,【初心者向け】CBDオイルって何？使い方から効果まで分かりやすく解説【レビュー】,2026-05-26,4217,0.0194,18:49,1129,0,video,1.0,0,https://www.youtube.com/watch?v=hflvRZcFIzE,https://i.ytimg.com/vi/hflvRZcFIzE/hqdefault.jpg
チャンネル隊長,UCEgvzVCeW2MnHV-M62CxBDQ,217000,KPA2nkHYjtI,世界一臭い果物の 衝撃的な破壊力,2026-04-03,4134,0.0191,,,1,short,1.0,0,https://www.youtube.com/watch?v=KPA2nkHYjtI,https://i.ytimg.com/vi/KPA2nkHYjtI/hqdefault.jpg
チャンネル隊長,UCEgvzVCeW2MnHV-M62CxBDQ,217000,882oePgTOX0,お祭り屋台メシ 絶品グルメを食い尽くす,2026-08-16,4102,0.0189,,,1,short,1.0,0,https://www.youtube.com/watch?v=882oePgTOX0,https://i.ytimg.com/vi/882oePgTOX0/hqdefault.jpg
チャンネル隊長,UCEgvzVCeW2MnHV-M62CxBDQ,217000,83epfpeiDks,最新ミニPCの性能が 予想外すぎて絶句した 【GEEKOM A5 Pro】,2026-03-28,4094,0.0189,,,1,short,1.0,0,https://www.youtube.com/watch?v=83epfpeiDks,https://i.ytimg.com/vi/83epfpeiDks/hqdefault.jpg
チャンネル隊長,UCEgvzVCeW2MnHV-M62CxBDQ,217000,iD52gUtOaUQ,ついに椅子も電動の時代へ。世界初の「電動ストレッチ機能」を搭載したワークチェアが革命的すぎる,2026-05-29,4088,0.0188,10:28,628,0,video,1.0,0,https://www.youtube.com/watch?v=iD52gUtOaUQ,https://i.ytimg.com/vi/iD52gUtOaUQ/hqdefault.jpg
チャンネル隊長,UCEgvzVCeW2MnHV-M62CxBDQ,217000,eprSPsFFADs,ハイエース激変！ 足元を高級車にする方法,2026-08-10,4055,0.0187,,,1,short,1.0,0,https://www.youtube.com/watch?v=eprSPsFFADs,https://i.ytimg.com/vi/eprSPsFFADs/hqdefault.jpg
チャンネル隊長,UCEgvzVCeW2MnHV-M62CxBDQ,217000,-zHZh8q6q5Q,古民家の天井に大型電動ロールスクリーンを取り付けた結果,2026-07-14,4003,0.0184,,,1,short,1.0,0,https://www.youtube.com/watch?v=-zHZh8q6q5Q,https://i.ytimg.com/vi/-zHZh8q6q5Q/hqdefault.jpg
チャンネル隊長,UCEgvzVCeW2MnHV-M62CxBDQ,217000,mBYCQoXhOso,13年使った洗濯機 素人が本気でDIY修理,2026-08-14,3998,0.0184,,,1,short,1.0,0,https://www.youtube.com/watch?v=mBYCQoXhOso,https://i.ytimg.com/vi/mBYCQoXhOso/hqdefault.jpg
チャンネル隊長,UCEgvzVCeW2MnHV-M62CxBDQ,217000,W2tcMDmm9m0,厚さ4ミリの衝撃ガジェット スマホに貼れる最強の相棒,2026-05-22,3855,0.0178,,,1,short,1.0,0,https://www.youtube.com/watch?v=W2tcMDmm9m0,https://i.ytimg.com/vi/W2tcMDmm9m0/hqdefault.jpg
チャンネル隊長,UCEgvzVCeW2MnHV-M62CxBDQ,217000,zzvUTyrn_E0,アクラボサウンドに耳が破壊される瞬間,2026-03-24,3822,0.0176,,,1,short,1.0,0,https://www.youtube.com/watch?v=zzvUTyrn_E0,https://i.ytimg.com/vi/zzvUTyrn_E0/hqdefault.jpg
チャンネル隊長,UCEgvzVCeW2MnHV-M62CxBDQ,217000,VPjGnfIgJOk,月額クラウドとはおさらば！自宅に設置できる大容量データバンク『UGREEN DXP4800GT』がスゴイ！  #UGREEN #NAS #クラウド,2026-06-29,3752,0.0173,,,1,short,1.0,0,https://www.youtube.com/watch?v=VPjGnfIgJOk,https://i.ytimg.com/vi/VPjGnfIgJOk/hqdefault.jpg
チャンネル隊長,UCEgvzVCeW2MnHV-M62CxBDQ,217000,NCKsGvLX6Gk,免許不要で20キロ! オートバックスで買える謎の電動キックボードがすごい,2026-03-18,3728,0.0172,,,1,short,1.0,0,https://www.youtube.com/watch?v=NCKsGvLX6Gk,https://i.ytimg.com/vi/NCKsGvLX6Gk/hqdefault.jpg
センスアールのRYUYA,UCXCy0fYOsvGFDSOHXJX4JUw,27500,tpBpjKj_fuQ,【速報】コメリの2026年最新展示会に潜入！アップデートされるアイテムや新商品など洗車のプロが厳選レビュー,2026-09-18,472,0.0172,,,1,short,2.0,0,https://www.youtube.com/watch?v=tpBpjKj_fuQ,https://i.ytimg.com/vi/tpBpjKj_fuQ/hqdefault.jpg
チャンネル隊長,UCEgvzVCeW2MnHV-M62CxBDQ,217000,onNHJMVkhAM,専門店より高音質？ 驚きの車内オーディオ,2026-03-21,3642,0.0168,,,1,short,1.0,0,https://www.youtube.com/watch?v=onNHJMVkhAM,https://i.ytimg.com/vi/onNHJMVkhAM/hqdefault.jpg
チャンネル隊長,UCEgvzVCeW2MnHV-M62CxBDQ,217000,yQS7HFZv02o,10年落ちカーナビから最新Androidナビに交換したら世界が変わった,2026-08-11,3639,0.0168,,,1,short,1.0,0,https://www.youtube.com/watch?v=yQS7HFZv02o,https://i.ytimg.com/vi/yQS7HFZv02o/hqdefault.jpg
チャンネル隊長,UCEgvzVCeW2MnHV-M62CxBDQ,217000,9RXiCAleZiI,【どこでも映画館】PC画面を空中に浮かす 驚きの3つの表示モード 　#RayNeo #RayNeoGTMax #SmartGlasses #ad,2026-09-20,3612,0.0166,,,1,short,1.0,0,https://www.youtube.com/watch?v=9RXiCAleZiI,https://i.ytimg.com/vi/9RXiCAleZiI/hqdefault.jpg
チャンネル隊長,UCEgvzVCeW2MnHV-M62CxBDQ,217000,XnwFYSjEpc4,【神コスパ】2万円台で天井が映画館に！iSinbox AC311を本音レビュー【スマートプロジェクター】,2026-07-12,3565,0.0164,10:19,619,0,video,1.0,0,https://www.youtube.com/watch?v=XnwFYSjEpc4,https://i.ytimg.com/vi/XnwFYSjEpc4/hqdefault.jpg
チャンネル隊長,UCEgvzVCeW2MnHV-M62CxBDQ,217000,rwRKvfOSX4s,自分そっくりのフィギュアを ラジコンで引きずってみた,2026-05-21,3478,0.0160,,,1,short,1.0,0,https://www.youtube.com/watch?v=rwRKvfOSX4s,https://i.ytimg.com/vi/rwRKvfOSX4s/hqdefault.jpg
チャンネル隊長,UCEgvzVCeW2MnHV-M62CxBDQ,217000,OIMvN1avpcY,【古民家DIY】1.5万円で激変！ 風水を取り入れた書斎　#風水 #DIY #賃貸 #デスク,2026-05-06,3420,0.0158,,,1,short,1.0,0,https://www.youtube.com/watch?v=OIMvN1avpcY,https://i.ytimg.com/vi/OIMvN1avpcY/hqdefault.jpg
チャンネル隊長,UCEgvzVCeW2MnHV-M62CxBDQ,217000,VfcypV-xyUo,30万円の修理代を払う？ 給油口に入れるだけの解決策　#カー用品 #ディーゼル #煤殺し極,2026-05-22,3224,0.0149,,,1,short,1.0,0,https://www.youtube.com/watch?v=VfcypV-xyUo,https://i.ytimg.com/vi/VfcypV-xyUo/hqdefault.jpg
チャンネル隊長,UCEgvzVCeW2MnHV-M62CxBDQ,217000,vrfj5kehwsw,生後3か月の娘、歌いだす,2026-03-25,3196,0.0147,,,1,short,1.0,0,https://www.youtube.com/watch?v=vrfj5kehwsw,https://i.ytimg.com/vi/vrfj5kehwsw/hqdefault.jpg
チャンネル隊長,UCEgvzVCeW2MnHV-M62CxBDQ,217000,eXr4_M5dWpY,写真1枚で自分を3D化？ 最新AIの再現度が凄すぎる,2026-06-01,3133,0.0144,,,1,short,1.0,0,https://www.youtube.com/watch?v=eXr4_M5dWpY,https://i.ytimg.com/vi/eXr4_M5dWpY/hqdefault.jpg
チャンネル隊長,UCEgvzVCeW2MnHV-M62CxBDQ,217000,vVG7T6TMUuo,ついに秘密基地完成 暗闇を照らす感動の瞬間,2026-03-20,3098,0.0143,,,1,short,1.0,0,https://www.youtube.com/watch?v=vVG7T6TMUuo,https://i.ytimg.com/vi/vVG7T6TMUuo/hqdefault.jpg
チャンネル隊長,UCEgvzVCeW2MnHV-M62CxBDQ,217000,L5erDBOTynw,片手で持てる驚き カーボンフレームの秘密【ERWAY-A06】,2026-03-21,3092,0.0142,,,1,short,1.0,0,https://www.youtube.com/watch?v=L5erDBOTynw,https://i.ytimg.com/vi/L5erDBOTynw/hqdefault.jpg
チャンネル隊長,UCEgvzVCeW2MnHV-M62CxBDQ,217000,3eLCb-3eP_s,驚異の燃費を記録 激安中古軽自動車がエコカーに,2026-03-16,3084,0.0142,,,1,short,1.0,0,https://www.youtube.com/watch?v=3eLCb-3eP_s,https://i.ytimg.com/vi/3eLCb-3eP_s/hqdefault.jpg
チャンネル隊長,UCEgvzVCeW2MnHV-M62CxBDQ,217000,vxIaZ2KxORg,HDMIは24年前？ もう無線でいい時代へ,2026-03-19,3052,0.0141,,,1,short,1.0,0,https://www.youtube.com/watch?v=vxIaZ2KxORg,https://i.ytimg.com/vi/vxIaZ2KxORg/hqdefault.jpg
チャンネル隊長,UCEgvzVCeW2MnHV-M62CxBDQ,217000,HQD4ay8uxCc,最大容量144テラバイト！自宅にコスパ最強NASを設置してみた！ 【UGREEN DXP4800GT】　#NAS #クラウド #ガジェット,2026-06-29,2955,0.0136,,,1,short,1.0,0,https://www.youtube.com/watch?v=HQD4ay8uxCc,https://i.ytimg.com/vi/HQD4ay8uxCc/hqdefault.jpg
チャンネル隊長,UCEgvzVCeW2MnHV-M62CxBDQ,217000,9b86TVlVw44,時速130キロの豆車 止まれない爆速加速,2026-06-07,2918,0.0134,,,1,short,1.0,0,https://www.youtube.com/watch?v=9b86TVlVw44,https://i.ytimg.com/vi/9b86TVlVw44/hqdefault.jpg
チャンネル隊長,UCEgvzVCeW2MnHV-M62CxBDQ,217000,N5OzohBC83c,都会の信号に困惑 恐怖の機能に震える男,2026-03-16,2766,0.0127,,,1,short,1.0,0,https://www.youtube.com/watch?v=N5OzohBC83c,https://i.ytimg.com/vi/N5OzohBC83c/hqdefault.jpg
チャンネル隊長,UCEgvzVCeW2MnHV-M62CxBDQ,217000,QyJ5tcnULj8,自分フィギュアで組体操？ カオスすぎる遊び方が爆笑,2026-05-21,2730,0.0126,,,1,short,1.0,0,https://www.youtube.com/watch?v=QyJ5tcnULj8,https://i.ytimg.com/vi/QyJ5tcnULj8/hqdefault.jpg
チャンネル隊長,UCEgvzVCeW2MnHV-M62CxBDQ,217000,Iv_AE18mA8Y,10万円を切る衝撃 コスパ最強モデルがこれ【SAGALite】,2026-03-17,2724,0.0126,,,1,short,1.0,0,https://www.youtube.com/watch?v=Iv_AE18mA8Y,https://i.ytimg.com/vi/Iv_AE18mA8Y/hqdefault.jpg
チャンネル隊長,UCEgvzVCeW2MnHV-M62CxBDQ,217000,5kkKz7-p0Xg,車の中で64起動 一発でつくか大検証,2026-03-16,2708,0.0125,,,1,short,1.0,0,https://www.youtube.com/watch?v=5kkKz7-p0Xg,https://i.ytimg.com/vi/5kkKz7-p0Xg/hqdefault.jpg
チャンネル隊長,UCEgvzVCeW2MnHV-M62CxBDQ,217000,CDdPxLXn4Uw,PCスキルの意外な正体 動機が不純すぎて爆笑,2026-03-19,2699,0.0124,,,1,short,1.0,0,https://www.youtube.com/watch?v=CDdPxLXn4Uw,https://i.ytimg.com/vi/CDdPxLXn4Uw/hqdefault.jpg
チャンネル隊長,UCEgvzVCeW2MnHV-M62CxBDQ,217000,NkOJLrC_yr8,初投稿はこれだった伝説のゲーム「ブラストドーザー」,2026-03-16,2649,0.0122,,,1,short,1.0,0,https://www.youtube.com/watch?v=NkOJLrC_yr8,https://i.ytimg.com/vi/NkOJLrC_yr8/hqdefault.jpg
チャンネル隊長,UCEgvzVCeW2MnHV-M62CxBDQ,217000,4o8eTY8HURE,坂道もグイグイ登る 驚きのパワーを徹底検証,2026-03-17,2645,0.0122,,,1,short,1.0,0,https://www.youtube.com/watch?v=4o8eTY8HURE,https://i.ytimg.com/vi/4o8eTY8HURE/hqdefault.jpg
チャンネル隊長,UCEgvzVCeW2MnHV-M62CxBDQ,217000,jLmqe1Ydlk8,日光だけで80W！ 驚異のソーラー発電,2026-03-19,2609,0.0120,,,1,short,1.0,0,https://www.youtube.com/watch?v=jLmqe1Ydlk8,https://i.ytimg.com/vi/jLmqe1Ydlk8/hqdefault.jpg
チャンネル隊長,UCEgvzVCeW2MnHV-M62CxBDQ,217000,-DWAL2cc1zE,大人になると無理 操作が難しすぎる件,2026-03-16,2602,0.0120,,,1,short,1.0,0,https://www.youtube.com/watch?v=-DWAL2cc1zE,https://i.ytimg.com/vi/-DWAL2cc1zE/hqdefault.jpg
チャンネル隊長,UCEgvzVCeW2MnHV-M62CxBDQ,217000,IaX-2rUTXmM,軽すぎてヤバい 魔法の素材で作られた車体,2026-03-17,2590,0.0119,,,1,short,1.0,0,https://www.youtube.com/watch?v=IaX-2rUTXmM,https://i.ytimg.com/vi/IaX-2rUTXmM/hqdefault.jpg
チャンネル隊長,UCEgvzVCeW2MnHV-M62CxBDQ,217000,ZD1at4s7Q5A,ラジコンに自分を乗せたい 夢の改造が最高の仕上がりに,2026-05-21,2573,0.0119,,,1,short,1.0,0,https://www.youtube.com/watch?v=ZD1at4s7Q5A,https://i.ytimg.com/vi/ZD1at4s7Q5A/hqdefault.jpg
チャンネル隊長,UCEgvzVCeW2MnHV-M62CxBDQ,217000,JzwJ5ZQ6-Gs,親の顔より見たハード 懐かしの64が車に降臨,2026-03-16,2565,0.0118,,,1,short,1.0,0,https://www.youtube.com/watch?v=JzwJ5ZQ6-Gs,https://i.ytimg.com/vi/JzwJ5ZQ6-Gs/hqdefault.jpg
チャンネル隊長,UCEgvzVCeW2MnHV-M62CxBDQ,217000,r0zr0ljO84M,激安中古のN-BOX驚愕の燃費結果がこれ,2026-03-16,2355,0.0109,,,1,short,1.0,0,https://www.youtube.com/watch?v=r0zr0ljO84M,https://i.ytimg.com/vi/r0zr0ljO84M/hqdefault.jpg
チャンネル隊長,UCEgvzVCeW2MnHV-M62CxBDQ,217000,zpxPYultd6g,電気代0円生活！？ 夢のオフグリッド基地,2026-03-19,2314,0.0107,,,1,short,1.0,0,https://www.youtube.com/watch?v=zpxPYultd6g,https://i.ytimg.com/vi/zpxPYultd6g/hqdefault.jpg
チャンネル隊長,UCEgvzVCeW2MnHV-M62CxBDQ,217000,VQ4aQ7JXPIA,黒が200色ある？ 究極の4Kプロジェクター,2026-08-10,2171,0.0100,,,1,short,1.0,0,https://www.youtube.com/watch?v=VQ4aQ7JXPIA,https://i.ytimg.com/vi/VQ4aQ7JXPIA/hqdefault.jpg
チャンネル隊長,UCEgvzVCeW2MnHV-M62CxBDQ,217000,jzKcKeH7gss,テレビの裏側のカオス 一瞬で解決する方法,2026-03-19,2094,0.0096,,,1,short,1.0,0,https://www.youtube.com/watch?v=jzKcKeH7gss,https://i.ytimg.com/vi/jzKcKeH7gss/hqdefault.jpg
チャンネル隊長,UCEgvzVCeW2MnHV-M62CxBDQ,217000,EXKqYXI5btE,AIの造形美がすごすぎる 理想のフィギュアを作る方法,2026-05-18,1753,0.0081,,,1,short,1.0,0,https://www.youtube.com/watch?v=EXKqYXI5btE,https://i.ytimg.com/vi/EXKqYXI5btE/hqdefault.jpg
